date,sales,day_of_week,day_of_month,month,year,week_of_year,is_weekend,lag_1,lag_7,lag_14,lag_28,rolling_mean_7,rolling_mean_28,rolling_std_7,rolling_std_28,snap_CA,has_event_1,has_event_2,has_any_event,event_type_cultural,event_type_national,event_type_religious,event_type_sporting,is_superbowl,is_valentines,is_christmas
2011-02-26,3719,5,26,2,2011,8,1,2701.0,4553.0,4316.0,4337.0,3102.285714285714,3258.178571428572,863.6001610092708,851.3898029462455,0,0,0,0,0,0,0,0,0,0,0
2011-02-27,3548,6,27,2,2011,8,1,3719.0,3966.0,4354.0,4155.0,2983.1428571428573,3236.1071428571427,664.7343902069532,830.1317315938127,0,0,0,0,0,0,0,0,0,0,0
2011-02-28,2246,0,28,2,2011,9,0,3548.0,3264.0,2757.0,2816.0,2923.428571428572,3214.428571428572,574.3584412608728,812.9953500195677,0,0,0,0,0,0,0,0,0,0,0
2011-03-01,2549,1,1,3,2011,9,0,2246.0,2441.0,2430.0,3051.0,2778.0,3194.0714285714284,601.9689914494493,830.2936530315949,1,0,0,0,0,0,0,0,0,0,0
2011-03-02,2559,2,2,3,2011,9,0,2549.0,2377.0,2272.0,2630.0,2793.428571428572,3176.1428571428573,593.2124007309294,838.8729526500606,1,0,0,0,0,0,0,0,0,0,0
2011-03-03,2568,3,3,3,2011,9,0,2559.0,2414.0,2009.0,3276.0,2819.428571428572,3173.6071428571427,575.6471306691448,840.6902956977816,1,0,0,0,0,0,0,0,0,0,0
2011-03-04,2978,4,4,3,2011,9,0,2568.0,2701.0,3015.0,3450.0,2841.428571428572,3148.3214285714284,560.3085034582462,848.1111498422672,1,0,0,0,0,0,0,0,0,0,0
2011-03-05,4096,5,5,3,2011,9,1,2978.0,3719.0,4553.0,5437.0,2881.0,3131.464285714286,558.5164873722772,846.5822566034368,1,0,0,0,0,0,0,0,0,0,0
2011-03-06,4832,6,6,3,2011,9,1,4096.0,3548.0,3966.0,4340.0,2934.8571428571427,3083.5714285714284,661.4782507312516,742.9059772308277,1,0,0,0,0,0,0,0,0,0,0
2011-03-07,3138,0,7,3,2011,10,0,4832.0,2246.0,3264.0,3157.0,3118.285714285714,3101.1428571428573,967.2129572963262,778.6811126078989,1,0,0,0,0,0,0,0,0,0,0
2011-03-08,2997,1,8,3,2011,10,0,3138.0,2549.0,2441.0,2995.0,3245.714285714286,3100.464285714286,888.7111856101347,778.6389113271981,1,0,0,0,0,0,0,0,0,0,0
2011-03-09,2772,2,9,3,2011,10,0,2997.0,2559.0,2377.0,2710.0,3309.714285714286,3100.535714285714,845.2436954878189,778.6289698895893,1,1,0,1,0,0,1,0,0,0,0
2011-03-10,2650,3,10,3,2011,10,0,2772.0,2568.0,2414.0,2928.0,3340.1428571428573,3102.75,817.0786230164612,777.5646513551379,1,0,0,0,0,0,0,0,0,0,0
2011-03-11,3249,4,11,3,2011,10,0,2650.0,2978.0,2701.0,3078.0,3351.8571428571427,3092.8214285714284,804.6569514543509,781.6428119350524,0,0,0,0,0,0,0,0,0,0,0
2011-03-12,4114,5,12,3,2011,10,1,3249.0,4096.0,3719.0,4316.0,3390.5714285714284,3098.928571428572,790.0586174757029,782.1905578457649,0,0,0,0,0,0,0,0,0,0,0
2011-03-13,4094,6,13,3,2011,10,1,4114.0,4832.0,3548.0,4354.0,3393.1428571428573,3091.714285714286,792.7619290748491,771.4067408237756,0,0,0,0,0,0,0,0,0,0,0
2011-03-14,2880,0,14,3,2011,11,0,4094.0,3138.0,2246.0,2757.0,3287.714285714286,3082.428571428572,593.564575056417,757.0812094299778,0,0,0,0,0,0,0,0,0,0,0
2011-03-15,2384,1,15,3,2011,11,0,2880.0,2997.0,2549.0,2430.0,3250.8571428571427,3086.8214285714284,612.1302771391694,755.4781685975533,0,0,0,0,0,0,0,0,0,0,0
2011-03-16,2522,2,16,3,2011,11,0,2384.0,2772.0,2559.0,2272.0,3163.285714285714,3085.178571428572,693.0052222712599,757.0078552149528,0,1,0,1,0,0,1,0,0,0,0
2011-03-17,2435,3,17,3,2011,11,0,2522.0,2650.0,2568.0,2009.0,3127.5714285714284,3094.1071428571427,722.351681925745,748.4879246056167,0,1,0,1,1,0,0,0,0,0,0
2011-03-18,2744,4,18,3,2011,11,0,2435.0,3249.0,2978.0,3015.0,3096.8571428571427,3109.3214285714284,750.0809797551703,729.7083665852751,0,0,0,0,0,0,0,0,0,0,0
2011-03-19,4142,5,19,3,2011,11,1,2744.0,4114.0,4096.0,4553.0,3024.714285714286,3099.6428571428573,757.2601301811055,732.7964304400018,0,0,0,0,0,0,0,0,0,0,0
2011-03-20,3904,6,20,3,2011,11,1,4142.0,4094.0,4832.0,3966.0,3028.714285714286,3084.964285714286,764.0167350448364,706.2413543039664,0,1,0,1,0,0,1,0,0,0,0
2011-03-21,2635,0,21,3,2011,12,0,3904.0,2880.0,3138.0,3264.0,3001.5714285714284,3082.75,722.0876809969958,703.4684770109805,0,0,0,0,0,0,0,0,0,0,0
2011-03-22,2458,1,22,3,2011,12,0,2635.0,2384.0,2997.0,2441.0,2966.5714285714284,3060.285714285714,734.7883725134419,707.4977218726762,0,0,0,0,0,0,0,0,0,0,0
2011-03-23,2079,2,23,3,2011,12,0,2458.0,2522.0,2772.0,2377.0,2977.1428571428573,3060.8928571428573,725.4833856520376,706.953680670634,0,0,0,0,0,0,0,0,0,0,0
2011-03-24,2281,3,24,3,2011,12,0,2079.0,2435.0,2650.0,2414.0,2913.8571428571427,3050.25,788.3978328592382,719.7578618046696,0,0,0,0,0,0,0,0,0,0,0
2011-03-25,2740,4,25,3,2011,12,0,2281.0,2744.0,3249.0,2701.0,2891.8571428571427,3045.5,805.9407398751329,724.5352788997722,0,0,0,0,0,0,0,0,0,0,0
2011-03-26,3899,5,26,3,2011,12,1,2740.0,4142.0,4114.0,3719.0,2891.285714285714,3046.8928571428573,806.0644544711702,723.8856743828543,0,0,0,0,0,0,0,0,0,0,0
2011-03-27,3999,6,27,3,2011,12,1,3899.0,3904.0,4094.0,3548.0,2856.5714285714284,3053.3214285714284,746.2356323894079,730.8413240952451,0,0,0,0,0,0,0,0,0,0,0
2011-03-28,2780,0,28,3,2011,13,0,3999.0,2635.0,2880.0,2246.0,2870.1428571428573,3069.428571428572,768.9769022477052,746.9399514052593,0,0,0,0,0,0,0,0,0,0,0
2011-03-29,2167,1,29,3,2011,13,0,2780.0,2458.0,2384.0,2549.0,2890.8571428571427,3088.5,763.5206673848521,731.8006964052845,0,0,0,0,0,0,0,0,0,0,0
2011-03-30,2247,2,30,3,2011,13,0,2167.0,2079.0,2522.0,2559.0,2849.285714285714,3074.8571428571427,798.1530167174956,745.6605679125607,0,0,0,0,0,0,0,0,0,0,0
2011-03-31,2576,3,31,3,2011,13,0,2247.0,2281.0,2435.0,2568.0,2873.285714285714,3063.714285714286,773.2685420313169,755.9155281605781,0,0,0,0,0,0,0,0,0,0,0
2011-04-01,3500,4,1,4,2011,13,0,2576.0,2740.0,2744.0,2978.0,2915.428571428572,3064.0,743.0578391894892,755.7227102680022,1,0,0,0,0,0,0,0,0,0,0
2011-04-02,4325,5,2,4,2011,13,1,3500.0,3899.0,4142.0,4096.0,3024.0,3082.6428571428573,768.2495254364519,759.9493752284114,1,0,0,0,0,0,0,0,0,0,0
2011-04-03,4396,6,3,4,2011,13,1,4325.0,3999.0,3904.0,4832.0,3084.8571428571427,3090.8214285714284,860.4548077560358,772.3894648749007,1,0,0,0,0,0,0,0,0,0,0
2011-04-04,3642,0,4,4,2011,14,0,4396.0,2780.0,2635.0,3138.0,3141.5714285714284,3075.25,940.1434034484416,739.689806107438,1,0,0,0,0,0,0,0,0,0,0
2011-04-05,2784,1,5,4,2011,14,0,3642.0,2167.0,2458.0,2997.0,3264.714285714286,3093.25,941.3433157436442,747.3658246976014,1,0,0,0,0,0,0,0,0,0,0
2011-04-06,2602,2,6,4,2011,14,0,2784.0,2247.0,2079.0,2772.0,3352.8571428571427,3085.6428571428573,845.4277868967539,749.4628799784606,1,0,0,0,0,0,0,0,0,0,0
2011-04-07,2976,3,7,4,2011,14,0,2602.0,2576.0,2281.0,2650.0,3403.5714285714284,3079.5714285714284,775.8169580390419,752.7790698753042,1,0,0,0,0,0,0,0,0,0,0
2011-04-08,3294,4,8,4,2011,14,0,2976.0,3500.0,2740.0,3249.0,3460.714285714286,3091.214285714286,717.2211918893906,748.3973175884217,1,0,0,0,0,0,0,0,0,0,0
2011-04-09,4083,5,9,4,2011,14,1,3294.0,4325.0,3899.0,4114.0,3431.285714285714,3092.8214285714284,719.5629956868994,748.7969142451568,1,0,0,0,0,0,0,0,0,0,0
2011-04-10,4194,6,10,4,2011,14,1,4083.0,4396.0,3999.0,4094.0,3396.714285714286,3091.714285714286,673.8280478692159,747.2524417090998,1,0,0,0,0,0,0,0,0,0,0
2011-04-11,3015,0,11,4,2011,15,0,4194.0,3642.0,2780.0,2880.0,3367.8571428571427,3095.285714285714,626.5685460164299,752.441155919646,0,0,0,0,0,0,0,0,0,0,0
2011-04-12,2512,1,12,4,2011,15,0,3015.0,2784.0,2167.0,2384.0,3278.285714285714,3100.1071428571427,625.6625060114852,751.4424321503137,0,0,0,0,0,0,0,0,0,0,0
2011-04-13,2217,2,13,4,2011,15,0,2512.0,2602.0,2247.0,2522.0,3239.428571428572,3104.678571428572,668.4593872337741,747.3025592618862,0,0,0,0,0,0,0,0,0,0,0
2011-04-14,2520,3,14,4,2011,15,0,2217.0,2976.0,2576.0,2435.0,3184.428571428572,3093.785714285714,741.4959782185513,758.2530290639504,0,0,0,0,0,0,0,0,0,0,0
2011-04-15,2867,4,15,4,2011,15,0,2520.0,3294.0,3500.0,2744.0,3119.285714285714,3096.8214285714284,781.7944559975929,755.6836518980887,0,0,0,0,0,0,0,0,0,0,0
2011-04-16,3571,5,16,4,2011,15,1,2867.0,4083.0,4325.0,4142.0,3058.285714285714,3101.214285714286,782.5483402077508,753.9121354219654,0,0,0,0,0,0,0,0,0,0,0
2011-04-17,4084,6,17,4,2011,15,1,3571.0,4194.0,4396.0,3904.0,2985.1428571428573,3080.8214285714284,689.1636062579606,732.1246126259507,0,0,0,0,0,0,0,0,0,0,0
2011-04-18,2760,0,18,4,2011,16,0,4084.0,3015.0,3642.0,2635.0,2969.428571428572,3087.25,657.5334863824708,740.3643059707535,0,0,0,0,0,0,0,0,0,0,0
2011-04-19,2234,1,19,4,2011,16,0,2760.0,2512.0,2784.0,2458.0,2933.0,3091.714285714286,661.6388743113581,737.9091009533906,0,0,0,0,0,0,0,0,0,0,0
2011-04-20,2261,2,20,4,2011,16,0,2234.0,2217.0,2602.0,2079.0,2893.285714285714,3083.714285714286,698.4405759227046,746.2015841800419,0,0,0,0,0,0,0,0,0,0,0
2011-04-21,2487,3,21,4,2011,16,0,2261.0,2520.0,2976.0,2281.0,2899.5714285714284,3090.214285714286,691.5034001224822,737.8717823550154,0,0,0,0,0,0,0,0,0,0,0
2011-04-22,3155,4,22,4,2011,16,0,2487.0,2867.0,3294.0,2740.0,2894.8571428571427,3097.5714285714284,694.6278208679888,730.4945776953639,0,0,0,0,0,0,0,0,0,0,0
2011-04-23,4187,5,23,4,2011,16,1,3155.0,3571.0,4083.0,3899.0,2936.0,3112.3928571428573,701.2008746904611,727.1734389521253,0,0,0,0,0,0,0,0,0,0,0
2011-04-24,2946,6,24,4,2011,16,1,4187.0,4084.0,4194.0,3999.0,3024.0,3122.678571428572,822.3608291579399,740.6243639070337,0,1,1,1,1,0,1,0,0,0,0
2011-04-25,2439,0,25,4,2011,17,0,2946.0,2760.0,3015.0,2780.0,2861.428571428572,3085.0714285714284,677.635806104051,720.9519390449673,0,0,0,0,0,0,0,0,0,0,0
2011-04-26,2085,1,26,4,2011,17,0,2439.0,2234.0,2512.0,2167.0,2815.5714285714284,3072.8928571428573,696.2494421644351,729.1299401181653,0,1,0,1,0,0,1,0,0,0,0
2011-04-27,2096,2,27,4,2011,17,0,2085.0,2261.0,2217.0,2247.0,2794.285714285714,3069.964285714286,718.9016423882845,733.0573461546666,0,0,0,0,0,0,0,0,0,0,0
2011-04-28,2086,3,28,4,2011,17,0,2096.0,2487.0,2520.0,2576.0,2770.714285714286,3064.5714285714284,741.6465272814085,739.8597178630569,0,0,0,0,0,0,0,0,0,0,0
2011-04-29,2675,4,29,4,2011,17,0,2086.0,3155.0,2867.0,3500.0,2713.428571428572,3047.0714285714284,781.6228538843317,757.4303502301287,0,0,0,0,0,0,0,0,0,0,0
2011-04-30,3560,5,30,4,2011,17,1,2675.0,4187.0,3571.0,4325.0,2644.8571428571427,3017.6071428571427,757.0978423276244,755.2018292549701,0,0,0,0,0,0,0,0,0,0,0
2011-05-01,3668,6,1,5,2011,17,1,3560.0,2946.0,4084.0,4396.0,2555.285714285714,2990.285714285714,554.1214410475138,719.1280140066167,1,0,0,0,0,0,0,0,0,0,0
2011-05-02,2911,0,2,5,2011,18,0,3668.0,2439.0,2760.0,3642.0,2658.428571428572,2964.285714285714,689.6025080056054,678.4310252963496,1,0,0,0,0,0,0,0,0,0,0
2011-05-03,2839,1,3,5,2011,18,0,2911.0,2085.0,2234.0,2784.0,2725.8571428571427,2938.178571428572,687.6441493901319,665.3239842123942,1,0,0,0,0,0,0,0,0,0,0
2011-05-04,2610,2,4,5,2011,18,0,2839.0,2096.0,2261.0,2602.0,2833.5714285714284,2940.1428571428573,626.8989437814421,664.933007724767,1,0,0,0,0,0,0,0,0,0,0
2011-05-05,2384,3,5,5,2011,18,0,2610.0,2086.0,2487.0,2976.0,2907.0,2940.428571428572,551.7010059805964,664.7840322419077,1,1,0,1,1,0,0,0,0,0,0
2011-05-06,3125,4,6,5,2011,18,0,2384.0,2675.0,3155.0,3294.0,2949.5714285714284,2919.285714285714,485.2912723794042,672.9743739077352,1,0,0,0,0,0,0,0,0,0,0
2011-05-07,3816,5,7,5,2011,18,1,3125.0,3560.0,4187.0,4083.0,3013.8571428571427,2913.25,472.4938901091507,670.2415056723406,1,0,0,0,0,0,0,0,0,0,0
2011-05-08,3033,6,8,5,2011,18,1,3816.0,3668.0,2946.0,4194.0,3050.428571428572,2903.714285714286,528.4098337284747,654.7019597379074,1,1,0,1,1,0,0,0,0,0,0
2011-05-09,3069,0,9,5,2011,19,0,3033.0,2911.0,2439.0,3015.0,2959.714285714286,2862.25,453.98374210453846,604.8223874579801,1,0,0,0,0,0,0,0,0,0,0
2011-05-10,2985,1,10,5,2011,19,0,3069.0,2839.0,2085.0,2512.0,2982.285714285714,2864.178571428572,455.08450288040655,605.4132995132447,1,0,0,0,0,0,0,0,0,0,0
2011-05-11,2629,2,11,5,2011,19,0,2985.0,2610.0,2096.0,2217.0,3003.1428571428573,2881.0714285714284,450.7480554853359,601.8108432101332,0,0,0,0,0,0,0,0,0,0,0
2011-05-12,2277,3,12,5,2011,19,0,2629.0,2384.0,2086.0,2520.0,3005.8571428571427,2895.785714285714,448.0351282996436,589.8916006599017,0,0,0,0,0,0,0,0,0,0,0
2011-05-13,3008,4,13,5,2011,19,0,2277.0,3125.0,2675.0,2867.0,2990.5714285714284,2887.1071428571427,473.8677231544907,597.3651615581433,0,0,0,0,0,0,0,0,0,0,0
2011-05-14,3754,5,14,5,2011,19,1,3008.0,3816.0,3560.0,3571.0,2973.8571428571427,2892.1428571428573,470.3865178664012,597.7835427821382,0,0,0,0,0,0,0,0,0,0,0
2011-05-15,3822,6,15,5,2011,19,1,3754.0,3033.0,3668.0,4084.0,2965.0,2898.678571428572,452.1153982484288,606.418572810675,0,0,0,0,0,0,0,0,0,0,0
2011-05-16,2582,0,16,5,2011,20,0,3822.0,3069.0,2911.0,2760.0,3077.714285714286,2889.3214285714284,557.8744525087221,589.2291922548402,0,0,0,0,0,0,0,0,0,0,0
2011-05-17,2144,1,17,5,2011,20,0,2582.0,2985.0,2839.0,2234.0,3008.1428571428573,2882.964285714286,588.6593323169279,591.6314219325998,0,0,0,0,0,0,0,0,0,0,0
2011-05-18,2174,2,18,5,2011,20,0,2144.0,2629.0,2610.0,2261.0,2888.0,2879.75,673.8305919640849,595.5194822201069,0,0,0,0,0,0,0,0,0,0,0
2011-05-19,2168,3,19,5,2011,20,0,2174.0,2277.0,2384.0,2487.0,2823.0,2876.6428571428573,723.1212438680915,599.083696266453,0,0,0,0,0,0,0,0,0,0,0
2011-05-20,2664,4,20,5,2011,20,0,2168.0,3008.0,3125.0,3155.0,2807.428571428572,2865.25,737.8615175272537,609.7070714391982,0,0,0,0,0,0,0,0,0,0,0
2011-05-21,3463,5,21,5,2011,20,1,2664.0,3754.0,3816.0,4187.0,2758.285714285714,2847.714285714286,733.7205903897665,608.1236994744033,0,0,0,0,0,0,0,0,0,0,0
2011-05-22,3597,6,22,5,2011,20,1,3463.0,3822.0,3033.0,2946.0,2716.714285714286,2821.8571428571427,673.6905111116733,562.7695873673428,0,0,0,0,0,0,0,0,0,0,0
2011-05-23,2461,0,23,5,2011,21,0,3597.0,2582.0,3069.0,2439.0,2684.5714285714284,2845.1071428571427,614.9752995426907,581.2330022547357,0,0,0,0,0,0,0,0,0,0,0
2011-05-24,2160,1,24,5,2011,21,0,2461.0,2144.0,2985.0,2085.0,2667.285714285714,2845.8928571428573,620.0187401161687,580.6782968146262,0,0,0,0,0,0,0,0,0,0,0
2011-05-25,2251,2,25,5,2011,21,0,2160.0,2174.0,2629.0,2096.0,2669.5714285714284,2848.5714285714284,617.7936163323117,577.2010002668007,0,0,0,0,0,0,0,0,0,0,0
2011-05-26,2296,3,26,5,2011,21,0,2251.0,2168.0,2277.0,2086.0,2680.5714285714284,2854.1071428571427,608.1087778632115,570.4194908158785,0,0,0,0,0,0,0,0,0,0,0
2011-05-27,2642,4,27,5,2011,21,0,2296.0,2664.0,3008.0,2675.0,2698.8571428571427,2861.6071428571427,591.8337121668094,561.2531177368307,0,0,0,0,0,0,0,0,0,0,0
2011-05-28,3214,5,28,5,2011,21,1,2642.0,3463.0,3754.0,3560.0,2695.714285714286,2860.428571428572,592.1080178159284,561.6939609966502,0,0,0,0,0,0,0,0,0,0,0
2011-05-29,3202,6,29,5,2011,21,1,3214.0,3597.0,3822.0,3668.0,2660.1428571428573,2848.0714285714284,543.842326589683,549.4050606200503,0,0,0,0,0,0,0,0,0,0,0
2011-05-30,2884,0,30,5,2011,22,0,3202.0,2461.0,2582.0,2911.0,2603.714285714286,2831.428571428572,441.2492546870855,530.3760670380718,0,1,0,1,0,1,0,0,0,0,0
2011-05-31,2156,1,31,5,2011,22,0,2884.0,2160.0,2144.0,2839.0,2664.1428571428573,2830.464285714286,447.3695074437678,530.2505684522329,0,1,0,1,0,0,0,1,0,0,0
2011-06-01,2529,2,1,6,2011,22,0,2156.0,2251.0,2174.0,2610.0,2663.5714285714284,2806.0714285714284,448.12269790868174,545.3385580143253,1,0,0,0,0,0,0,0,0,0,0
2011-06-02,2652,3,2,6,2011,22,0,2529.0,2296.0,2168.0,2384.0,2703.285714285714,2803.178571428572,416.6808188072829,546.6304902373665,1,0,0,0,0,0,0,0,0,0,0
2011-06-03,3200,4,3,6,2011,22,0,2652.0,2642.0,2664.0,3125.0,2754.1428571428573,2812.75,378.6777119448835,541.3396021120343,1,0,0,0,0,0,0,0,0,0,0
2011-06-04,3942,5,4,6,2011,22,1,3200.0,3214.0,3463.0,3816.0,2833.8571428571427,2815.428571428572,408.6793480515154,543.1244607768837,1,0,0,0,0,0,0,0,0,0,0
2011-06-05,3871,6,5,6,2011,22,1,3942.0,3202.0,3597.0,3033.0,2937.8571428571427,2819.928571428572,578.7735390667157,552.1683136153752,1,0,0,0,0,0,0,0,0,0,0
2011-06-06,3056,0,6,6,2011,23,0,3871.0,2884.0,2461.0,3069.0,3033.428571428572,2849.8571428571427,676.6239371918151,585.8294982827355,1,0,0,0,0,0,0,0,0,0,0
2011-06-07,2763,1,7,6,2011,23,0,3056.0,2156.0,2160.0,2985.0,3058.0,2849.3928571428573,673.4084941549229,585.6545144686079,1,0,0,0,0,0,0,0,0,0,0
2011-06-08,2884,2,8,6,2011,23,0,2763.0,2529.0,2251.0,2629.0,3144.714285714286,2841.464285714286,568.8672118885962,585.2532520606952,1,0,0,0,0,0,0,0,0,0,0
2011-06-09,2787,3,9,6,2011,23,0,2884.0,2652.0,2296.0,2277.0,3195.428571428572,2850.5714285714284,518.4148458338674,583.8068826165693,1,0,0,0,0,0,0,0,0,0,0
2011-06-10,3420,4,10,6,2011,23,0,2787.0,3200.0,2642.0,3008.0,3214.714285714286,2868.785714285714,496.8935883015981,573.1068904981935,1,0,0,0,0,0,0,0,0,0,0
2011-06-11,3588,5,11,6,2011,23,1,3420.0,3942.0,3214.0,3754.0,3246.1428571428573,2883.5,502.73101773262016,582.0329951191837,0,0,0,0,0,0,0,0,0,0,0
2011-06-12,3569,6,12,6,2011,23,1,3588.0,3871.0,3202.0,3822.0,3195.5714285714284,2877.5714285714284,434.19997587243046,573.6223708491717,0,1,0,1,0,0,0,1,0,0,0
2011-06-13,3149,0,13,6,2011,24,0,3569.0,3056.0,2884.0,2582.0,3152.428571428572,2868.535714285714,365.4663035734202,560.0262217500351,0,0,0,0,0,0,0,0,0,0,0
2011-06-14,2894,1,14,6,2011,24,0,3149.0,2763.0,2156.0,2144.0,3165.714285714286,2888.785714285714,363.0590926583508,559.5325004390893,0,0,0,0,0,0,0,0,0,0,0
2011-06-15,2679,2,15,6,2011,24,0,2894.0,2884.0,2529.0,2174.0,3184.428571428572,2915.5714285714284,341.5820336526585,540.1748981903185,0,0,0,0,0,0,0,0,0,0,0
2011-06-16,2535,3,16,6,2011,24,0,2679.0,2787.0,2652.0,2168.0,3155.1428571428573,2933.6071428571427,378.4324812395775,522.6439436164376,0,0,0,0,0,0,0,0,0,0,0
2011-06-17,2971,4,17,6,2011,24,0,2535.0,3420.0,3200.0,2664.0,3119.1428571428573,2946.714285714286,428.0270351942074,507.1033832167179,0,0,0,0,0,0,0,0,0,0,0
2011-06-18,3896,5,18,6,2011,24,1,2971.0,3588.0,3942.0,3463.0,3055.0,2957.678571428572,408.6306400650845,504.074146043015,0,0,0,0,0,0,0,0,0,0,0
2011-06-19,3109,6,19,6,2011,24,1,3896.0,3569.0,3871.0,3597.0,3099.0,2973.1428571428573,485.0281778756094,526.3026670600268,0,1,0,1,1,0,0,0,0,0,0
2011-06-20,2848,0,20,6,2011,25,0,3109.0,3149.0,3056.0,2461.0,3033.285714285714,2955.714285714286,439.7888562654115,512.7849059677555,0,0,0,0,0,0,0,0,0,0,0
2011-06-21,2936,1,21,6,2011,25,0,2848.0,2894.0,2763.0,2160.0,2990.285714285714,2969.535714285714,441.3017540133269,504.0986442371108,0,0,0,0,0,0,0,0,0,0,0
2011-06-22,2557,2,22,6,2011,25,0,2936.0,2679.0,2884.0,2251.0,2996.285714285714,2997.25,440.0582212562774,478.6318174407825,0,0,0,0,0,0,0,0,0,0,0
2011-06-23,2624,3,23,6,2011,25,0,2557.0,2535.0,2787.0,2296.0,2978.8571428571427,3008.178571428572,456.8155822544553,464.2386880946152,0,0,0,0,0,0,0,0,0,0,0
2011-06-24,3071,4,24,6,2011,25,0,2624.0,2971.0,3420.0,2642.0,2991.5714285714284,3019.8928571428573,443.4459219727773,449.5070006693927,0,0,0,0,0,0,0,0,0,0,0
2011-06-25,3354,5,25,6,2011,25,1,3071.0,3896.0,3588.0,3214.0,3005.8571428571427,3035.214285714286,444.2827285154618,443.419486795338,0,0,0,0,0,0,0,0,0,0,0
2011-06-26,3672,6,26,6,2011,25,1,3354.0,3109.0,3569.0,3202.0,2928.428571428572,3040.214285714286,280.2396933239235,446.2901694457486,0,0,0,0,0,0,0,0,0,0,0
2011-06-27,2912,0,27,6,2011,26,0,3672.0,2848.0,3149.0,2884.0,3008.8571428571427,3057.0,397.1181304395586,461.1905687898879,0,0,0,0,0,0,0,0,0,0,0
2011-06-28,2200,1,28,6,2011,26,0,2912.0,2936.0,2894.0,2156.0,3018.0,3058.0,393.5178945528832,460.8317761677524,0,0,0,0,0,0,0,0,0,0,0
2011-06-29,2166,2,29,6,2011,26,0,2200.0,2557.0,2679.0,2529.0,2912.8571428571427,3059.5714285714284,502.3532716364158,457.7064746441943,0,0,0,0,0,0,0,0,0,0,0
2011-06-30,2542,3,30,6,2011,26,0,2166.0,2624.0,2535.0,2652.0,2857.0,3046.6071428571427,566.1969621960199,477.982979650927,0,0,0,0,0,0,0,0,0,0,0
2011-07-01,3681,4,1,7,2011,26,0,2542.0,3071.0,2971.0,3200.0,2845.285714285714,3042.678571428572,572.6327253093725,481.7833425445911,1,0,0,0,0,0,0,0,0,0,0
2011-07-02,4276,5,2,7,2011,26,1,3681.0,3354.0,3896.0,3942.0,2932.428571428572,3059.8571428571427,653.4222364196218,495.9671221395485,1,0,0,0,0,0,0,0,0,0,0
2011-07-03,3885,6,3,7,2011,26,1,4276.0,3672.0,3109.0,3871.0,3064.1428571428573,3071.785714285714,823.3857800916552,521.3371239662454,1,0,0,0,0,0,0,0,0,0,0
2011-07-04,2672,0,4,7,2011,27,0,3885.0,2912.0,2848.0,3056.0,3094.5714285714284,3072.285714285714,852.9966504707309,522.1381154830694,1,1,0,1,0,1,0,0,0,0,0
2011-07-05,3177,1,5,7,2011,27,0,2672.0,2200.0,2936.0,2763.0,3060.285714285714,3058.5714285714284,866.2779989290806,527.5961859696628,1,0,0,0,0,0,0,0,0,0,0
2011-07-06,3542,2,6,7,2011,27,0,3177.0,2166.0,2557.0,2884.0,3199.8571428571427,3073.3571428571427,778.8661478010689,524.7998005790686,1,0,0,0,0,0,0,0,0,0,0
2011-07-07,3362,3,7,7,2011,27,0,3542.0,2542.0,2624.0,2787.0,3396.428571428572,3096.8571428571427,634.7589718790525,530.7055900218337,1,0,0,0,0,0,0,0,0,0,0
2011-07-08,3252,4,8,7,2011,27,0,3362.0,3681.0,3071.0,3420.0,3513.5714285714284,3117.3928571428573,515.201208960426,529.3947864751683,1,0,0,0,0,0,0,0,0,0,0
2011-07-09,3923,5,9,7,2011,27,1,3252.0,4276.0,3354.0,3588.0,3452.285714285714,3111.3928571428573,517.4761554202962,526.783695808167,1,0,0,0,0,0,0,0,0,0,0
2011-07-10,4286,6,10,7,2011,27,1,3923.0,3885.0,3672.0,3569.0,3401.8571428571427,3123.3571428571427,434.3491025167916,541.6050367869699,1,0,0,0,0,0,0,0,0,0,0
2011-07-11,2785,0,11,7,2011,28,0,4286.0,2672.0,2912.0,3149.0,3459.1428571428573,3148.964285714286,525.5576177012456,579.1070061769012,0,0,0,0,0,0,0,0,0,0,0
2011-07-12,2380,1,12,7,2011,28,0,2785.0,3177.0,2200.0,2894.0,3475.285714285714,3135.964285714286,498.3832910139582,583.177470106837,0,0,0,0,0,0,0,0,0,0,0
2011-07-13,2501,2,13,7,2011,28,0,2380.0,3542.0,2166.0,2679.0,3361.428571428572,3117.6071428571427,646.8188456187859,598.9525016279241,0,0,0,0,0,0,0,0,0,0,0
2011-07-14,2467,3,14,7,2011,28,0,2501.0,3362.0,2542.0,2535.0,3212.714285714286,3111.25,714.5123545201338,604.6972689181226,0,0,0,0,0,0,0,0,0,0,0
2011-07-15,2922,4,15,7,2011,28,0,2467.0,3252.0,3681.0,2971.0,3084.8571428571427,3108.8214285714284,761.8550668317068,607.2285586883836,0,0,0,0,0,0,0,0,0,0,0
2011-07-16,3688,5,16,7,2011,28,1,2922.0,3923.0,4276.0,3896.0,3037.714285714286,3107.0714285714284,759.9964285630383,607.7108796356312,0,0,0,0,0,0,0,0,0,0,0
2011-07-17,3587,6,17,7,2011,28,1,3688.0,4286.0,3885.0,3109.0,3004.1428571428573,3099.6428571428573,718.4263888461213,598.9176171806198,0,0,0,0,0,0,0,0,0,0,0
2011-07-18,2936,0,18,7,2011,29,0,3587.0,2785.0,2672.0,2848.0,2904.285714285714,3116.714285714286,535.9700595760063,605.9651534500697,0,0,0,0,0,0,0,0,0,0,0
2011-07-19,2373,1,19,7,2011,29,0,2936.0,2380.0,3177.0,2936.0,2925.8571428571427,3119.8571428571427,533.4014837410425,604.7468227090728,0,0,0,0,0,0,0,0,0,0,0
2011-07-20,2511,2,20,7,2011,29,0,2373.0,2501.0,3542.0,2557.0,2924.8571428571427,3099.75,534.6006074854502,620.2471804166579,0,0,0,0,0,0,0,0,0,0,0
2011-07-21,2585,3,21,7,2011,29,0,2511.0,2467.0,3362.0,2624.0,2926.285714285714,3098.1071428571427,533.2909506969352,621.7969979131099,0,0,0,0,0,0,0,0,0,0,0
2011-07-22,3069,4,22,7,2011,29,0,2585.0,2922.0,3252.0,3071.0,2943.1428571428573,3096.714285714286,517.9991726413716,622.9409850856422,0,0,0,0,0,0,0,0,0,0,0
2011-07-23,3851,5,23,7,2011,29,1,3069.0,3688.0,3923.0,3354.0,2964.1428571428573,3096.6428571428573,519.9751367682356,622.9441574334112,0,0,0,0,0,0,0,0,0,0,0
2011-07-24,3773,6,24,7,2011,29,1,3851.0,3587.0,4286.0,3672.0,2987.428571428572,3114.3928571428573,559.9100693096061,637.4603743261051,0,0,0,0,0,0,0,0,0,0,0
2011-07-25,2762,0,25,7,2011,30,0,3773.0,2936.0,2785.0,2912.0,3014.0,3118.0,596.3346375987244,641.0084069478161,0,0,0,0,0,0,0,0,0,0,0
2011-07-26,2322,1,26,7,2011,30,0,2762.0,2373.0,2380.0,2200.0,2989.1428571428573,3112.6428571428573,603.7086572653609,643.4160691925849,0,0,0,0,0,0,0,0,0,0,0
2011-07-27,2337,2,27,7,2011,30,0,2322.0,2511.0,2501.0,2166.0,2981.8571428571427,3117.0,612.6256139414553,637.3917337259885,0,0,0,0,0,0,0,0,0,0,0
2011-07-28,2518,3,28,7,2011,30,0,2337.0,2585.0,2467.0,2542.0,2957.0,3123.1071428571427,637.9224090749614,628.7022694811852,0,0,0,0,0,0,0,0,0,0,0
2011-07-29,2915,4,29,7,2011,30,0,2518.0,3069.0,2922.0,3681.0,2947.428571428572,3122.25,644.8986631357582,629.5396686821599,0,0,0,0,0,0,0,0,0,0,0
2011-07-30,2930,5,30,7,2011,30,1,2915.0,3851.0,3688.0,4276.0,2925.428571428572,3094.8928571428573,642.6831404725206,620.944342903715,0,0,0,0,0,0,0,0,0,0,0
2011-07-31,3493,6,31,7,2011,30,1,2930.0,3773.0,3587.0,3885.0,2793.8571428571427,3046.8214285714284,500.0684715021332,576.6413644784017,0,0,0,0,0,0,0,0,0,0,0
2011-08-01,2860,0,1,8,2011,31,0,3493.0,2762.0,2936.0,2672.0,2753.8571428571427,3032.8214285714284,412.1672106364277,560.0580693153976,1,1,0,1,0,0,1,0,0,0,0
2011-08-02,3018,1,2,8,2011,31,0,2860.0,2322.0,2373.0,3177.0,2767.8571428571427,3039.535714285714,414.14950141683534,556.6889205227673,1,0,0,0,0,0,0,0,0,0,0
2011-08-03,2919,2,3,8,2011,31,0,3018.0,2337.0,2511.0,3542.0,2867.285714285714,3033.8571428571427,370.5175273792605,556.0453428277436,1,0,0,0,0,0,0,0,0,0,0
2011-08-04,3003,3,4,8,2011,31,0,2919.0,2518.0,2585.0,3362.0,2950.428571428572,3011.6071428571427,287.74459574587087,547.355753992384,1,0,0,0,0,0,0,0,0,0,0
2011-08-05,3450,4,5,8,2011,31,0,3003.0,2915.0,3069.0,3252.0,3019.714285714286,2998.785714285714,215.61826939116236,543.0316379257839,1,0,0,0,0,0,0,0,0,0,0
2011-08-06,3818,5,6,8,2011,31,1,3450.0,2930.0,3851.0,3923.0,3096.1428571428573,3005.8571428571427,262.1192022543891,547.7201038571726,1,0,0,0,0,0,0,0,0,0,0
2011-08-07,3930,6,7,8,2011,31,1,3818.0,3493.0,3773.0,4286.0,3223.0,3002.1071428571427,363.56200754937737,541.5327587837864,1,0,0,0,0,0,0,0,0,0,0
2011-08-08,3246,0,8,8,2011,32,0,3930.0,2860.0,2762.0,2785.0,3285.428571428572,2989.3928571428573,445.8571733723915,513.7385369928309,1,0,0,0,0,0,0,0,0,0,0
2011-08-09,2862,1,9,8,2011,32,0,3246.0,3018.0,2322.0,2380.0,3340.5714285714284,3005.8571428571427,406.6144189699684,514.3322686160011,1,0,0,0,0,0,0,0,0,0,0
2011-08-10,2699,2,10,8,2011,32,0,2862.0,2919.0,2337.0,2501.0,3318.285714285714,3023.0714285714284,430.7964385049752,500.4893108394524,1,0,0,0,0,0,0,0,0,0,0
2011-08-11,2728,3,11,8,2011,32,0,2699.0,3003.0,2518.0,2467.0,3286.8571428571427,3030.1428571428573,470.9360991937327,494.1989938300615,0,0,0,0,0,0,0,0,0,0,0
2011-08-12,3292,4,12,8,2011,32,0,2728.0,3450.0,2915.0,2922.0,3247.5714285714284,3039.464285714286,508.5318269760694,485.5698814674974,0,0,0,0,0,0,0,0,0,0,0
2011-08-13,4077,5,13,8,2011,32,1,3292.0,3818.0,2930.0,3688.0,3225.0,3052.678571428572,501.50739442870304,487.2863675173497,0,0,0,0,0,0,0,0,0,0,0
2011-08-14,4202,6,14,8,2011,32,1,4077.0,3930.0,3493.0,3587.0,3262.0,3066.5714285714284,558.8276418837326,511.0371754667113,0,0,0,0,0,0,0,0,0,0,0
2011-08-15,2879,0,15,8,2011,33,0,4202.0,3246.0,2860.0,2936.0,3300.8571428571427,3088.535714285714,619.2114416932307,546.2375336075805,0,0,0,0,0,0,0,0,0,0,0
2011-08-16,2718,1,16,8,2011,33,0,2879.0,2862.0,3018.0,2373.0,3248.428571428572,3086.5,639.8241573908822,546.9328281594716,0,0,0,0,0,0,0,0,0,0,0
2011-08-17,2577,2,17,8,2011,33,0,2718.0,2699.0,2919.0,2511.0,3227.8571428571427,3098.8214285714284,656.4189283710591,533.9967438915446,0,0,0,0,0,0,0,0,0,0,0
2011-08-18,2574,3,18,8,2011,33,0,2577.0,2728.0,3003.0,2585.0,3210.428571428572,3101.178571428572,674.1802076455172,531.4454819306959,0,0,0,0,0,0,0,0,0,0,0
2011-08-19,3080,4,19,8,2011,33,0,2574.0,3292.0,3450.0,3069.0,3188.428571428572,3100.785714285714,694.745722583176,531.8451011715828,0,0,0,0,0,0,0,0,0,0,0
2011-08-20,3702,5,20,8,2011,33,1,3080.0,4077.0,3818.0,3851.0,3158.1428571428573,3101.178571428572,694.0987990604388,531.8248147631728,0,0,0,0,0,0,0,0,0,0,0
2011-08-21,4462,6,21,8,2011,33,1,3702.0,4202.0,3930.0,3773.0,3104.5714285714284,3095.8571428571427,622.0974889149502,524.7425269374677,0,0,0,0,0,0,0,0,0,0,0
2011-08-22,2722,0,22,8,2011,34,0,4462.0,2879.0,3246.0,2762.0,3141.714285714286,3120.464285714286,701.2652171339353,571.7240646366525,0,0,0,0,0,0,0,0,0,0,0
2011-08-23,2217,1,23,8,2011,34,0,2722.0,2718.0,2862.0,2322.0,3119.285714285714,3119.035714285714,713.4724274713813,572.7020738079395,0,0,0,0,0,0,0,0,0,0,0
2011-08-24,2440,2,24,8,2011,34,0,2217.0,2577.0,2699.0,2337.0,3047.714285714286,3115.285714285714,782.2498991766671,578.4294097040548,0,0,0,0,0,0,0,0,0,0,0
2011-08-25,2483,3,25,8,2011,34,0,2440.0,2574.0,2728.0,2518.0,3028.1428571428573,3118.964285714286,797.5538495030563,573.6039078682192,0,0,0,0,0,0,0,0,0,0,0
2011-08-26,2873,4,26,8,2011,34,0,2483.0,3080.0,3292.0,2915.0,3015.1428571428573,3117.714285714286,806.8771960613403,574.9984771086337,0,0,0,0,0,0,0,0,0,0,0
2011-08-27,3769,5,27,8,2011,34,1,2873.0,3702.0,4077.0,2930.0,2985.5714285714284,3116.214285714286,807.8966223354035,575.6013510615785,0,0,0,0,0,0,0,0,0,0,0
2011-08-28,3701,6,28,8,2011,34,1,3769.0,4462.0,4202.0,3493.0,2995.1428571428573,3146.178571428572,818.1310874123275,587.2683186094131,0,0,0,0,0,0,0,0,0,0,0
2011-08-29,2407,0,29,8,2011,35,0,3701.0,2722.0,2879.0,2860.0,2886.428571428572,3153.6071428571427,616.4229763030313,593.1044089762687,0,0,0,0,0,0,0,0,0,0,0
2011-08-30,2114,1,30,8,2011,35,0,2407.0,2217.0,2718.0,3018.0,2841.428571428572,3137.428571428572,641.4181831802773,607.4157419740476,0,0,0,0,0,0,0,0,0,0,0
2011-08-31,2291,2,31,8,2011,35,0,2114.0,2440.0,2577.0,2919.0,2826.714285714286,3105.1428571428573,659.0687152555289,637.2891496938103,0,1,0,1,0,0,1,0,0,0,0
2011-09-01,2668,3,1,9,2011,35,0,2291.0,2483.0,2574.0,3003.0,2805.428571428572,3082.714285714286,675.8327843342275,654.8905962996358,1,0,0,0,0,0,0,0,0,0,0
2011-09-02,3412,4,2,9,2011,35,0,2668.0,2873.0,3080.0,3450.0,2831.8571428571427,3070.75,664.647382344311,659.4450879899506,1,0,0,0,0,0,0,0,0,0,0
2011-09-03,4127,5,3,9,2011,35,1,3412.0,3769.0,3702.0,3818.0,2908.8571428571427,3069.3928571428573,700.4649476291762,658.6743330236321,1,0,0,0,0,0,0,0,0,0,0
2011-09-04,3542,6,4,9,2011,35,1,4127.0,3701.0,4462.0,3930.0,2960.0,3080.428571428572,782.051149222352,674.0895329351273,1,0,0,0,0,0,0,0,0,0,0
2011-09-05,3485,0,5,9,2011,36,0,3542.0,2407.0,2722.0,3246.0,2937.285714285714,3066.5714285714284,758.9088031038862,659.815093546637,1,1,0,1,0,1,0,0,0,0,0
2011-09-06,3130,1,6,9,2011,36,0,3485.0,2114.0,2217.0,2862.0,3091.285714285714,3075.1071428571427,742.5666556580892,663.75638878341,1,0,0,0,0,0,0,0,0,0,0
2011-09-07,2674,2,7,9,2011,36,0,3130.0,2291.0,2440.0,2699.0,3236.428571428572,3084.678571428572,606.5445455317245,662.5006528897648,1,0,0,0,0,0,0,0,0,0,0
2011-09-08,2826,3,8,9,2011,36,0,2674.0,2668.0,2483.0,2728.0,3291.1428571428573,3083.785714285714,517.8340881567599,663.0562993326099,1,0,0,0,0,0,0,0,0,0,0
2011-09-09,3238,4,9,9,2011,36,0,2826.0,3412.0,2873.0,3292.0,3313.714285714286,3087.285714285714,488.773537979064,661.3651906049447,1,0,0,0,0,0,0,0,0,0,0
2011-09-10,3873,5,10,9,2011,36,1,3238.0,4127.0,3769.0,4077.0,3288.8571428571427,3085.3571428571427,487.364486659772,660.8246371452873,1,0,0,0,0,0,0,0,0,0,0
2011-09-11,4046,6,11,9,2011,36,1,3873.0,3542.0,3701.0,4202.0,3252.5714285714284,3078.0714285714284,419.258813122578,650.5310610383342,0,0,0,0,0,0,0,0,0,0,0
2011-09-12,2835,0,12,9,2011,37,0,4046.0,3485.0,2407.0,2879.0,3324.5714285714284,3072.5,510.5780570891706,641.1491130658958,0,0,0,0,0,0,0,0,0,0,0
2011-09-13,2383,1,13,9,2011,37,0,2835.0,3130.0,2114.0,2718.0,3231.714285714286,3070.928571428572,535.0584747750211,641.6946273025778,0,0,0,0,0,0,0,0,0,0,0
2011-09-14,2186,2,14,9,2011,37,0,2383.0,2674.0,2291.0,2577.0,3125.0,3058.964285714286,625.5637457525819,651.5657200667767,0,0,0,0,0,0,0,0,0,0,0
2011-09-15,2388,3,15,9,2011,37,0,2186.0,2826.0,2668.0,2574.0,3055.285714285714,3045.0,706.1963169652184,666.3010108329694,0,0,0,0,0,0,0,0,0,0,0
2011-09-16,2813,4,16,9,2011,37,0,2388.0,3238.0,3412.0,3080.0,2992.714285714286,3038.3571428571427,748.0609855454563,672.0728694114513,0,0,0,0,0,0,0,0,0,0,0
2011-09-17,3515,5,17,9,2011,37,1,2813.0,3873.0,4127.0,3702.0,2932.0,3028.8214285714284,742.057949219602,673.3530829651145,0,0,0,0,0,0,0,0,0,0,0
2011-09-18,3670,6,18,9,2011,37,1,3515.0,4046.0,3542.0,4462.0,2880.8571428571427,3022.1428571428573,675.771023491299,667.3293769605062,0,0,0,0,0,0,0,0,0,0,0
2011-09-19,2606,0,19,9,2011,38,0,3670.0,2835.0,3485.0,2722.0,2827.1428571428573,2993.8571428571427,575.1798062552365,619.079287346269,0,0,0,0,0,0,0,0,0,0,0
2011-09-20,2558,1,20,9,2011,38,0,2606.0,2383.0,3130.0,2217.0,2794.428571428572,2989.714285714286,581.1399306945109,621.3498958893398,0,0,0,0,0,0,0,0,0,0,0
2011-09-21,2453,2,21,9,2011,38,0,2558.0,2186.0,2674.0,2440.0,2819.428571428572,3001.8928571428573,564.0023218459485,608.859914514534,0,0,0,0,0,0,0,0,0,0,0
2011-09-22,2366,3,22,9,2011,38,0,2453.0,2388.0,2826.0,2483.0,2857.5714285714284,3002.3571428571427,521.4476186997316,608.4203721164745,0,0,0,0,0,0,0,0,0,0,0
2011-09-23,3475,4,23,9,2011,38,0,2366.0,2813.0,3238.0,2873.0,2854.428571428572,2998.178571428572,524.8049977985036,612.5074181604558,0,0,0,0,0,0,0,0,0,0,0
2011-09-24,4059,5,24,9,2011,38,1,3475.0,3515.0,3873.0,3769.0,2949.0,3019.678571428572,573.4846699491346,618.4871059808363,0,0,0,0,0,0,0,0,0,0,0
2011-09-25,4086,6,25,9,2011,38,1,4059.0,3670.0,4046.0,3701.0,3026.714285714286,3030.035714285714,688.3283408097516,633.740014583785,0,0,0,0,0,0,0,0,0,0,0
2011-09-26,2846,0,26,9,2011,39,0,4086.0,2606.0,2835.0,2407.0,3086.1428571428573,3043.785714285714,766.6292951554074,652.7289356938784,0,0,0,0,0,0,0,0,0,0,0
2011-09-27,2438,1,27,9,2011,39,0,2846.0,2558.0,2383.0,2114.0,3120.428571428572,3059.464285714286,746.6844173060124,642.0518891077869,0,0,0,0,0,0,0,0,0,0,0
2011-09-28,2581,2,28,9,2011,39,0,2438.0,2453.0,2186.0,2291.0,3103.285714285714,3071.035714285714,762.9494772014102,627.1272823812386,0,0,0,0,0,0,0,0,0,0,0
2011-09-29,2437,3,29,9,2011,39,0,2581.0,2366.0,2388.0,2668.0,3121.5714285714284,3081.3928571428573,746.1145705459401,616.0648318027303,0,0,0,0,0,0,0,0,0,0,0
2011-09-30,3623,4,30,9,2011,39,0,2437.0,3475.0,2813.0,3412.0,3131.714285714286,3073.1428571428573,734.5238172416456,623.3099053402229,0,0,0,0,0,0,0,0,0,0,0
2011-10-01,5037,5,1,10,2011,39,1,3623.0,4059.0,3515.0,4127.0,3152.8571428571427,3080.678571428572,748.0573571082699,628.8095780518415,1,0,0,0,0,0,0,0,0,0,0
2011-10-02,4685,6,2,10,2011,39,1,5037.0,4086.0,3670.0,3542.0,3292.5714285714284,3113.178571428572,995.80768845242,703.9220839443449,1,0,0,0,0,0,0,0,0,0,0
2011-10-03,3298,0,3,10,2011,40,0,4685.0,2846.0,2606.0,3485.0,3378.1428571428573,3154.0,1096.04355579077,760.5735165479225,1,0,0,0,0,0,0,0,0,0,0
2011-10-04,3200,1,4,10,2011,40,0,3298.0,2438.0,2558.0,3130.0,3442.714285714286,3147.3214285714284,1072.5304524481205,758.3772174638772,1,0,0,0,0,0,0,0,0,0,0
2011-10-05,2798,2,5,10,2011,40,0,3200.0,2581.0,2453.0,2674.0,3551.5714285714284,3149.8214285714284,988.9758772155586,758.4333781904894,1,0,0,0,0,0,0,0,0,0,0
2011-10-06,2690,3,6,10,2011,40,0,2798.0,2437.0,2366.0,2826.0,3582.5714285714284,3154.25,956.3449268164792,755.9099311915891,1,0,0,0,0,0,0,0,0,0,0
2011-10-07,3541,4,7,10,2011,40,0,2690.0,3623.0,3475.0,3238.0,3618.714285714286,3149.3928571428573,909.4668244427072,758.5296370725795,1,0,0,0,0,0,0,0,0,0,0
2011-10-08,4604,5,8,10,2011,40,1,3541.0,5037.0,4059.0,3873.0,3607.0,3160.214285714286,909.9304002687958,761.9939903108423,1,0,0,0,0,0,0,0,0,0,0
2011-10-09,4417,6,9,10,2011,40,1,4604.0,4685.0,4086.0,4046.0,3545.1428571428573,3186.3214285714284,805.208550329545,798.9462992926606,1,0,0,0,0,0,0,0,0,0,0
2011-10-10,3572,0,10,10,2011,41,0,4417.0,3298.0,2846.0,2835.0,3506.8571428571427,3199.5714285714284,746.1863995391104,816.6126253580569,1,1,0,1,0,1,0,0,0,0,0
2011-10-11,3110,1,11,10,2011,41,0,3572.0,3200.0,2438.0,2383.0,3546.0,3225.8928571428573,740.569825652291,816.3039711286608,0,0,0,0,0,0,0,0,0,0,0
2011-10-12,2609,2,12,10,2011,41,0,3110.0,2798.0,2581.0,2186.0,3533.1428571428573,3251.8571428571427,748.3186550686863,799.8980358301086,0,0,0,0,0,0,0,0,0,0,0
2011-10-13,2859,3,13,10,2011,41,0,2609.0,2690.0,2437.0,2388.0,3506.1428571428573,3266.964285714286,781.9193113894859,782.8348050582447,0,0,0,0,0,0,0,0,0,0,0
2011-10-14,3337,4,14,10,2011,41,0,2859.0,3541.0,3623.0,2813.0,3530.285714285714,3283.785714285714,754.6534998010032,768.1712944168997,0,0,0,0,0,0,0,0,0,0,0
2011-10-15,4253,5,15,10,2011,41,1,3337.0,4604.0,5037.0,3515.0,3501.1428571428573,3302.5,758.1018903752149,762.6401267720972,0,0,0,0,0,0,0,0,0,0,0
2011-10-16,4250,6,16,10,2011,41,1,4253.0,4417.0,4685.0,3670.0,3451.0,3328.8571428571427,680.6499344988814,782.7440201357009,0,0,0,0,0,0,0,0,0,0,0
2011-10-17,2761,0,17,10,2011,42,0,4250.0,3572.0,3298.0,2606.0,3427.1428571428573,3349.5714285714284,643.0353615396858,799.5992713284523,0,0,0,0,0,0,0,0,0,0,0
2011-10-18,2494,1,18,10,2011,42,0,2761.0,3110.0,3200.0,2558.0,3311.285714285714,3355.1071428571427,684.320761603726,794.7828186592712,0,0,0,0,0,0,0,0,0,0,0
2011-10-19,2540,2,19,10,2011,42,0,2494.0,2609.0,2798.0,2453.0,3223.285714285714,3352.8214285714284,750.88852130564,797.2483257161097,0,0,0,0,0,0,0,0,0,0,0
2011-10-20,2654,3,20,10,2011,42,0,2540.0,2859.0,2690.0,2366.0,3213.428571428572,3355.928571428572,760.6854052197169,793.7734973399921,0,0,0,0,0,0,0,0,0,0,0
2011-10-21,3438,4,21,10,2011,42,0,2654.0,3337.0,3541.0,3475.0,3184.1428571428573,3366.214285714286,780.2981115299089,782.253267556724,0,0,0,0,0,0,0,0,0,0,0
2011-10-22,4243,5,22,10,2011,42,1,3438.0,4253.0,4604.0,4059.0,3198.5714285714284,3364.8928571428573,784.5180807652672,782.0939291550352,0,0,0,0,0,0,0,0,0,0,0
2011-10-23,4319,6,23,10,2011,42,1,4243.0,4250.0,4417.0,4086.0,3197.1428571428573,3371.464285714286,782.2839272649938,788.8855938339395,0,0,0,0,0,0,0,0,0,0,0
2011-10-24,2878,0,24,10,2011,43,0,4319.0,2761.0,3572.0,2846.0,3207.0,3379.785714285714,798.0375930994725,797.8795210799229,0,0,0,0,0,0,0,0,0,0,0
2011-10-25,2517,1,25,10,2011,43,0,2878.0,2494.0,3110.0,2438.0,3223.714285714286,3380.928571428572,788.3055064050807,797.1091717864178,0,0,0,0,0,0,0,0,0,0,0
2011-10-26,2343,2,26,10,2011,43,0,2517.0,2540.0,2609.0,2581.0,3227.0,3383.75,784.7972137225424,793.7808553349554,0,0,0,0,0,0,0,0,0,0,0
2011-10-27,2720,3,27,10,2011,43,0,2343.0,2654.0,2859.0,2437.0,3198.8571428571427,3375.25,816.4335916189442,803.9049890885606,0,0,0,0,0,0,0,0,0,0,0
2011-10-28,3162,4,28,10,2011,43,0,2720.0,3438.0,3337.0,3623.0,3208.285714285714,3385.3571428571427,809.4437831592985,793.382034652947,0,0,0,0,0,0,0,0,0,0,0
2011-10-29,4162,5,29,10,2011,43,1,3162.0,4243.0,4253.0,5037.0,3168.8571428571427,3368.8928571428573,803.0864271819123,793.0510860797509,0,0,0,0,0,0,0,0,0,0,0
2011-10-30,4227,6,30,10,2011,43,1,4162.0,4319.0,4250.0,4685.0,3157.285714285714,3337.6428571428573,785.4191480319521,740.375390985355,0,0,0,0,0,0,0,0,0,0,0
2011-10-31,2435,0,31,10,2011,44,0,4227.0,2878.0,2761.0,3298.0,3144.1428571428573,3321.285714285714,763.1949136298509,714.0986993273061,0,1,0,1,1,0,0,0,0,0,0
2011-11-01,2774,1,1,11,2011,44,0,2435.0,2517.0,2494.0,3200.0,3080.8571428571427,3290.464285714286,806.1032664556544,733.5014697222183,1,0,0,0,0,0,0,0,0,0,0
2011-11-02,2977,2,2,11,2011,44,0,2774.0,2343.0,2540.0,2798.0,3117.5714285714284,3275.25,781.6228538843303,739.8380515981798,1,0,0,0,0,0,0,0,0,0,0
2011-11-03,3014,3,3,11,2011,44,0,2977.0,2720.0,2654.0,2690.0,3208.1428571428573,3281.6428571428573,710.3969380028384,736.3264782280214,1,0,0,0,0,0,0,0,0,0,0
2011-11-04,3747,4,4,11,2011,44,0,3014.0,3162.0,3438.0,3541.0,3250.1428571428573,3293.214285714286,684.9626336697561,729.195719149115,1,0,0,0,0,0,0,0,0,0,0
2011-11-05,4515,5,5,11,2011,44,1,3747.0,4162.0,4243.0,4604.0,3333.714285714286,3300.5714285714284,707.725397378981,732.8185278150333,1,0,0,0,0,0,0,0,0,0,0
2011-11-06,4852,6,6,11,2011,44,1,4515.0,4227.0,4319.0,4417.0,3384.1428571428573,3297.3928571428573,784.9446750294834,727.1264773209418,1,0,0,0,0,0,0,0,0,0,0
2011-11-07,3284,0,7,11,2011,45,0,4852.0,2435.0,2878.0,3572.0,3473.428571428572,3312.928571428572,920.6177015357408,756.007394073747,1,1,0,1,0,0,1,0,0,0,0
2011-11-08,3318,1,8,11,2011,45,0,3284.0,2774.0,2517.0,3110.0,3594.714285714286,3302.6428571428573,810.3290924650524,754.3093585960646,1,0,0,0,0,0,0,0,0,0,0
2011-11-09,2780,2,9,11,2011,45,0,3318.0,2977.0,2343.0,2609.0,3672.428571428572,3310.0714285714284,741.6784696760108,753.3655316900437,1,0,0,0,0,0,0,0,0,0,0
2011-11-10,3277,3,10,11,2011,45,0,2780.0,3014.0,2720.0,2859.0,3644.285714285714,3316.178571428572,775.4337956451012,748.1468490022232,1,0,0,0,0,0,0,0,0,0,0
2011-11-11,3858,4,11,11,2011,45,0,3277.0,3747.0,3162.0,3337.0,3681.857142857143,3331.1071428571427,745.6029838485133,742.8379684389423,0,1,0,1,0,1,0,0,0,0,0
2011-11-12,4292,5,12,11,2011,45,1,3858.0,4515.0,4162.0,4253.0,3697.714285714286,3349.714285714286,748.3944401819371,749.4864838127415,0,0,0,0,0,0,0,0,0,0,0
2011-11-13,4150,6,13,11,2011,45,1,4292.0,4852.0,4227.0,4250.0,3665.857142857143,3351.1071428571427,711.6507637344363,751.2614743949342,0,0,0,0,0,0,0,0,0,0,0
2011-11-14,3035,0,14,11,2011,46,0,4150.0,3284.0,2435.0,2761.0,3565.5714285714284,3347.535714285714,547.0739916875502,747.0558748572477,0,0,0,0,0,0,0,0,0,0,0
2011-11-15,2707,1,15,11,2011,46,0,3035.0,3318.0,2774.0,2494.0,3530.0,3357.3214285714284,575.775708645879,740.8571139076081,0,0,0,0,0,0,0,0,0,0,0
2011-11-16,2495,2,16,11,2011,46,0,2707.0,2780.0,2977.0,2540.0,3442.714285714286,3364.928571428572,654.2373968435078,732.7129663144282,0,0,0,0,0,0,0,0,0,0,0
2011-11-17,2388,3,17,11,2011,46,0,2495.0,3277.0,3014.0,2654.0,3402.0,3363.3214285714284,708.9344116348127,734.6362190490078,0,0,0,0,0,0,0,0,0,0,0
2011-11-18,3012,4,18,11,2011,46,0,2388.0,3858.0,3747.0,3438.0,3275.0,3353.8214285714284,807.7949409761522,745.7839054296367,0,0,0,0,0,0,0,0,0,0,0
2011-11-19,4681,5,19,11,2011,46,1,3012.0,4292.0,4515.0,4243.0,3154.1428571428573,3338.6071428571427,768.3565640533102,748.3439167420722,0,0,0,0,0,0,0,0,0,0,0
2011-11-20,4415,6,20,11,2011,46,1,4681.0,4150.0,4852.0,4319.0,3209.714285714286,3354.25,871.5108938477115,772.1481159485922,0,0,0,0,0,0,0,0,0,0,0
2011-11-21,3209,0,21,11,2011,47,0,4415.0,3035.0,3284.0,2878.0,3247.5714285714284,3357.678571428572,923.3753041861968,776.7897400613294,0,0,0,0,0,0,0,0,0,0,0
2011-11-22,3637,1,22,11,2011,47,0,3209.0,2707.0,3318.0,2517.0,3272.428571428572,3369.5,919.03098553909,771.7215723207319,0,0,0,0,0,0,0,0,0,0,0
2011-11-23,3663,2,23,11,2011,47,0,3637.0,2495.0,2780.0,2343.0,3405.285714285714,3409.5,890.4449663484186,754.7372120541402,0,0,0,0,0,0,0,0,0,0,0
2011-11-24,1941,3,24,11,2011,47,0,3663.0,2388.0,3277.0,2720.0,3572.1428571428573,3456.6428571428573,795.849740543909,726.3448428176707,0,1,0,1,0,1,0,0,0,0,0
2011-11-25,3162,4,25,11,2011,47,0,1941.0,3012.0,3858.0,3162.0,3508.285714285714,3428.8214285714284,915.6190463807728,769.2572682198013,0,0,0,0,0,0,0,0,0,0,0
2011-11-26,3077,5,26,11,2011,47,1,3162.0,4681.0,4292.0,4162.0,3529.714285714286,3428.8214285714284,903.7467776403056,769.2572682198013,0,0,0,0,0,0,0,0,0,0,0
2011-11-27,3341,6,27,11,2011,47,1,3077.0,4415.0,4150.0,4227.0,3300.5714285714284,3390.0714285714284,754.1546828829507,758.2048940594215,0,0,0,0,0,0,0,0,0,0,0
2011-11-28,2514,0,28,11,2011,48,0,3341.0,3209.0,3035.0,2435.0,3147.1428571428573,3358.428571428572,578.4169282249106,740.258684943931,0,0,0,0,0,0,0,0,0,0,0
2011-11-29,2628,1,29,11,2011,48,0,2514.0,3637.0,2707.0,2774.0,3047.8571428571427,3361.25,623.8905963311797,736.751006986956,0,0,0,0,0,0,0,0,0,0,0
2011-11-30,2412,2,30,11,2011,48,0,2628.0,3663.0,2495.0,2977.0,2903.714285714286,3356.035714285714,580.1131252568221,741.5620891136356,0,0,0,0,0,0,0,0,0,0,0
2011-12-01,2699,3,1,12,2011,48,0,2412.0,1941.0,2388.0,3014.0,2725.0,3335.8571428571427,493.4376015938249,759.722693769621,1,0,0,0,0,0,0,0,0,0,0
2011-12-02,3504,4,2,12,2011,48,0,2699.0,3162.0,3012.0,3747.0,2833.285714285714,3324.6071428571427,357.03021080655174,766.9630508887435,1,0,0,0,0,0,0,0,0,0,0
2011-12-03,4832,5,3,12,2011,48,1,3504.0,3077.0,4681.0,4515.0,2882.1428571428573,3315.928571428572,426.2078634388884,763.3728727542923,1,0,0,0,0,0,0,0,0,0,0
2011-12-04,4632,6,4,12,2011,48,1,4832.0,3341.0,4415.0,4852.0,3132.8571428571427,3327.25,857.6993312677478,783.889666508787,1,0,0,0,0,0,0,0,0,0,0
2011-12-05,3367,0,5,12,2011,49,0,4632.0,2514.0,3209.0,3284.0,3317.285714285714,3319.3928571428573,1031.1722640253845,769.0018224361052,1,0,0,0,0,0,0,0,0,0,0
2011-12-06,2960,1,6,12,2011,49,0,3367.0,2628.0,3637.0,3318.0,3439.1428571428573,3322.3571428571427,968.9476127172588,769.0203105869416,1,0,0,0,0,0,0,0,0,0,0
2011-12-07,2889,2,7,12,2011,49,0,2960.0,2412.0,3663.0,2780.0,3486.5714285714284,3309.5714285714284,929.9673573380326,772.0654562814393,1,0,0,0,0,0,0,0,0,0,0
2011-12-08,3331,3,8,12,2011,49,0,2889.0,2699.0,1941.0,3277.0,3554.714285714286,3313.464285714286,852.3418160741437,769.5671453939802,1,0,0,0,0,0,0,0,0,0,0
2011-12-09,3435,4,9,12,2011,49,0,3331.0,3504.0,3162.0,3858.0,3645.0,3315.3928571428573,776.7088686674464,769.5400424826022,1,0,0,0,0,0,0,0,0,0,0
2011-12-10,4575,5,10,12,2011,49,1,3435.0,4832.0,3077.0,4292.0,3635.142857142857,3300.285714285714,779.2302673304005,762.6142589386237,1,0,0,0,0,0,0,0,0,0,0
2011-12-11,4312,6,11,12,2011,49,1,4575.0,4632.0,3341.0,4150.0,3598.428571428572,3310.3928571428573,717.0108918612164,777.9653586158881,0,0,0,0,0,0,0,0,0,0,0
2011-12-12,3267,0,12,12,2011,50,0,4312.0,3367.0,2514.0,3035.0,3552.714285714286,3316.178571428572,646.9046076730087,785.0112551007908,0,0,0,0,0,0,0,0,0,0,0
2011-12-13,2946,1,13,12,2011,50,0,3267.0,2960.0,2628.0,2707.0,3538.428571428572,3324.464285714286,652.7668948771966,783.1557000552947,0,0,0,0,0,0,0,0,0,0,0
2011-12-14,2871,2,14,12,2011,50,0,2946.0,2889.0,2412.0,2495.0,3536.428571428572,3333.0,654.8526188242286,777.4583471038685,0,0,0,0,0,0,0,0,0,0,0
2011-12-15,3109,3,15,12,2011,50,0,2871.0,3331.0,2699.0,2388.0,3533.8571428571427,3346.428571428572,657.8471019346422,765.6048409504542,0,0,0,0,0,0,0,0,0,0,0
2011-12-16,3399,4,16,12,2011,50,0,3109.0,3435.0,3504.0,3012.0,3502.1428571428573,3372.178571428572,674.399591876958,743.9955223666234,0,0,0,0,0,0,0,0,0,0,0
2011-12-17,4463,5,17,12,2011,50,1,3399.0,4575.0,4832.0,4681.0,3497.0,3386.0,675.133813896671,740.6437140157934,0,0,0,0,0,0,0,0,0,0,0
2011-12-18,4253,6,18,12,2011,50,1,4463.0,4312.0,4632.0,4415.0,3481.0,3378.214285714286,646.0281211629502,727.5565579207862,0,0,0,0,0,0,0,0,0,0,0
2011-12-19,3333,0,19,12,2011,51,0,4253.0,3267.0,3367.0,3209.0,3472.5714285714284,3372.428571428572,633.64549950869,719.6071164992738,0,0,0,0,0,0,0,0,0,0,0
2011-12-20,3236,1,20,12,2011,51,0,3333.0,2946.0,2960.0,3637.0,3482.0,3376.8571428571427,630.5603328257587,718.9453548639289,0,0,0,0,0,0,0,0,0,0,0
2011-12-21,3367,2,21,12,2011,51,0,3236.0,2871.0,2889.0,3663.0,3523.428571428572,3362.535714285714,598.1699471841459,717.5640109344652,0,0,0,0,0,0,0,0,0,0,0
2011-12-22,3609,3,22,12,2011,51,0,3367.0,3109.0,3331.0,1941.0,3594.285714285714,3351.964285714286,533.9328029773374,715.1498409239441,0,0,0,0,0,0,0,0,0,0,0
2011-12-23,4652,4,23,12,2011,51,0,3609.0,3399.0,3435.0,3162.0,3665.714285714286,3411.535714285714,489.81381302344806,660.6602467533585,0,0,0,0,0,0,0,0,0,0,0
2011-12-24,3454,5,24,12,2011,51,1,4652.0,4463.0,4575.0,3077.0,3844.714285714286,3464.75,593.9755085539321,698.727341777996,0,0,0,0,0,0,0,0,0,0,0
2011-12-25,0,6,25,12,2011,51,1,3454.0,4253.0,4312.0,3341.0,3700.571428571429,3478.214285714286,538.7921235327685,694.5989174226031,0,1,0,1,0,1,0,0,0,0,1
2011-12-26,3335,0,26,12,2011,52,0,0.0,3333.0,3267.0,2514.0,3093.0,3358.8928571428573,1446.0769919567445,956.5973780283904,0,0,0,0,0,0,0,0,0,0,0
2011-12-27,3111,1,27,12,2011,52,0,3335.0,3236.0,2946.0,2628.0,3093.285714285714,3388.214285714286,1446.1325105588485,942.2151738655195,0,0,0,0,0,0,0,0,0,0,0
2011-12-28,3097,2,28,12,2011,52,0,3111.0,3367.0,2871.0,2412.0,3075.428571428572,3405.464285714286,1444.847726364599,932.1493475214436,0,1,0,1,0,0,1,0,0,0,0
2011-12-29,3233,3,29,12,2011,52,0,3097.0,3609.0,3109.0,2699.0,3036.8571428571427,3429.928571428572,1439.360208399485,913.920854364493,0,0,0,0,0,0,0,0,0,0,0
2011-12-30,4638,4,30,12,2011,52,0,3233.0,4652.0,3399.0,3504.0,2983.1428571428573,3449.0,1421.3535132133063,903.6167247152864,0,0,0,0,0,0,0,0,0,0,0
2011-12-31,4236,5,31,12,2011,52,1,4638.0,3454.0,4463.0,4832.0,2981.1428571428573,3489.5,1418.62109441662,931.1660352403223,0,0,0,0,0,0,0,0,0,0,0
2012-01-01,2648,6,1,1,2012,52,1,4236.0,0.0,4253.0,4632.0,3092.8571428571427,3468.214285714286,1491.0078726118368,905.8076959325188,1,1,0,1,0,1,0,0,0,0,0
2012-01-02,3931,0,2,1,2012,1,0,2648.0,3335.0,3333.0,3367.0,3471.1428571428573,3397.3571428571427,703.4508816236864,888.838993639317,1,0,0,0,0,0,0,0,0,0,0
2012-01-03,3496,1,3,1,2012,1,0,3931.0,3111.0,3236.0,2960.0,3556.285714285714,3417.5,720.0980753308793,894.498224746182,1,0,0,0,0,0,0,0,0,0,0
2012-01-04,3284,2,4,1,2012,1,0,3496.0,3097.0,3367.0,2889.0,3611.285714285714,3436.6428571428573,694.6734758829048,890.0692113865067,1,0,0,0,0,0,0,0,0,0,0
2012-01-05,3444,3,5,1,2012,1,0,3284.0,3233.0,3609.0,3331.0,3638.0,3450.75,674.9145624941466,884.1786573697336,1,0,0,0,0,0,0,0,0,0,0
2012-01-06,3854,4,6,1,2012,1,0,3444.0,4638.0,4652.0,3435.0,3668.142857142857,3454.785714285714,658.3196864167196,883.8696634745298,1,0,0,0,0,0,0,0,0,0,0
2012-01-07,4670,5,7,1,2012,1,1,3854.0,4236.0,3454.0,4575.0,3556.1428571428573,3469.75,517.4329034027583,887.0634293993717,1,1,0,1,0,0,1,0,0,0,0
2012-01-08,4585,6,8,1,2012,1,1,4670.0,2648.0,0.0,4312.0,3618.142857142857,3473.1428571428573,626.8951078055043,891.6173699471824,1,0,0,0,0,0,0,0,0,0,0
2012-01-09,3637,0,9,1,2012,2,0,4585.0,3931.0,3335.0,3267.0,3894.857142857143,3482.8928571428573,550.0946671775152,902.5557267820566,1,0,0,0,0,0,0,0,0,0,0
2012-01-10,3217,1,10,1,2012,2,0,3637.0,3496.0,3111.0,2946.0,3852.857142857143,3496.1071428571427,558.0413451144469,901.9861762628672,1,0,0,0,0,0,0,0,0,0,0
2012-01-11,2994,2,11,1,2012,2,0,3217.0,3284.0,3097.0,2871.0,3813.0,3505.785714285714,596.4209922529542,897.3065604864703,0,0,0,0,0,0,0,0,0,0,0
2012-01-12,2655,3,12,1,2012,2,0,2994.0,3444.0,3233.0,3109.0,3771.571428571429,3510.178571428572,647.2008593790267,894.3801103255973,0,0,0,0,0,0,0,0,0,0,0
2012-01-13,3550,4,13,1,2012,2,0,2655.0,3854.0,4638.0,3399.0,3658.857142857143,3493.964285714286,770.6826905567607,905.9627775095402,0,0,0,0,0,0,0,0,0,0,0
2012-01-14,4271,5,14,1,2012,2,1,3550.0,4670.0,4236.0,4463.0,3615.428571428572,3499.3571428571427,766.4069539400184,905.825967026602,0,0,0,0,0,0,0,0,0,0,0
2012-01-15,4111,6,15,1,2012,2,1,4271.0,4585.0,2648.0,4253.0,3558.428571428572,3492.5,685.4667162215954,898.9616850072684,0,0,0,0,0,0,0,0,0,0,0
2012-01-16,3670,0,16,1,2012,3,0,4111.0,3637.0,3931.0,3333.0,3490.714285714286,3487.428571428572,582.8918465392212,894.9038611129785,0,1,0,1,0,1,0,0,0,0,0
2012-01-17,2824,1,17,1,2012,3,0,3670.0,3217.0,3496.0,3236.0,3495.428571428572,3499.464285714286,584.4036439376616,895.0161795410226,0,0,0,0,0,0,0,0,0,0,0
2012-01-18,2729,2,18,1,2012,3,0,2824.0,2994.0,3284.0,3367.0,3439.285714285714,3484.75,632.5076321768007,902.860336395964,0,0,0,0,0,0,0,0,0,0,0
2012-01-19,2782,3,19,1,2012,3,0,2729.0,2655.0,3444.0,3609.0,3401.428571428572,3461.964285714286,670.3966132429499,913.9249698575354,0,0,0,0,0,0,0,0,0,0,0
2012-01-20,3153,4,20,1,2012,3,0,2782.0,3550.0,3854.0,4652.0,3419.5714285714284,3432.428571428572,648.1797222846074,922.3218458334294,0,0,0,0,0,0,0,0,0,0,0
2012-01-21,5107,5,21,1,2012,3,1,3153.0,4271.0,4670.0,3454.0,3362.8571428571427,3378.8928571428573,652.2211865544347,891.9136870416737,0,0,0,0,0,0,0,0,0,0,0
2012-01-22,3965,6,22,1,2012,3,1,5107.0,4111.0,4585.0,0.0,3482.285714285714,3437.928571428572,882.2153392238785,949.890790158274,0,0,0,0,0,0,0,0,0,0,0
2012-01-23,2678,0,23,1,2012,4,0,3965.0,3670.0,3637.0,3335.0,3461.428571428572,3579.535714285714,866.4592425772937,673.8193230820301,0,0,0,0,0,0,0,0,0,0,0
2012-01-24,2571,1,24,1,2012,4,0,2678.0,2824.0,3217.0,3111.0,3319.714285714286,3556.0714285714284,906.843190098801,693.7933798821156,0,0,0,0,0,0,0,0,0,0,0
2012-01-25,2460,2,25,1,2012,4,0,2571.0,2729.0,2994.0,3097.0,3283.5714285714284,3536.785714285714,934.5126817657164,713.8391953552232,0,0,0,0,0,0,0,0,0,0,0
2012-01-26,2680,3,26,1,2012,4,0,2460.0,2782.0,2655.0,3233.0,3245.1428571428573,3514.035714285714,966.1148014205186,738.1121305030579,0,0,0,0,0,0,0,0,0,0,0
2012-01-27,3444,4,27,1,2012,4,0,2680.0,3153.0,3550.0,4638.0,3230.5714285714284,3494.285714285714,974.9927960661817,753.1555767245695,0,0,0,0,0,0,0,0,0,0,0
2012-01-28,4241,5,28,1,2012,4,1,3444.0,5107.0,4271.0,4236.0,3272.1428571428573,3451.6428571428573,977.3350548935651,719.029707019617,0,0,0,0,0,0,0,0,0,0,0
2012-01-29,4147,6,29,1,2012,4,1,4241.0,3965.0,4111.0,2648.0,3148.428571428572,3451.8214285714284,729.8344234922632,719.2323095352167,0,0,0,0,0,0,0,0,0,0,0
2012-01-30,2889,0,30,1,2012,5,0,4147.0,2678.0,3670.0,3931.0,3174.428571428572,3505.3571428571427,766.1128848811713,712.9454404498266,0,0,0,0,0,0,0,0,0,0,0
2012-01-31,2892,1,31,1,2012,5,0,2889.0,2571.0,2824.0,3496.0,3204.5714285714284,3468.1428571428573,747.2440157322222,717.0879750917321,0,0,0,0,0,0,0,0,0,0,0
2012-02-01,3205,2,1,2,2012,5,0,2892.0,2460.0,2729.0,3284.0,3250.428571428572,3446.5714285714284,710.8457069207195,725.2571665774523,1,0,0,0,0,0,0,0,0,0,0
2012-02-02,3409,3,2,2,2012,5,0,3205.0,2680.0,2782.0,3444.0,3356.8571428571427,3443.75,623.1381410707752,726.0662465949242,1,0,0,0,0,0,0,0,0,0,0
2012-02-03,4269,4,3,2,2012,5,0,3409.0,3444.0,3153.0,3854.0,3461.0,3442.5,547.4897259309971,726.0959277507988,1,0,0,0,0,0,0,0,0,0,0
2012-02-04,5786,5,4,2,2012,5,1,4269.0,4241.0,5107.0,4670.0,3578.8571428571427,3457.3214285714284,626.3402772113103,738.9289573215077,1,0,0,0,0,0,0,0,0,0,0
2012-02-05,4783,6,5,2,2012,5,1,5786.0,4147.0,3965.0,4585.0,3799.571428571429,3497.178571428572,1036.4889221377543,831.1105044667147,1,1,0,1,0,0,0,1,1,0,0
2012-02-06,3638,0,6,2,2012,6,0,4783.0,2889.0,2678.0,3637.0,3890.428571428572,3504.25,1098.066157257514,841.4864988683859,1,0,0,0,0,0,0,0,0,0,0
2012-02-07,3159,1,7,2,2012,6,0,3638.0,2892.0,2571.0,3217.0,3997.428571428572,3504.285714285714,1017.7764746647224,841.4923629037836,1,0,0,0,0,0,0,0,0,0,0
2012-02-08,3041,2,8,2,2012,6,0,3159.0,3205.0,2460.0,2994.0,4035.571428571429,3502.214285714286,973.4834114564818,842.2967435724778,1,0,0,0,0,0,0,0,0,0,0
2012-02-09,3034,3,9,2,2012,6,0,3041.0,3409.0,2680.0,2655.0,4012.142857142857,3503.8928571428573,998.457214668614,841.292671111311,1,0,0,0,0,0,0,0,0,0,0
2012-02-10,3516,4,10,2,2012,6,0,3034.0,4269.0,3444.0,3550.0,3958.571428571429,3517.428571428572,1045.178909269102,830.1033147913031,1,0,0,0,0,0,0,0,0,0,0
2012-02-11,5463,5,11,2,2012,6,1,3516.0,5786.0,4241.0,4271.0,3851.0,3516.214285714286,1046.6530784680588,830.0787716811961,0,0,0,0,0,0,0,0,0,0,0
2012-02-12,5230,6,12,2,2012,6,1,5463.0,4783.0,4147.0,4111.0,3804.857142857143,3558.785714285714,949.764080982118,898.0092945630846,0,0,0,0,0,0,0,0,0,0,0
2012-02-13,3674,0,13,2,2012,7,0,5230.0,3638.0,2889.0,3670.0,3868.714285714286,3598.75,1037.4677046034906,947.0549917546512,0,0,0,0,0,0,0,0,0,0,0
2012-02-14,2603,1,14,2,2012,7,0,3674.0,3159.0,2892.0,2824.0,3873.857142857143,3598.8928571428573,1036.2218920307596,947.066439035343,0,1,0,1,1,0,0,0,0,1,0
2012-02-15,2669,2,15,2,2012,7,0,2603.0,3041.0,3205.0,2729.0,3794.428571428572,3591.0,1118.215074295169,954.6540967515092,0,0,0,0,0,0,0,0,0,0,0
2012-02-16,2832,3,16,2,2012,7,0,2669.0,3034.0,3409.0,2782.0,3741.285714285714,3588.8571428571427,1167.732519927075,956.7257323727224,0,0,0,0,0,0,0,0,0,0,0
2012-02-17,3311,4,17,2,2012,7,0,2832.0,3516.0,4269.0,3153.0,3712.428571428572,3590.6428571428573,1190.4000528033775,955.209428821789,0,0,0,0,0,0,0,0,0,0,0
2012-02-18,4534,5,18,2,2012,7,1,3311.0,5463.0,5786.0,5107.0,3683.142857142857,3596.285714285714,1198.5318002416434,952.9924354424736,0,0,0,0,0,0,0,0,0,0,0
2012-02-19,4535,6,19,2,2012,7,1,4534.0,5230.0,4783.0,3965.0,3550.428571428572,3575.8214285714284,1004.2945877817016,925.0941515075287,0,0,0,0,0,0,0,0,0,0,0
2012-02-20,3721,0,20,2,2012,8,0,4535.0,3674.0,3638.0,2678.0,3451.1428571428573,3596.178571428572,829.7653139234461,940.1248559148884,0,1,0,1,0,1,0,0,0,0,0
2012-02-21,2823,1,21,2,2012,8,0,3721.0,2603.0,3159.0,2571.0,3457.8571428571427,3633.428571428572,832.0561736989127,922.9023233325904,0,0,0,0,0,0,0,0,0,0,0
2012-02-22,2774,2,22,2,2012,8,0,2823.0,2669.0,3041.0,2460.0,3489.285714285714,3642.428571428572,797.8359719235758,913.3371219942246,0,1,0,1,0,0,1,0,0,0,0
2012-02-23,2798,3,23,2,2012,8,0,2774.0,2832.0,3034.0,2680.0,3504.285714285714,3653.642857142857,780.6453984333967,900.1130881331335,0,0,0,0,0,0,0,0,0,0,0
2012-02-24,3280,4,24,2,2012,8,0,2798.0,3311.0,3516.0,3444.0,3499.428571428572,3657.857142857143,785.6154396698284,895.650879168045,0,0,0,0,0,0,0,0,0,0,0
2012-02-25,4806,5,25,2,2012,8,1,3280.0,4534.0,5463.0,4241.0,3495.0,3652.0,786.9409126484649,897.6352472118235,0,0,0,0,0,0,0,0,0,0,0
2012-02-26,4430,6,26,2,2012,8,1,4806.0,4535.0,5230.0,4147.0,3533.8571428571427,3672.178571428572,850.9099890845142,917.49695946903,0,0,0,0,0,0,0,0,0,0,0
2012-02-27,2998,0,27,2,2012,9,0,4430.0,3721.0,3674.0,2889.0,3518.8571428571427,3682.285714285714,831.0131223535572,924.4537068369892,0,0,0,0,0,0,0,0,0,0,0
2012-02-28,2707,1,28,2,2012,9,0,2998.0,2823.0,2603.0,2892.0,3415.5714285714284,3686.178571428572,846.4880107721262,921.2132922912988,0,0,0,0,0,0,0,0,0,0,0
2012-02-29,2915,2,29,2,2012,9,0,2707.0,2774.0,2669.0,3205.0,3399.0,3679.571428571429,861.0325197110728,927.7604427617258,0,1,0,1,0,0,1,0,0,0,0
2012-03-01,3603,3,1,3,2012,9,0,2915.0,2798.0,2832.0,3409.0,3419.1428571428573,3669.214285714286,845.4833782264095,934.8462482871194,1,0,0,0,0,0,0,0,0,0,0
2012-03-02,4025,4,2,3,2012,9,0,3603.0,3280.0,3311.0,4269.0,3534.1428571428573,3676.142857142857,800.4647459593758,933.5642854845452,1,0,0,0,0,0,0,0,0,0,0
2012-03-03,5123,5,3,3,2012,9,1,4025.0,4806.0,4534.0,5786.0,3640.571428571429,3667.428571428572,810.5066023055891,928.9527527981236,1,0,0,0,0,0,0,0,0,0,0
2012-03-04,5165,6,4,3,2012,9,1,5123.0,4430.0,4535.0,4783.0,3685.857142857143,3643.75,891.3043678735531,880.1174427103224,1,0,0,0,0,0,0,0,0,0,0
2012-03-05,3893,0,5,3,2012,10,0,5165.0,2998.0,3721.0,3638.0,3790.857142857143,3657.392857142857,1026.6028814446577,901.1408546653984,1,0,0,0,0,0,0,0,0,0,0
2012-03-06,3398,1,6,3,2012,10,0,3893.0,2707.0,2823.0,3159.0,3918.714285714286,3666.5,965.3030118889624,902.2254994466996,1,0,0,0,0,0,0,0,0,0,0
2012-03-07,3541,2,7,3,2012,10,0,3398.0,2915.0,2774.0,3041.0,4017.428571428572,3675.035714285714,849.0720144453488,898.3686648233577,1,0,0,0,0,0,0,0,0,0,0
2012-03-08,3392,3,8,3,2012,10,0,3541.0,3603.0,2798.0,3034.0,4106.857142857143,3692.892857142857,739.5035335889024,890.2314446997867,1,1,0,1,0,0,1,0,0,0,0
2012-03-09,3786,4,9,3,2012,10,0,3392.0,4025.0,3280.0,3516.0,4076.714285714286,3705.678571428572,767.2441406935399,882.9589166052363,1,0,0,0,0,0,0,0,0,0,0
2012-03-10,5354,5,10,3,2012,10,1,3786.0,5123.0,4806.0,5463.0,4042.571428571429,3715.321428571429,775.2055334216959,882.2847887233987,1,0,0,0,0,0,0,0,0,0,0
2012-03-11,5502,6,11,3,2012,10,1,5354.0,5165.0,4430.0,5230.0,4075.571428571429,3711.428571428572,831.7208780880854,874.4940729346755,0,0,0,0,0,0,0,0,0,0,0
2012-03-12,3643,0,12,3,2012,11,0,5502.0,3893.0,2998.0,3674.0,4123.714285714285,3721.142857142857,911.2425060113808,893.2964633471719,0,0,0,0,0,0,0,0,0,0,0
2012-03-13,2836,1,13,3,2012,11,0,3643.0,3398.0,2707.0,2603.0,4088.0,3720.035714285714,926.5622842888996,893.3762627389373,0,0,0,0,0,0,0,0,0,0,0
2012-03-14,2821,2,14,3,2012,11,0,2836.0,3541.0,2915.0,2669.0,4007.714285714286,3728.357142857143,1016.3160129089944,883.6180343835364,0,0,0,0,0,0,0,0,0,0,0
2012-03-15,3161,3,15,3,2012,11,0,2821.0,3392.0,3603.0,2832.0,3904.857142857143,3733.785714285714,1104.0682993020887,877.3131691849784,0,0,0,0,0,0,0,0,0,0,0
2012-03-16,3737,4,16,3,2012,11,0,3161.0,3786.0,4025.0,3311.0,3871.857142857143,3745.535714285714,1125.2021194095782,866.929809715607,0,0,0,0,0,0,0,0,0,0,0
2012-03-17,4718,5,17,3,2012,11,1,3737.0,5354.0,5123.0,4534.0,3864.857142857143,3760.75,1125.9774166727946,862.7494217991735,0,1,0,1,1,0,0,0,0,0,0
2012-03-18,4966,6,18,3,2012,11,1,4718.0,5502.0,5165.0,4535.0,3774.0,3767.321428571429,1004.9437795220176,869.5313788375106,0,0,0,0,0,0,0,0,0,0,0
2012-03-19,3621,0,19,3,2012,12,0,4966.0,3643.0,3893.0,3721.0,3697.428571428572,3782.714285714286,861.5209142640028,887.2586936277282,0,0,0,0,0,0,0,0,0,0,0
2012-03-20,2939,1,20,3,2012,12,0,3621.0,2836.0,3398.0,2823.0,3694.285714285714,3779.142857142857,861.7926499040062,887.717452308035,0,0,0,0,0,0,0,0,0,0,0
2012-03-21,2764,2,21,3,2012,12,0,2939.0,2821.0,3541.0,2774.0,3709.0,3783.285714285714,845.4196196761292,883.3499309611644,0,0,0,0,0,0,0,0,0,0,0
2012-03-22,3103,3,22,3,2012,12,0,2764.0,3161.0,3392.0,2798.0,3700.857142857143,3782.928571428572,855.6111711463764,883.7750228453418,0,0,0,0,0,0,0,0,0,0,0
2012-03-23,3414,4,23,3,2012,12,0,3103.0,3737.0,3786.0,3280.0,3692.571428571429,3793.821428571429,861.9676825231229,872.9997265101323,0,0,0,0,0,0,0,0,0,0,0
2012-03-24,5211,5,24,3,2012,12,1,3414.0,4718.0,5354.0,4806.0,3646.428571428572,3798.607142857143,867.8185019812322,870.4422179340212,0,0,0,0,0,0,0,0,0,0,0
2012-03-25,5240,6,25,3,2012,12,1,5211.0,4966.0,5502.0,4430.0,3716.857142857143,3813.071428571429,981.796894911132,890.9261900912271,0,0,0,0,0,0,0,0,0,0,0
2012-03-26,3167,0,26,3,2012,13,0,5240.0,3621.0,3643.0,2998.0,3756.0,3842.0,1043.4264069241608,924.227966106483,0,0,0,0,0,0,0,0,0,0,0
2012-03-27,2889,1,27,3,2012,13,0,3167.0,2939.0,2836.0,2707.0,3691.142857142857,3848.035714285714,1067.0584845845176,919.0493672365932,0,0,0,0,0,0,0,0,0,0,0
2012-03-28,2768,2,28,3,2012,13,0,2889.0,2764.0,2821.0,2915.0,3684.0,3854.535714285714,1073.0827864925727,911.291329688882,0,0,0,0,0,0,0,0,0,0,0
2012-03-29,2625,3,29,3,2012,13,0,2768.0,3103.0,3161.0,3603.0,3684.571428571429,3849.285714285714,1072.5121377934531,917.3080930451504,0,0,0,0,0,0,0,0,0,0,0
2012-03-30,4255,4,30,3,2012,13,0,2625.0,3414.0,3737.0,4025.0,3616.285714285714,3814.357142857143,1129.4186873912477,945.2281799487916,0,0,0,0,0,0,0,0,0,0,0
2012-03-31,4902,5,31,3,2012,13,1,4255.0,5211.0,4718.0,5123.0,3736.428571428572,3822.571428571429,1148.87740238647,948.1214732524104,0,0,0,0,0,0,0,0,0,0,0
2012-04-01,5181,6,1,4,2012,13,1,4902.0,5240.0,4966.0,5165.0,3692.285714285714,3814.678571428572,1087.0503996726964,937.7580456153896,1,0,0,0,0,0,0,0,0,0,0
2012-04-02,3825,0,2,4,2012,14,0,5181.0,3167.0,3621.0,3893.0,3683.857142857143,3815.25,1073.1903261726102,938.6158297865634,1,0,0,0,0,0,0,0,0,0,0
2012-04-03,4005,1,3,4,2012,14,0,3825.0,2889.0,2939.0,3398.0,3777.857142857143,3812.821428571429,1048.9163342185464,938.4951726852048,1,0,0,0,0,0,0,0,0,0,0
2012-04-04,3493,2,4,4,2012,14,0,4005.0,2768.0,2764.0,3541.0,3937.285714285714,3834.5,973.3924721107624,935.564258339038,1,0,0,0,0,0,0,0,0,0,0
2012-04-05,3973,3,5,4,2012,14,0,3493.0,2625.0,3103.0,3392.0,4040.857142857143,3832.785714285714,860.2353221786502,936.1657560236412,1,0,0,0,0,0,0,0,0,0,0
2012-04-06,5085,4,6,4,2012,14,0,3973.0,4255.0,3414.0,3786.0,4233.428571428572,3853.535714285714,602.8260824767635,932.4655283924463,1,0,0,0,0,0,0,0,0,0,0
2012-04-07,6035,5,7,4,2012,14,1,5085.0,4902.0,5211.0,5354.0,4352.0,3899.928571428572,683.9456606095708,960.8630737835848,1,0,0,0,0,0,0,0,0,0,0
2012-04-08,3962,6,8,4,2012,14,1,6035.0,5181.0,5240.0,5502.0,4513.857142857143,3924.25,926.7591252264376,1006.5637410590582,1,1,0,1,1,0,0,0,0,0,0
2012-04-09,3984,0,9,4,2012,15,0,3962.0,3825.0,3167.0,3643.0,4339.714285714285,3869.25,894.4720443341054,958.06586122481,1,0,0,0,0,0,0,0,0,0,0
2012-04-10,3859,1,10,4,2012,15,0,3984.0,4005.0,2889.0,2836.0,4362.428571428572,3881.428571428572,881.1424132232814,957.2503224831904,1,0,0,0,0,0,0,0,0,0,0
2012-04-11,3310,2,11,4,2012,15,0,3859.0,3493.0,2768.0,2821.0,4341.571428571428,3917.964285714286,892.665644225736,935.13847190681,0,0,0,0,0,0,0,0,0,0,0
2012-04-12,3293,3,12,4,2012,15,0,3310.0,3973.0,2625.0,3161.0,4315.428571428572,3935.428571428572,923.7959473720092,918.3079620843464,0,0,0,0,0,0,0,0,0,0,0
2012-04-13,4136,4,13,4,2012,15,0,3293.0,5085.0,4255.0,3737.0,4218.285714285715,3940.142857142857,998.5355467359356,914.5160515079004,0,0,0,0,0,0,0,0,0,0,0
2012-04-14,5114,5,14,4,2012,15,1,4136.0,6035.0,4902.0,4718.0,4082.714285714286,3954.392857142857,922.8000350898892,914.342035818982,0,1,0,1,0,0,1,0,0,0,0
2012-04-15,4950,6,15,4,2012,15,1,5114.0,3962.0,5181.0,4966.0,3951.142857142857,3968.535714285714,611.0527605620257,929.5273383560672,0,1,0,1,0,0,1,0,0,0,0
2012-04-16,3279,0,16,4,2012,16,0,4950.0,3984.0,3825.0,3621.0,4092.285714285714,3967.964285714286,718.6168924365987,928.8961382814967,0,0,0,0,0,0,0,0,0,0,0
2012-04-17,2784,1,17,4,2012,16,0,3279.0,3859.0,4005.0,2939.0,3991.571428571429,3955.75,782.8543621778884,935.8499256469092,0,0,0,0,0,0,0,0,0,0,0
2012-04-18,2764,2,18,4,2012,16,0,2784.0,3310.0,3493.0,2764.0,3838.0,3950.214285714286,908.545540960934,942.5215728798504,0,0,0,0,0,0,0,0,0,0,0
2012-04-19,3330,3,19,4,2012,16,0,2764.0,3293.0,3973.0,3103.0,3760.0,3950.214285714286,981.9057999624996,942.5215728798504,0,0,0,0,0,0,0,0,0,0,0
2012-04-20,4124,4,20,4,2012,16,0,3330.0,4136.0,5085.0,3414.0,3765.285714285714,3958.321428571429,979.0683861518056,935.9174565364872,0,0,0,0,0,0,0,0,0,0,0
2012-04-21,5027,5,21,4,2012,16,1,4124.0,5114.0,6035.0,5211.0,3763.571428571429,3983.678571428572,978.3213270943322,930.2245867241004,0,0,0,0,0,0,0,0,0,0,0
2012-04-22,5179,6,22,4,2012,16,1,5027.0,4950.0,3962.0,5240.0,3751.142857142857,3977.107142857143,958.6612937792328,921.845425272171,0,0,0,0,0,0,0,0,0,0,0
2012-04-23,2968,0,23,4,2012,17,0,5179.0,3279.0,3984.0,3167.0,3783.857142857143,3974.928571428572,1008.9776060566488,918.8174335473116,0,0,0,0,0,0,0,0,0,0,0
2012-04-24,3032,1,24,4,2012,17,0,2968.0,2784.0,3859.0,2889.0,3739.428571428572,3967.821428571429,1041.2444248978954,926.0395581331852,0,0,0,0,0,0,0,0,0,0,0
2012-04-25,2851,2,25,4,2012,17,0,3032.0,2764.0,3310.0,2768.0,3774.857142857143,3972.928571428572,1006.9727617255292,920.2456567585964,0,0,0,0,0,0,0,0,0,0,0
2012-04-26,3003,3,26,4,2012,17,0,2851.0,3330.0,3293.0,2625.0,3787.285714285714,3975.892857142857,992.8547584760664,916.3460182334328,0,0,0,0,0,0,0,0,0,0,0
2012-04-27,3820,4,27,4,2012,17,0,3003.0,4124.0,4136.0,4255.0,3740.571428571429,3989.392857142857,1025.1245220529463,898.3139902797166,0,0,0,0,0,0,0,0,0,0,0
2012-04-28,4754,5,28,4,2012,17,1,3820.0,5027.0,5114.0,4902.0,3697.142857142857,3973.857142857143,1012.5356666263528,897.311321931023,0,0,0,0,0,0,0,0,0,0,0
2012-04-29,4856,6,29,4,2012,17,1,4754.0,5179.0,4950.0,5181.0,3658.142857142857,3968.571428571429,956.4823449444702,892.0620485216766,0,0,0,0,0,0,0,0,0,0,0
2012-04-30,3353,0,30,4,2012,18,0,4856.0,2968.0,3279.0,3825.0,3612.0,3956.964285714286,875.2239713353356,877.7009311850856,0,0,0,0,0,0,0,0,0,0,0
2012-05-01,3605,1,1,5,2012,18,0,3353.0,3032.0,2784.0,4005.0,3667.0,3940.107142857143,839.3719874604643,884.8329551195527,1,0,0,0,0,0,0,0,0,0,0
2012-05-02,3514,2,2,5,2012,18,0,3605.0,2851.0,2764.0,3493.0,3748.857142857143,3925.821428571429,793.8289968188819,886.97288169207,1,0,0,0,0,0,0,0,0,0,0
2012-05-03,3981,3,3,5,2012,18,0,3514.0,3003.0,3330.0,3973.0,3843.571428571429,3926.571428571429,703.2308433563016,886.6021458801896,1,0,0,0,0,0,0,0,0,0,0
2012-05-04,4168,4,4,5,2012,18,0,3981.0,3820.0,4124.0,5085.0,3983.285714285714,3926.857142857143,597.618527793358,886.618950858347,1,0,0,0,0,0,0,0,0,0,0
2012-05-05,4457,5,5,5,2012,18,1,4168.0,4754.0,5027.0,6035.0,4033.0,3894.107142857143,596.2443570662359,858.7531590016017,1,1,0,1,1,0,0,0,0,0,0
2012-05-06,5695,6,6,5,2012,18,1,4457.0,4856.0,5179.0,3962.0,3990.571428571429,3837.75,544.7289408941065,759.0401650915547,1,0,0,0,0,0,0,0,0,0,0
2012-05-07,4326,0,7,5,2012,19,0,5695.0,3353.0,2968.0,3984.0,4110.428571428572,3899.642857142857,799.5756910476214,836.2728694447192,1,0,0,0,0,0,0,0,0,0,0
2012-05-08,3577,1,8,5,2012,19,0,4326.0,3605.0,3032.0,3859.0,4249.428571428572,3911.857142857143,727.2612683079909,840.0396690053616,1,0,0,0,0,0,0,0,0,0,0
2012-05-09,3501,2,9,5,2012,19,0,3577.0,3514.0,2851.0,3310.0,4245.428571428572,3901.785714285714,731.4612901908167,842.3840664114603,1,0,0,0,0,0,0,0,0,0,0
2012-05-10,3735,3,10,5,2012,19,0,3501.0,3981.0,3003.0,3293.0,4243.571428571428,3908.607142857143,733.6411150653165,838.1772701781994,1,0,0,0,0,0,0,0,0,0,0
2012-05-11,4293,4,11,5,2012,19,0,3735.0,4168.0,3820.0,4136.0,4208.428571428572,3924.392857142857,753.9265784638986,830.2788616454293,0,0,0,0,0,0,0,0,0,0,0
2012-05-12,5546,5,12,5,2012,19,1,4293.0,4457.0,4754.0,5114.0,4226.285714285715,3930.0,754.2896690011737,832.2885450504615,0,0,0,0,0,0,0,0,0,0,0
2012-05-13,4390,6,13,5,2012,19,1,5546.0,5695.0,4856.0,4950.0,4381.857142857143,3945.428571428572,906.708043523642,858.636922732395,0,1,0,1,1,0,0,0,0,0,0
2012-05-14,3397,0,14,5,2012,20,0,4390.0,4326.0,3353.0,3279.0,4195.428571428572,3925.428571428572,702.9876379052583,840.7058070265994,0,0,0,0,0,0,0,0,0,0,0
2012-05-15,3429,1,15,5,2012,20,0,3397.0,3577.0,3605.0,2784.0,4062.714285714286,3929.642857142857,759.6377896264559,837.6355264267789,0,0,0,0,0,0,0,0,0,0,0
2012-05-16,3570,2,16,5,2012,20,0,3429.0,3501.0,3514.0,2764.0,4041.571428571429,3952.678571428572,777.2648319894674,813.4832764140162,0,0,0,0,0,0,0,0,0,0,0
2012-05-17,3339,3,17,5,2012,20,0,3570.0,3735.0,3981.0,3330.0,4051.428571428572,3981.464285714286,769.6672131821747,783.5737447694729,0,0,0,0,0,0,0,0,0,0,0
2012-05-18,4107,4,18,5,2012,20,0,3339.0,4293.0,4168.0,4124.0,3994.857142857143,3981.785714285714,810.2829605702397,783.2984085426118,0,0,0,0,0,0,0,0,0,0,0
2012-05-19,4904,5,19,5,2012,20,1,4107.0,5546.0,4457.0,5027.0,3968.285714285714,3981.178571428572,801.882725067638,783.1906751218858,0,0,0,0,0,0,0,0,0,0,0
2012-05-20,5477,6,20,5,2012,20,1,4904.0,4390.0,5695.0,5179.0,3876.571428571429,3976.785714285714,603.5442146583925,777.4312572751055,0,0,0,0,0,0,0,0,0,0,0
2012-05-21,3583,0,21,5,2012,21,0,5477.0,3397.0,4326.0,2968.0,4031.857142857143,3987.428571428572,847.9937949009252,796.3094237874434,0,0,0,0,0,0,0,0,0,0,0
2012-05-22,2713,1,22,5,2012,21,0,3583.0,3429.0,3577.0,3032.0,4058.428571428572,4009.392857142857,827.4506746916188,775.3554663548459,0,0,0,0,0,0,0,0,0,0,0
2012-05-23,2852,2,23,5,2012,21,0,2713.0,3570.0,3501.0,2851.0,3956.142857142857,3998.0,952.9610745060924,792.405105897131,0,0,0,0,0,0,0,0,0,0,0
2012-05-24,3272,3,24,5,2012,21,0,2852.0,3339.0,3735.0,3003.0,3853.571428571429,3998.035714285714,1036.4352137885655,792.3515158079564,0,0,0,0,0,0,0,0,0,0,0
2012-05-25,4120,4,25,5,2012,21,0,3272.0,4107.0,4293.0,3820.0,3844.0,4007.642857142857,1042.2721973329858,781.3950589140103,0,0,0,0,0,0,0,0,0,0,0
2012-05-26,4700,5,26,5,2012,21,1,4120.0,4904.0,5546.0,4754.0,3845.857142857143,4018.357142857143,1042.8303519063588,780.7833774739789,0,0,0,0,0,0,0,0,0,0,0
2012-05-27,4572,6,27,5,2012,21,1,4700.0,5477.0,4390.0,4856.0,3816.714285714286,4016.428571428572,1010.6861884029925,778.9635767917813,0,0,0,0,0,0,0,0,0,0,0
2012-05-28,4070,0,28,5,2012,22,0,4572.0,3583.0,3397.0,3353.0,3687.428571428572,4006.285714285714,798.5219381546657,769.4171366422258,0,1,0,1,0,1,0,0,0,0,0
2012-05-29,3277,1,29,5,2012,22,0,4070.0,2713.0,3429.0,3605.0,3757.0,4031.892857142857,809.0527382892484,758.7267765332674,0,0,0,0,0,0,0,0,0,0,0
2012-05-30,2977,2,30,5,2012,22,0,3277.0,2852.0,3570.0,3514.0,3837.571428571429,4020.178571428572,709.7440517874146,768.0367976124346,0,0,0,0,0,0,0,0,0,0,0
2012-05-31,3546,3,31,5,2012,22,0,2977.0,3272.0,3339.0,3981.0,3855.428571428572,4001.0,681.8381668066719,787.6001993867609,0,0,0,0,0,0,0,0,0,0,0
2012-06-01,4575,4,1,6,2012,22,0,3546.0,4120.0,4107.0,4168.0,3894.571428571429,3985.464285714286,649.878413536678,792.2856519165268,1,0,0,0,0,0,0,0,0,0,0
2012-06-02,5652,5,2,6,2012,22,1,4575.0,4700.0,4904.0,4457.0,3959.571428571429,4000.0,697.2137063920568,799.4596323165388,1,0,0,0,0,0,0,0,0,0,0
2012-06-03,5336,6,3,6,2012,22,1,5652.0,4572.0,5477.0,5695.0,4095.571428571429,4042.678571428572,922.2481331223258,854.7453185152877,1,0,0,0,0,0,0,0,0,0,0
2012-06-04,3993,0,4,6,2012,23,0,5336.0,4070.0,3583.0,4326.0,4204.714285714285,4029.857142857143,1027.2571431220294,831.4162265670144,1,0,0,0,0,0,0,0,0,0,0
2012-06-05,3772,1,5,6,2012,23,0,3993.0,3277.0,2713.0,3577.0,4193.714285714285,4017.964285714286,1029.3502342555232,829.4024391600543,1,0,0,0,0,0,0,0,0,0,0
2012-06-06,3558,2,6,6,2012,23,0,3772.0,2977.0,2852.0,3501.0,4264.428571428572,4024.928571428572,971.2402478520002,826.3757968817511,1,0,0,0,0,0,0,0,0,0,0
2012-06-07,3724,3,7,6,2012,23,0,3558.0,3546.0,3272.0,3735.0,4347.428571428572,4026.964285714286,861.5095002654435,825.1065691952111,1,0,0,0,0,0,0,0,0,0,0
2012-06-08,4448,4,8,6,2012,23,0,3724.0,4575.0,4120.0,4293.0,4372.857142857143,4026.571428571429,836.1659381907823,825.2533361235568,1,0,0,0,0,0,0,0,0,0,0
2012-06-09,4946,5,9,6,2012,23,1,4448.0,5652.0,4700.0,5546.0,4354.714285714285,4032.107142857143,832.4183071600679,827.6231625603167,1,0,0,0,0,0,0,0,0,0,0
2012-06-10,5484,6,10,6,2012,23,1,4946.0,5336.0,4572.0,4390.0,4253.857142857143,4010.678571428572,677.3705112593883,794.061153236548,1,0,0,0,0,0,0,0,0,0,0
2012-06-11,4310,0,11,6,2012,24,0,5484.0,3993.0,4070.0,3397.0,4275.0,4049.75,717.8758017001702,839.056817261253,0,0,0,0,0,0,0,0,0,0,0
2012-06-12,3845,1,12,6,2012,24,0,4310.0,3772.0,3277.0,3429.0,4320.285714285715,4082.357142857143,707.0383568769332,830.4465204216428,0,1,0,1,0,0,0,1,0,0,0
2012-06-13,3734,2,13,6,2012,24,0,3845.0,3558.0,2977.0,3570.0,4330.714285714285,4097.214285714285,698.0851701346335,822.0029898631185,0,0,0,0,0,0,0,0,0,0,0
2012-06-14,3838,3,14,6,2012,24,0,3734.0,3724.0,3546.0,3339.0,4355.857142857143,4103.071428571428,668.1433051303229,818.6848047471018,0,0,0,0,0,0,0,0,0,0,0
2012-06-15,4683,4,15,6,2012,24,0,3838.0,4448.0,4575.0,4107.0,4372.142857142857,4120.892857142857,651.3535723326246,806.7808614894127,0,0,0,0,0,0,0,0,0,0,0
2012-06-16,5587,5,16,6,2012,24,1,4683.0,4946.0,5652.0,4904.0,4405.714285714285,4141.464285714285,661.8858698914037,813.7270669075596,0,0,0,0,0,0,0,0,0,0,0
2012-06-17,4618,6,17,6,2012,24,1,5587.0,5484.0,5336.0,5477.0,4497.285714285715,4165.857142857143,782.4520676023762,846.9892086542247,0,1,0,1,1,0,0,0,0,0,0
2012-06-18,3740,0,18,6,2012,25,0,4618.0,4310.0,3993.0,3583.0,4373.571428571428,4135.178571428572,659.1936632843805,812.5983497659336,0,0,0,0,0,0,0,0,0,0,0
2012-06-19,3486,1,19,6,2012,25,0,3740.0,3845.0,3772.0,2713.0,4292.142857142857,4140.785714285715,702.1603398491961,809.1815415565025,0,0,0,0,0,0,0,0,0,0,0
2012-06-20,3427,2,20,6,2012,25,0,3486.0,3734.0,3558.0,2852.0,4240.857142857143,4168.392857142857,751.630766749077,770.948205940825,0,0,0,0,0,0,0,0,0,0,0
2012-06-21,3580,3,21,6,2012,25,0,3427.0,3838.0,3724.0,3272.0,4197.0,4188.928571428572,793.9025968803285,741.6876615540922,0,1,0,1,0,0,0,1,0,0,0
2012-06-22,4760,4,22,6,2012,25,0,3580.0,4683.0,4448.0,4120.0,4160.142857142857,4199.928571428572,818.941070035245,729.7732742064634,0,0,0,0,0,0,0,0,0,0,0
2012-06-23,4891,5,23,6,2012,25,1,4760.0,5587.0,4946.0,4700.0,4171.142857142857,4222.785714285715,827.6058700797573,737.1623951514259,0,0,0,0,0,0,0,0,0,0,0
2012-06-24,5226,6,24,6,2012,25,1,4891.0,4618.0,5484.0,4572.0,4071.714285714286,4229.607142857143,652.4223361917501,742.6055400380665,0,0,0,0,0,0,0,0,0,0,0
2012-06-25,3654,0,25,6,2012,26,0,5226.0,3740.0,4310.0,4070.0,4158.571428571428,4252.964285714285,767.5792808439714,763.7575474388658,0,0,0,0,0,0,0,0,0,0,0
2012-06-26,3181,1,26,6,2012,26,0,3654.0,3486.0,3845.0,3277.0,4146.285714285715,4238.107142857143,776.0370941060532,771.4558790238191,0,0,0,0,0,0,0,0,0,0,0
2012-06-27,3253,2,27,6,2012,26,0,3181.0,3427.0,3734.0,2977.0,4102.714285714285,4234.678571428572,826.2275139221041,776.0849539967232,0,0,0,0,0,0,0,0,0,0,0
2012-06-28,3555,3,28,6,2012,26,0,3253.0,3580.0,3838.0,3546.0,4077.857142857143,4244.535714285715,852.15519489731,761.1280362502275,0,0,0,0,0,0,0,0,0,0,0
2012-06-29,4280,4,29,6,2012,26,0,3555.0,4760.0,4683.0,4575.0,4074.285714285714,4244.857142857143,854.6382693447372,760.8239546354203,0,0,0,0,0,0,0,0,0,0,0
2012-06-30,5356,5,30,6,2012,26,1,4280.0,4891.0,5587.0,5652.0,4005.714285714286,4234.321428571428,808.4593814339515,758.1206321273238,0,0,0,0,0,0,0,0,0,0,0
2012-07-01,5548,6,1,7,2012,26,1,5356.0,5226.0,4618.0,5336.0,4072.142857142857,4223.75,906.4850483362308,739.45393390688,1,0,0,0,0,0,0,0,0,0,0
2012-07-02,4155,0,2,7,2012,27,0,5548.0,3654.0,3740.0,3993.0,4118.142857142857,4231.321428571428,979.9869775616776,752.2391293145737,1,0,0,0,0,0,0,0,0,0,0
2012-07-03,4609,1,3,7,2012,27,0,4155.0,3181.0,3486.0,3772.0,4189.714285714285,4237.107142857143,958.4987766094958,750.9601429126425,1,0,0,0,0,0,0,0,0,0,0
2012-07-04,3497,2,4,7,2012,27,0,4609.0,3253.0,3427.0,3558.0,4393.714285714285,4267.0,854.3324322310959,748.4148681144736,1,1,0,1,0,1,0,0,0,0,0
2012-07-05,3455,3,5,7,2012,27,0,3497.0,3555.0,3580.0,3724.0,4428.571428571428,4264.821428571428,803.4991925204081,750.6406179401548,1,0,0,0,0,0,0,0,0,0,0
2012-07-06,4426,4,6,7,2012,27,0,3455.0,4280.0,4760.0,4448.0,4414.285714285715,4255.214285714285,822.2886180828281,759.4880028381071,1,0,0,0,0,0,0,0,0,0,0
2012-07-07,4784,5,7,7,2012,27,1,4426.0,5356.0,4891.0,4946.0,4435.142857142857,4254.428571428572,820.1636886563997,759.2925278554591,1,0,0,0,0,0,0,0,0,0,0
2012-07-08,5481,6,8,7,2012,27,1,4784.0,5548.0,5226.0,5484.0,4353.428571428572,4248.642857142857,737.4498530166518,754.4293018093622,1,0,0,0,0,0,0,0,0,0,0
2012-07-09,4280,0,9,7,2012,28,0,5481.0,4155.0,3654.0,4310.0,4343.857142857143,4248.535714285715,719.5796061060967,754.2475515688528,1,0,0,0,0,0,0,0,0,0,0
2012-07-10,3947,1,10,7,2012,28,0,4280.0,4609.0,3181.0,3845.0,4361.714285714285,4247.464285714285,715.6520836006141,754.1783108808984,1,0,0,0,0,0,0,0,0,0,0
2012-07-11,3678,2,11,7,2012,28,0,3947.0,3497.0,3253.0,3734.0,4267.142857142857,4251.107142857143,721.24647395358,752.4065754377051,0,0,0,0,0,0,0,0,0,0,0
2012-07-12,3778,3,12,7,2012,28,0,3678.0,3455.0,3555.0,3838.0,4293.0,4249.107142857143,691.6728513779684,753.9049620468963,0,0,0,0,0,0,0,0,0,0,0
2012-07-13,4322,4,13,7,2012,28,0,3778.0,4426.0,4280.0,4683.0,4339.142857142857,4246.964285714285,634.8943294153802,755.2009044516873,0,0,0,0,0,0,0,0,0,0,0
2012-07-14,4912,5,14,7,2012,28,1,4322.0,4784.0,5356.0,5587.0,4324.285714285715,4234.071428571428,633.7388300884683,750.5483392319244,0,0,0,0,0,0,0,0,0,0,0
2012-07-15,4954,6,15,7,2012,28,1,4912.0,5481.0,5548.0,4618.0,4342.571428571428,4209.964285714285,650.8302024191471,715.5059066010167,0,0,0,0,0,0,0,0,0,0,0
2012-07-16,3583,0,16,7,2012,29,0,4954.0,4280.0,4155.0,3740.0,4267.285714285715,4221.964285714285,513.0999624133366,725.352505983469,0,0,0,0,0,0,0,0,0,0,0
2012-07-17,3493,1,17,7,2012,29,0,3583.0,3947.0,4609.0,3486.0,4167.714285714285,4216.357142857143,574.2115505298561,729.8093213316997,0,0,0,0,0,0,0,0,0,0,0
2012-07-18,3285,2,18,7,2012,29,0,3493.0,3678.0,3497.0,3427.0,4102.857142857143,4216.607142857143,626.5504578168253,729.5510206962447,0,0,0,0,0,0,0,0,0,0,0
2012-07-19,3491,3,19,7,2012,29,0,3285.0,3778.0,3455.0,3580.0,4046.714285714286,4211.535714285715,685.7739458173534,735.7107665452319,0,0,0,0,0,0,0,0,0,0,0
2012-07-20,4488,4,20,7,2012,29,0,3491.0,4322.0,4426.0,4760.0,4005.714285714286,4208.357142857143,712.5727364710935,738.7263922046329,0,1,0,1,0,0,1,0,0,0,0
2012-07-21,5011,5,21,7,2012,29,1,4488.0,4912.0,4784.0,4891.0,4029.428571428572,4198.642857142857,727.4597026967314,732.9695670649478,0,0,0,0,0,0,0,0,0,0,0
2012-07-22,5301,6,22,7,2012,29,1,5011.0,4954.0,5481.0,5226.0,4043.571428571429,4202.928571428572,748.1461214546371,737.5045475601818,0,0,0,0,0,0,0,0,0,0,0
2012-07-23,3560,0,23,7,2012,30,0,5301.0,3583.0,4280.0,3654.0,4093.142857142857,4205.607142857143,825.9722409725039,741.4833650782878,0,0,0,0,0,0,0,0,0,0,0
2012-07-24,3255,1,24,7,2012,30,0,3560.0,3493.0,3947.0,3181.0,4089.857142857143,4202.25,828.3820432166591,744.2808423049817,0,0,0,0,0,0,0,0,0,0,0
2012-07-25,3182,2,25,7,2012,30,0,3255.0,3285.0,3678.0,3253.0,4055.857142857143,4204.892857142857,861.1965374933145,740.6426808440231,0,0,0,0,0,0,0,0,0,0,0
2012-07-26,3575,3,26,7,2012,30,0,3182.0,3491.0,3778.0,3555.0,4041.142857142857,4202.357142857143,877.2919370751907,744.1356514271162,0,0,0,0,0,0,0,0,0,0,0
2012-07-27,3750,4,27,7,2012,30,0,3575.0,4488.0,4322.0,4280.0,4053.142857142857,4203.071428571428,869.0484122631722,743.5005755344756,0,0,0,0,0,0,0,0,0,0,0
2012-07-28,3971,5,28,7,2012,30,1,3750.0,5011.0,4912.0,5356.0,3947.714285714286,4184.142857142857,852.1012682941915,748.2012362640687,0,0,0,0,0,0,0,0,0,0,0
2012-07-29,4161,6,29,7,2012,30,1,3971.0,5301.0,4954.0,5548.0,3799.142857142857,4134.678571428572,715.5313709804359,712.8038041617795,0,0,0,0,0,0,0,0,0,0,0
2012-07-30,3406,0,30,7,2012,31,0,4161.0,3560.0,3583.0,4155.0,3636.285714285714,4085.142857142857,356.28159007808966,656.9547994083002,0,0,0,0,0,0,0,0,0,0,0
2012-07-31,3401,1,31,7,2012,31,0,3406.0,3255.0,3493.0,4609.0,3614.285714285714,4058.392857142857,366.3885525348357,669.1409273746618,0,0,0,0,0,0,0,0,0,0,0
2012-08-01,3819,2,1,8,2012,31,0,3401.0,3182.0,3285.0,3497.0,3635.142857142857,4015.25,346.12205389208685,671.2652301879276,1,0,0,0,0,0,0,0,0,0,0
2012-08-02,4307,3,2,8,2012,31,0,3819.0,3575.0,3491.0,3455.0,3726.142857142857,4026.75,285.56985635242177,664.7847674526163,1,0,0,0,0,0,0,0,0,0,0
2012-08-03,4470,4,3,8,2012,31,0,4307.0,3750.0,4488.0,4426.0,3830.714285714286,4057.178571428572,348.1631391008686,657.099803771386,1,0,0,0,0,0,0,0,0,0,0
2012-08-04,5143,5,4,8,2012,31,1,4470.0,3971.0,5011.0,4784.0,3933.571428571429,4058.75,419.408256611961,658.066394545126,1,0,0,0,0,0,0,0,0,0,0
2012-08-05,5538,6,5,8,2012,31,1,5143.0,4161.0,5301.0,5481.0,4101.0,4071.571428571429,621.8936136242795,675.9737792729404,1,0,0,0,0,0,0,0,0,0,0
2012-08-06,4378,0,6,8,2012,32,0,5538.0,3406.0,3560.0,4280.0,4297.714285714285,4073.607142857143,827.7482939246901,680.4465494171811,1,0,0,0,0,0,0,0,0,0,0
2012-08-07,3855,1,7,8,2012,32,0,4378.0,3401.0,3255.0,3947.0,4436.571428571428,4077.107142857143,728.8490600809943,681.798185589407,1,0,0,0,0,0,0,0,0,0,0
2012-08-08,3924,2,8,8,2012,32,0,3855.0,3819.0,3182.0,3678.0,4501.428571428572,4073.821428571429,635.570310074043,682.6695450010563,1,0,0,0,0,0,0,0,0,0,0
2012-08-09,3810,3,9,8,2012,32,0,3924.0,4307.0,3575.0,3778.0,4516.428571428572,4082.607142857143,617.7698754776046,678.9596802126683,1,0,0,0,0,0,0,0,0,0,0
2012-08-10,4561,4,10,8,2012,32,0,3810.0,4470.0,3750.0,4322.0,4445.428571428572,4083.75,672.028237785399,678.4547052213792,1,0,0,0,0,0,0,0,0,0,0
2012-08-11,5529,5,11,8,2012,32,1,4561.0,5143.0,3971.0,4912.0,4458.428571428572,4092.285714285714,673.4614211031557,683.0510450608517,0,0,0,0,0,0,0,0,0,0,0
2012-08-12,5284,6,12,8,2012,32,1,5529.0,5538.0,4161.0,4954.0,4513.571428571428,4114.321428571428,750.2779167621478,719.4572570410184,0,0,0,0,0,0,0,0,0,0,0
2012-08-13,3864,0,13,8,2012,33,0,5284.0,4378.0,3406.0,3583.0,4477.285714285715,4126.107142857143,696.7055127014337,736.2292486812431,0,0,0,0,0,0,0,0,0,0,0
2012-08-14,3762,1,14,8,2012,33,0,3864.0,3855.0,3401.0,3493.0,4403.857142857143,4136.142857142857,734.9502088739115,730.444294744547,0,0,0,0,0,0,0,0,0,0,0
2012-08-15,3471,2,15,8,2012,33,0,3762.0,3924.0,3819.0,3285.0,4390.571428571428,4145.75,747.2629740465862,723.407196689536,0,0,0,0,0,0,0,0,0,0,0
2012-08-16,3902,3,16,8,2012,33,0,3471.0,3810.0,4307.0,3491.0,4325.857142857143,4152.392857142857,811.2766541222585,716.0267602740572,0,0,0,0,0,0,0,0,0,0,0
2012-08-17,4366,4,17,8,2012,33,0,3902.0,4561.0,4470.0,4488.0,4339.0,4167.071428571428,802.2214989224175,706.1101020311683,0,0,0,0,0,0,0,0,0,0,0
2012-08-18,5898,5,18,8,2012,33,1,4366.0,5529.0,5143.0,5011.0,4311.142857142857,4162.714285714285,796.5936706944597,704.4308370825307,0,0,0,0,0,0,0,0,0,0,0
2012-08-19,5934,6,19,8,2012,33,1,5898.0,5284.0,5538.0,5301.0,4363.857142857143,4194.392857142857,896.5542237870908,761.6148700737473,0,1,0,1,0,0,1,0,0,0,0
2012-08-20,3896,0,20,8,2012,34,0,5934.0,3864.0,4378.0,3560.0,4456.714285714285,4217.0,1031.2763474267704,803.8999384942765,0,0,0,0,0,0,0,0,0,0,0
2012-08-21,3564,1,21,8,2012,34,0,3896.0,3762.0,3855.0,3255.0,4461.285714285715,4229.0,1028.277639921194,796.2004214461969,0,0,0,0,0,0,0,0,0,0,0
2012-08-22,3255,2,22,8,2012,34,0,3564.0,3471.0,3924.0,3182.0,4433.0,4240.035714285715,1053.142123995299,784.2521080925503,0,0,0,0,0,0,0,0,0,0,0
2012-08-23,3208,3,23,8,2012,34,0,3255.0,3902.0,3810.0,3575.0,4402.142857142857,4242.642857142857,1088.5942661021472,780.7179134088384,0,0,0,0,0,0,0,0,0,0,0
2012-08-24,3686,4,24,8,2012,34,0,3208.0,4366.0,4561.0,3750.0,4303.0,4229.535714285715,1170.2744692307572,795.2866001983291,0,0,0,0,0,0,0,0,0,0,0
2012-08-25,5082,5,25,8,2012,34,1,3686.0,5898.0,5529.0,3971.0,4205.857142857143,4227.25,1192.191040140159,796.8063859349128,0,0,0,0,0,0,0,0,0,0,0
2012-08-26,5283,6,26,8,2012,34,1,5082.0,5934.0,5284.0,4161.0,4089.285714285714,4266.928571428572,1027.7056508368062,811.1071961201392,0,0,0,0,0,0,0,0,0,0,0
2012-08-27,3423,0,27,8,2012,35,0,5283.0,3896.0,3864.0,3406.0,3996.285714285714,4307.0,846.4153263982782,833.0973443632954,0,0,0,0,0,0,0,0,0,0,0
2012-08-28,3144,1,28,8,2012,35,0,3423.0,3564.0,3762.0,3401.0,3928.714285714286,4307.607142857143,874.1807048670797,832.4223171090224,0,0,0,0,0,0,0,0,0,0,0
2012-08-29,2879,2,29,8,2012,35,0,3144.0,3255.0,3471.0,3819.0,3868.714285714286,4298.428571428572,916.7616401016704,844.1237590750012,0,0,0,0,0,0,0,0,0,0,0
2012-08-30,3242,3,30,8,2012,35,0,2879.0,3208.0,3902.0,4307.0,3815.0,4264.857142857143,968.2806067113672,881.7508136398217,0,0,0,0,0,0,0,0,0,0,0
2012-08-31,4095,4,31,8,2012,35,0,3242.0,3686.0,4366.0,4470.0,3819.857142857143,4226.821428571428,964.8073086669395,902.5895689039234,0,0,0,0,0,0,0,0,0,0,0
2012-09-01,5894,5,1,9,2012,35,1,4095.0,5082.0,5898.0,5143.0,3878.285714285714,4213.428571428572,967.7299406834728,901.6292425411242,1,0,0,0,0,0,0,0,0,0,0
2012-09-02,5403,6,2,9,2012,35,1,5894.0,5283.0,5934.0,5538.0,3994.285714285714,4240.25,1164.688186352283,940.6327116085952,1,0,0,0,0,0,0,0,0,0,0
2012-09-03,5157,0,3,9,2012,36,0,5403.0,3423.0,3896.0,4378.0,4011.428571428572,4235.428571428572,1187.4781200991808,934.0574345324176,1,1,0,1,0,1,0,0,0,0,0
2012-09-04,3921,1,4,9,2012,36,0,5157.0,3144.0,3564.0,3855.0,4259.142857142857,4263.25,1224.5526296803826,949.927935863202,1,0,0,0,0,0,0,0,0,0,0
2012-09-05,3369,2,5,9,2012,36,0,3921.0,2879.0,3255.0,3924.0,4370.142857142857,4265.607142857143,1138.838945091508,948.958779859803,1,0,0,0,0,0,0,0,0,0,0
2012-09-06,3242,3,6,9,2012,36,0,3369.0,3242.0,3208.0,3810.0,4440.142857142857,4245.785714285715,1042.9289570837532,962.0641911725528,1,0,0,0,0,0,0,0,0,0,0
2012-09-07,4074,4,7,9,2012,36,0,3242.0,4095.0,3686.0,4561.0,4440.142857142857,4225.5,1042.9289570837532,977.4584769053182,1,0,0,0,0,0,0,0,0,0,0
2012-09-08,4844,5,8,9,2012,36,1,4074.0,5894.0,5082.0,5529.0,4437.142857142857,4208.107142857143,1044.116760484097,975.5985566055252,1,0,0,0,0,0,0,0,0,0,0
2012-09-09,5704,6,9,9,2012,36,1,4844.0,5403.0,5283.0,5284.0,4287.142857142857,4183.642857142857,858.9410978197556,949.4880185418286,1,0,0,0,0,0,0,0,0,0,0
2012-09-10,3714,0,10,9,2012,37,0,5704.0,5157.0,3423.0,3864.0,4330.142857142857,4198.642857142857,928.8059410826748,970.5981818898184,1,0,0,0,0,0,0,0,0,0,0
2012-09-11,3264,1,11,9,2012,37,0,3714.0,3921.0,3144.0,3762.0,4124.0,4193.285714285715,873.1702773991634,972.924794670506,0,0,0,0,0,0,0,0,0,0,0
2012-09-12,3044,2,12,9,2012,37,0,3264.0,3369.0,2879.0,3471.0,4030.142857142857,4175.5,931.9589455498968,985.570693858428,0,0,0,0,0,0,0,0,0,0,0
2012-09-13,3348,3,13,9,2012,37,0,3044.0,3242.0,3242.0,3902.0,3983.714285714286,4160.25,977.3743251326848,1000.0722057264952,0,0,0,0,0,0,0,0,0,0,0
2012-09-14,4097,4,14,9,2012,37,0,3348.0,4074.0,4095.0,4366.0,3998.857142857143,4140.464285714285,964.7064196896772,1010.7935086830336,0,0,0,0,0,0,0,0,0,0,0
2012-09-15,5011,5,15,9,2012,37,1,4097.0,4844.0,5894.0,5898.0,4002.142857142857,4130.857142857143,965.0441144616874,1009.8484196590206,0,0,0,0,0,0,0,0,0,0,0
2012-09-16,5224,6,16,9,2012,37,1,5011.0,5704.0,5403.0,5934.0,4026.0,4099.178571428572,991.038680711639,965.2900563339152,0,0,0,0,0,0,0,0,0,0,0
2012-09-17,3364,0,17,9,2012,38,0,5224.0,3714.0,5157.0,3896.0,3957.428571428572,4073.821428571429,864.0555262139999,923.7372182675596,0,0,0,0,0,0,0,0,0,0,0
2012-09-18,3290,1,18,9,2012,38,0,3364.0,3264.0,3921.0,3564.0,3907.428571428572,4054.821428571429,890.220170733596,932.9554811962738,0,0,0,0,0,0,0,0,0,0,0
2012-09-19,2980,2,19,9,2012,38,0,3290.0,3044.0,3369.0,3255.0,3911.142857142857,4045.035714285714,887.1370485202065,939.7069078980496,0,0,0,0,0,0,0,0,0,0,0
2012-09-20,3102,3,20,9,2012,38,0,2980.0,3348.0,3242.0,3208.0,3902.0,4035.214285714286,897.8286770499891,949.6542980023188,0,0,0,0,0,0,0,0,0,0,0
2012-09-21,3918,4,21,9,2012,38,0,3102.0,4097.0,4074.0,3686.0,3866.857142857143,4031.428571428572,927.4532204863362,953.2784144465488,0,0,0,0,0,0,0,0,0,0,0
2012-09-22,5121,5,22,9,2012,38,1,3918.0,5011.0,4844.0,5082.0,3841.285714285714,4039.714285714286,922.5046909159354,951.1707350395924,0,0,0,0,0,0,0,0,0,0,0
2012-09-23,5349,6,23,9,2012,38,1,5121.0,5224.0,5704.0,5283.0,3857.0,4041.107142857143,946.3788881837976,952.780738807926,0,0,0,0,0,0,0,0,0,0,0
2012-09-24,3106,0,24,9,2012,39,0,5349.0,3364.0,3714.0,3423.0,3874.857142857143,4043.464285714286,977.1506926725666,956.042982225394,0,0,0,0,0,0,0,0,0,0,0
2012-09-25,2939,1,25,9,2012,39,0,3106.0,3290.0,3264.0,3144.0,3838.0,4032.142857142857,1004.1246602555552,965.4928779408413,0,0,0,0,0,0,0,0,0,0,0
2012-09-26,2838,2,26,9,2012,39,0,2939.0,2980.0,3044.0,2879.0,3787.857142857143,4024.821428571429,1044.022258474635,973.2235118246192,0,0,0,0,0,0,0,0,0,0,0
2012-09-27,2676,3,27,9,2012,39,0,2838.0,3102.0,3348.0,3242.0,3767.571428571429,4023.357142857143,1063.5326130625335,975.0404821333998,0,0,0,0,0,0,0,0,0,0,0
2012-09-28,3837,4,28,9,2012,39,0,2676.0,3918.0,4097.0,4095.0,3706.714285714286,4003.142857142857,1118.7215492524967,997.4489206001178,0,0,0,0,0,0,0,0,0,0,0
2012-09-29,4722,5,29,9,2012,39,1,3837.0,5121.0,5011.0,5894.0,3695.142857142857,3993.928571428572,1116.588767716422,997.760563891525,0,0,0,0,0,0,0,0,0,0,0
2012-09-30,5091,6,30,9,2012,39,1,4722.0,5349.0,5224.0,5403.0,3638.142857142857,3952.071428571429,1039.1700901154145,937.8850489688788,0,0,0,0,0,0,0,0,0,0,0
2012-10-01,3957,0,1,10,2012,40,0,5091.0,3106.0,3364.0,5157.0,3601.285714285714,3940.928571428572,970.6955778007374,921.722498954732,1,0,0,0,0,0,0,0,0,0,0
2012-10-02,3822,1,2,10,2012,40,0,3957.0,2939.0,3290.0,3921.0,3722.857142857143,3898.071428571429,951.4258472719482,890.4525245136258,1,0,0,0,0,0,0,0,0,0,0
2012-10-03,3646,2,3,10,2012,40,0,3822.0,2838.0,2980.0,3369.0,3849.0,3894.535714285714,886.4987309635588,890.5546537242013,1,0,0,0,0,0,0,0,0,0,0
2012-10-04,3295,3,4,10,2012,40,0,3646.0,2676.0,3102.0,3242.0,3964.428571428572,3904.428571428572,779.0059599992063,886.0274817479926,1,0,0,0,0,0,0,0,0,0,0
2012-10-05,3653,4,5,10,2012,40,0,3295.0,3837.0,3918.0,4074.0,4052.857142857143,3906.321428571429,629.0801296526604,884.6153821512576,1,0,0,0,0,0,0,0,0,0,0
2012-10-06,5038,5,6,10,2012,40,1,3653.0,4722.0,5121.0,4844.0,4026.571428571429,3891.285714285714,643.2865761444256,885.2374386294978,1,0,0,0,0,0,0,0,0,0,0
2012-10-07,5583,6,7,10,2012,40,1,5038.0,5091.0,5349.0,5704.0,4071.714285714286,3898.214285714286,708.0498368254665,893.6891645036958,1,0,0,0,0,0,0,0,0,0,0
2012-10-08,4069,0,8,10,2012,41,0,5583.0,3957.0,3106.0,3714.0,4142.0,3893.892857142857,838.4974657087507,884.8830573201559,1,1,0,1,0,1,0,0,0,0,0
2012-10-09,3431,1,9,10,2012,41,0,4069.0,3822.0,2939.0,3264.0,4158.0,3906.571428571429,835.4419987846737,884.7533001443924,1,0,0,0,0,0,0,0,0,0,0
2012-10-10,3106,2,10,10,2012,41,0,3431.0,3646.0,2838.0,3044.0,4102.142857142857,3912.535714285714,873.8395025349186,880.8152991801587,1,0,0,0,0,0,0,0,0,0,0
2012-10-11,3029,3,11,10,2012,41,0,3106.0,3295.0,2676.0,3348.0,4025.0,3914.75,941.9969922103425,878.6262267291407,0,0,0,0,0,0,0,0,0,0,0
2012-10-12,3730,4,12,10,2012,41,0,3029.0,3653.0,3837.0,4097.0,3987.0,3903.357142857143,980.9143693513716,888.2626077447206,0,0,0,0,0,0,0,0,0,0,0
2012-10-13,4226,5,13,10,2012,41,1,3730.0,5038.0,4722.0,5011.0,3998.0,3890.25,976.968440295454,888.0070747549289,0,0,0,0,0,0,0,0,0,0,0
2012-10-14,4773,6,14,10,2012,41,1,4226.0,5583.0,5091.0,5224.0,3882.0,3862.214285714286,875.8801287847556,863.3626488863499,0,0,0,0,0,0,0,0,0,0,0
2012-10-15,3348,0,15,10,2012,42,0,4773.0,4069.0,3957.0,3364.0,3766.285714285714,3846.107142857143,633.7385670989044,840.9314209624326,0,0,0,0,0,0,0,0,0,0,0
2012-10-16,2870,1,16,10,2012,42,0,3348.0,3431.0,3822.0,3290.0,3663.285714285714,3845.535714285714,634.9293174009531,841.2765204511684,0,0,0,0,0,0,0,0,0,0,0
2012-10-17,2938,2,17,10,2012,42,0,2870.0,3106.0,3646.0,2980.0,3583.1428571428573,3830.535714285714,701.0940090485814,855.1780616899374,0,0,0,0,0,0,0,0,0,0,0
2012-10-18,2784,3,18,10,2012,42,0,2938.0,3029.0,3295.0,3102.0,3559.1428571428573,3829.035714285714,722.6927490461022,856.7605431547776,0,0,0,0,0,0,0,0,0,0,0
2012-10-19,3326,4,19,10,2012,42,0,2784.0,3730.0,3653.0,3918.0,3524.1428571428573,3817.678571428572,757.7300373641082,868.7784124241182,0,0,0,0,0,0,0,0,0,0,0
2012-10-20,4226,5,20,10,2012,42,1,3326.0,4226.0,5038.0,5121.0,3466.428571428572,3796.535714285714,754.8173856730444,873.4375884397592,0,0,0,0,0,0,0,0,0,0,0
2012-10-21,4554,6,21,10,2012,42,1,4226.0,4773.0,5583.0,5349.0,3466.428571428572,3764.571428571429,754.8173856730444,838.8648162214047,0,0,0,0,0,0,0,0,0,0,0
2012-10-22,3035,0,22,10,2012,43,0,4554.0,3348.0,4069.0,3106.0,3435.1428571428573,3736.178571428572,693.7010471789321,795.5886268842111,0,0,0,0,0,0,0,0,0,0,0
2012-10-23,2845,1,23,10,2012,43,0,3035.0,2870.0,3431.0,2939.0,3390.428571428572,3733.642857142857,710.146899625439,797.7816564878906,0,0,0,0,0,0,0,0,0,0,0
2012-10-24,2566,2,24,10,2012,43,0,2845.0,2938.0,3106.0,2838.0,3386.8571428571427,3730.285714285714,713.2564822865712,801.438838365226,0,0,0,0,0,0,0,0,0,0,0
2012-10-25,2764,3,25,10,2012,43,0,2566.0,2784.0,3029.0,2676.0,3333.714285714286,3720.571428571429,764.3050687358045,814.2016962131639,0,0,0,0,0,0,0,0,0,0,0
2012-10-26,3361,4,26,10,2012,43,0,2764.0,3326.0,3730.0,3837.0,3330.8571428571427,3723.714285714286,766.7360320587181,810.1801746179096,0,1,0,1,0,0,1,0,0,0,0
2012-10-27,4297,5,27,10,2012,43,1,3361.0,4226.0,4226.0,4722.0,3335.8571428571427,3706.714285714286,766.8131951071792,812.7050787176959,0,0,0,0,0,0,0,0,0,0,0
2012-10-28,4627,6,28,10,2012,43,1,4297.0,4554.0,4773.0,5091.0,3346.0,3691.535714285714,780.8900904310017,796.8549048716338,0,0,0,0,0,0,0,0,0,0,0
2012-10-29,3212,0,29,10,2012,44,0,4627.0,3035.0,3348.0,3957.0,3356.428571428572,3674.964285714286,799.9658028405278,771.0815627772575,0,0,0,0,0,0,0,0,0,0,0
2012-10-30,2926,1,30,10,2012,44,0,3212.0,2845.0,2870.0,3822.0,3381.714285714286,3648.357142857143,790.8581234510875,773.8377767735923,0,0,0,0,0,0,0,0,0,0,0
2012-10-31,2319,2,31,10,2012,44,0,2926.0,2566.0,2938.0,3646.0,3393.285714285714,3616.357142857143,782.2420158931478,784.8389414530573,0,1,0,1,1,0,0,0,0,0,0
2012-11-01,3176,3,1,11,2012,44,0,2319.0,2764.0,2784.0,3295.0,3358.0,3568.964285714286,829.8983873543422,822.1609954144893,1,0,0,0,0,0,0,0,0,0,0
2012-11-02,3914,4,2,11,2012,44,0,3176.0,3361.0,3326.0,3653.0,3416.8571428571427,3564.714285714286,794.6096376148984,823.9353110684044,1,0,0,0,0,0,0,0,0,0,0
2012-11-03,4839,5,3,11,2012,44,1,3914.0,4297.0,4226.0,5038.0,3495.8571428571427,3574.035714285714,815.3497058668423,826.4436743211169,1,0,0,0,0,0,0,0,0,0,0
2012-11-04,5096,6,4,11,2012,44,1,4839.0,4627.0,4554.0,5583.0,3573.285714285714,3566.928571428572,922.7682472296286,814.1520437022447,1,0,0,0,0,0,0,0,0,0,0
2012-11-05,3638,0,5,11,2012,45,0,5096.0,3212.0,3035.0,4069.0,3640.285714285714,3549.535714285714,1023.550147653698,773.6833729893665,1,0,0,0,0,0,0,0,0,0,0
2012-11-06,3003,1,6,11,2012,45,0,3638.0,2926.0,2845.0,3431.0,3701.142857142857,3534.1428571428573,1006.3615037303832,767.2261105840288,1,0,0,0,0,0,0,0,0,0,0
2012-11-07,3226,2,7,11,2012,45,0,3003.0,2319.0,2566.0,3106.0,3712.142857142857,3518.8571428571427,996.8526184231774,773.5943388224817,1,0,0,0,0,0,0,0,0,0,0
2012-11-08,3156,3,8,11,2012,45,0,3226.0,3176.0,2764.0,3029.0,3841.714285714286,3523.1428571428573,830.6882115221729,771.5521016124816,1,0,0,0,0,0,0,0,0,0,0
2012-11-09,3894,4,9,11,2012,45,0,3156.0,3914.0,3361.0,3730.0,3838.857142857143,3527.678571428572,833.3895504847324,768.9083677801403,1,0,0,0,0,0,0,0,0,0,0
2012-11-10,5075,5,10,11,2012,45,1,3894.0,4839.0,4297.0,4226.0,3836.0,3533.535714285714,833.1232401831885,771.1280569131962,1,0,0,0,0,0,0,0,0,0,0
2012-11-11,4781,6,11,11,2012,45,1,5075.0,5096.0,4627.0,4773.0,3869.714285714286,3563.8571428571427,883.7157752516206,814.8188035015355,0,1,0,1,0,1,0,0,0,0,0
2012-11-12,3505,0,12,11,2012,46,0,4781.0,3638.0,3212.0,3348.0,3824.714285714286,3564.1428571428573,816.3140152101843,815.2597729279231,0,0,0,0,0,0,0,0,0,0,0
2012-11-13,2886,1,13,11,2012,46,0,3505.0,3003.0,2926.0,2870.0,3805.714285714286,3569.75,822.9053639971243,814.2574269894004,0,0,0,0,0,0,0,0,0,0,0
2012-11-14,2495,2,14,11,2012,46,0,2886.0,3226.0,2319.0,2938.0,3789.0,3570.3214285714284,842.8728650672463,813.7536279066339,0,0,0,0,0,0,0,0,0,0,0
2012-11-15,2778,3,15,11,2012,46,0,2495.0,3156.0,3176.0,2784.0,3684.571428571429,3554.5,961.2264487176202,830.6343180788775,0,0,0,0,0,0,0,0,0,0,0
2012-11-16,3566,4,16,11,2012,46,0,2778.0,3894.0,3914.0,3326.0,3630.571428571429,3554.285714285714,1005.469186854718,830.8412005486318,0,0,0,0,0,0,0,0,0,0,0
2012-11-17,4817,5,17,11,2012,46,1,3566.0,5075.0,4839.0,4226.0,3583.714285714286,3562.8571428571427,998.7671924737552,829.6359627498207,0,0,0,0,0,0,0,0,0,0,0
2012-11-18,4441,6,18,11,2012,46,1,4817.0,4781.0,5096.0,4554.0,3546.8571428571427,3583.964285714286,937.4403854061754,854.2839532329483,0,0,0,0,0,0,0,0,0,0,0
2012-11-19,3385,0,19,11,2012,47,0,4441.0,3505.0,3638.0,3035.0,3498.285714285714,3579.928571428572,869.1600762202787,849.786767527326,0,0,0,0,0,0,0,0,0,0,0
2012-11-20,3585,1,20,11,2012,47,0,3385.0,2886.0,3003.0,2845.0,3481.1428571428573,3592.428571428572,870.1883758841027,844.0288931587377,0,0,0,0,0,0,0,0,0,0,0
2012-11-21,3843,2,21,11,2012,47,0,3585.0,2495.0,3226.0,2566.0,3581.0,3618.857142857143,829.6744341406869,831.2471092363256,0,0,0,0,0,0,0,0,0,0,0
2012-11-22,2054,3,22,11,2012,47,0,3843.0,2778.0,3156.0,2764.0,3773.571428571429,3664.464285714286,678.2108465521277,805.9898208227152,0,1,0,1,0,1,0,0,0,0,0
2012-11-23,2369,4,23,11,2012,47,0,2054.0,3566.0,3894.0,3361.0,3670.142857142857,3639.107142857143,880.4071839346902,845.5654404131919,0,0,0,0,0,0,0,0,0,0,0
2012-11-24,2964,5,24,11,2012,47,1,2369.0,4817.0,5075.0,4297.0,3499.1428571428573,3603.678571428572,1010.6219914111372,877.8164852325473,0,0,0,0,0,0,0,0,0,0,0
2012-11-25,3639,6,25,11,2012,47,1,2964.0,4441.0,4781.0,4627.0,3234.428571428572,3556.0714285714284,835.3897009066828,874.9645888526135,0,0,0,0,0,0,0,0,0,0,0
2012-11-26,2931,0,26,11,2012,48,0,3639.0,3385.0,3505.0,3212.0,3119.8571428571427,3520.785714285714,683.5243054862655,849.7347890019585,0,0,0,0,0,0,0,0,0,0,0
2012-11-27,2657,1,27,11,2012,48,0,2931.0,3585.0,2886.0,2926.0,3055.0,3510.75,675.6668311132879,855.1587950870913,0,0,0,0,0,0,0,0,0,0,0
2012-11-28,2456,2,28,11,2012,48,0,2657.0,3843.0,2495.0,2319.0,2922.428571428572,3501.1428571428573,644.6745579858818,863.4422803109438,0,0,0,0,0,0,0,0,0,0,0
2012-11-29,2277,3,29,11,2012,48,0,2456.0,2054.0,2778.0,3176.0,2724.285714285714,3506.035714285714,514.6052578710977,856.8584083794551,0,0,0,0,0,0,0,0,0,0,0
2012-11-30,3079,4,30,11,2012,48,0,2277.0,2369.0,3566.0,3914.0,2756.1428571428573,3473.928571428572,471.2728963744364,886.0296763097601,0,0,0,0,0,0,0,0,0,0,0
2012-12-01,5085,5,1,12,2012,48,1,3079.0,2964.0,4817.0,4839.0,2857.5714285714284,3444.1071428571427,449.9873543196807,884.7204345749499,1,0,0,0,0,0,0,0,0,0,0
2012-12-02,4097,6,2,12,2012,48,1,5085.0,3639.0,4441.0,5096.0,3160.5714285714284,3452.8928571428573,959.3730343550542,900.1719728406465,1,0,0,0,0,0,0,0,0,0,0
2012-12-03,3804,0,3,12,2012,49,0,4097.0,2931.0,3385.0,3638.0,3226.0,3417.214285714286,1011.6338270342708,851.0949094980746,1,0,0,0,0,0,0,0,0,0,0
2012-12-04,2983,1,4,12,2012,49,0,3804.0,2657.0,3585.0,3003.0,3350.714285714286,3423.1428571428573,1022.95335740618,853.2652192557279,1,0,0,0,0,0,0,0,0,0,0
2012-12-05,2834,2,5,12,2012,49,0,2983.0,2456.0,3843.0,3226.0,3397.285714285714,3422.428571428572,993.092260615922,853.6382453757826,1,0,0,0,0,0,0,0,0,0,0
2012-12-06,3141,3,6,12,2012,49,0,2834.0,2277.0,2054.0,3156.0,3451.285714285714,3408.428571428572,942.3599302258356,860.1685635222602,1,0,0,0,0,0,0,0,0,0,0
2012-12-07,3762,4,7,12,2012,49,0,3141.0,3079.0,2369.0,3894.0,3574.714285714286,3407.8928571428573,810.240851904692,860.3362537849433,1,0,0,0,0,0,0,0,0,0,0
2012-12-08,4849,5,8,12,2012,49,1,3762.0,5085.0,2964.0,5075.0,3672.285714285714,3403.178571428572,781.2002974666018,857.9322279014518,1,0,0,0,0,0,0,0,0,0,0
2012-12-09,4702,6,9,12,2012,49,1,4849.0,4097.0,3639.0,4781.0,3638.571428571429,3395.1071428571427,712.1074022792874,842.5463319180509,1,0,0,0,0,0,0,0,0,0,0
2012-12-10,3682,0,10,12,2012,50,0,4702.0,3804.0,2931.0,3505.0,3725.0,3392.285714285714,807.3636107727433,837.8527165338581,1,0,0,0,0,0,0,0,0,0,0
2012-12-11,3004,1,11,12,2012,50,0,3682.0,2983.0,2657.0,2886.0,3707.571428571429,3398.6071428571427,806.6905348692402,839.4009036116878,0,0,0,0,0,0,0,0,0,0,0
2012-12-12,2856,2,12,12,2012,50,0,3004.0,2834.0,2456.0,2495.0,3710.571428571429,3402.8214285714284,803.5798772042646,837.0248482338129,0,0,0,0,0,0,0,0,0,0,0
2012-12-13,2856,3,13,12,2012,50,0,2856.0,3141.0,2277.0,2778.0,3713.714285714286,3415.714285714286,799.6133887251847,825.2206374837527,0,0,0,0,0,0,0,0,0,0,0
2012-12-14,3467,4,14,12,2012,50,0,2856.0,3762.0,3079.0,3566.0,3673.0,3418.5,839.876776676199,823.1171331073152,0,0,0,0,0,0,0,0,0,0,0
2012-12-15,4475,5,15,12,2012,50,1,3467.0,4849.0,5085.0,4817.0,3630.857142857143,3414.964285714286,842.0650071048426,822.6725860647264,0,0,0,0,0,0,0,0,0,0,0
2012-12-16,4542,6,16,12,2012,50,1,4475.0,4702.0,4097.0,4441.0,3577.428571428572,3402.75,759.7328164433567,803.3985508335651,0,1,0,1,0,0,1,0,0,0,0
2012-12-17,3188,0,17,12,2012,51,0,4542.0,3682.0,3804.0,3385.0,3554.5714285714284,3406.3571428571427,721.7159776400653,808.4436907158049,0,0,0,0,0,0,0,0,0,0,0
2012-12-18,3277,1,18,12,2012,51,0,3188.0,3004.0,2983.0,3585.0,3484.0,3399.3214285714284,731.2680766996486,809.492985057396,0,0,0,0,0,0,0,0,0,0,0
2012-12-19,2968,2,19,12,2012,51,0,3277.0,2856.0,2834.0,3843.0,3523.0,3388.3214285714284,708.3219606930192,808.9688934902945,0,0,0,0,0,0,0,0,0,0,0
2012-12-20,3266,3,20,12,2012,51,0,2968.0,2856.0,3141.0,2054.0,3539.0,3357.0714285714284,691.8169314686289,807.6537087313498,0,0,0,0,0,0,0,0,0,0,0
2012-12-21,3748,4,21,12,2012,51,0,3266.0,3467.0,3762.0,2369.0,3597.5714285714284,3400.3571428571427,639.751216526879,766.6680779835121,0,0,0,0,0,0,0,0,0,0,0
2012-12-22,4528,5,22,12,2012,51,1,3748.0,4475.0,4849.0,2964.0,3637.714285714286,3449.6071428571427,639.0082717998054,741.8520536985192,0,0,0,0,0,0,0,0,0,0,0
2012-12-23,4171,6,23,12,2012,51,1,4528.0,4542.0,4702.0,3639.0,3645.285714285714,3505.464285714286,650.787910737367,762.5264285470998,0,0,0,0,0,0,0,0,0,0,0
2012-12-24,3370,0,24,12,2012,52,0,4171.0,3188.0,3682.0,2931.0,3592.285714285714,3524.464285714286,576.4496839232725,772.5392226476865,0,0,0,0,0,0,0,0,0,0,0
2012-12-25,0,1,25,12,2012,52,0,3370.0,3277.0,3004.0,2657.0,3618.285714285714,3540.1428571428573,559.0166110488793,764.4613554792389,0,1,0,1,0,1,0,0,0,0,1
2012-12-26,2862,2,26,12,2012,52,0,0.0,2968.0,2856.0,2456.0,3150.1428571428573,3445.25,1489.7655775961805,1005.1602276917469,0,0,0,0,0,0,0,0,0,0,0
2012-12-27,2973,3,27,12,2012,52,0,2862.0,3266.0,2856.0,2277.0,3135.0,3459.75,1492.4618364746675,993.2186594882048,0,0,0,0,0,0,0,0,0,0,0
2012-12-28,3378,4,28,12,2012,52,0,2973.0,3748.0,3467.0,3079.0,3093.1428571428573,3484.6071428571427,1492.2842031118428,970.9822571246008,0,0,0,0,0,0,0,0,0,0,0
2012-12-29,3978,5,29,12,2012,52,1,3378.0,4528.0,4475.0,5085.0,3040.285714285714,3495.285714285714,1471.6329608392766,967.9958622938326,0,0,0,0,0,0,0,0,0,0,0
2012-12-30,4364,6,30,12,2012,52,1,3978.0,4171.0,4542.0,4097.0,2961.714285714286,3455.75,1391.463344143583,922.1851515306972,0,0,0,0,0,0,0,0,0,0,0
2012-12-31,3789,0,31,12,2012,1,0,4364.0,3370.0,3188.0,3804.0,2989.285714285714,3465.285714285714,1421.0168559035146,930.4052823463444,0,0,0,0,0,0,0,0,0,0,0
2013-01-01,2552,1,1,1,2013,1,0,3789.0,0.0,3277.0,2983.0,3049.1428571428573,3464.75,1448.289385052983,930.2073295378386,1,1,0,1,0,1,0,0,0,0,0
2013-01-02,3532,2,2,1,2013,1,0,2552.0,2862.0,2968.0,2834.0,3413.714285714286,3449.3571428571427,658.8810500350132,941.966194812374,1,0,0,0,0,0,0,0,0,0,0
2013-01-03,3957,3,3,1,2013,1,0,3532.0,2973.0,3266.0,3141.0,3509.428571428572,3474.285714285714,612.4023342930873,934.2827257528648,1,0,0,0,0,0,0,0,0,0,0
2013-01-04,4134,4,4,1,2013,1,0,3957.0,3378.0,3748.0,3762.0,3650.0,3503.428571428572,580.8703240253678,936.226208363932,1,0,0,0,0,0,0,0,0,0,0
2013-01-05,4673,5,5,1,2013,1,1,4134.0,3978.0,4528.0,4849.0,3758.0,3516.714285714286,592.042509735015,942.6488626773332,1,0,0,0,0,0,0,0,0,0,0
2013-01-06,4855,6,6,1,2013,1,1,4673.0,4364.0,4171.0,4702.0,3857.285714285714,3510.428571428572,685.9187790318712,933.982925871826,1,0,0,0,0,0,0,0,0,0,0
2013-01-07,3738,0,7,1,2013,2,0,4855.0,3789.0,3370.0,3682.0,3927.428571428572,3515.8928571428573,766.7183005387008,941.628704811434,1,1,0,1,0,0,1,0,0,0,0
2013-01-08,3279,1,8,1,2013,2,0,3738.0,2552.0,0.0,3004.0,3920.142857142857,3517.8928571428573,768.4932072073316,942.053955334776,1,0,0,0,0,0,0,0,0,0,0
2013-01-09,2780,2,9,1,2013,2,0,3279.0,3532.0,2862.0,2856.0,4024.0,3527.714285714286,578.3937528477759,937.9223634119996,1,0,0,0,0,0,0,0,0,0,0
2013-01-10,3308,3,10,1,2013,2,0,2780.0,3957.0,2973.0,2856.0,3916.571428571429,3525.0,733.9302548932154,940.0458223661968,1,0,0,0,0,0,0,0,0,0,0
2013-01-11,3807,4,11,1,2013,2,0,3308.0,4134.0,3378.0,3467.0,3823.857142857143,3541.1428571428573,768.1660906712456,931.9783304699738,0,0,0,0,0,0,0,0,0,0,0
2013-01-12,4781,5,12,1,2013,2,1,3807.0,4673.0,3978.0,4475.0,3777.142857142857,3553.285714285714,756.0086923158652,933.1906977177116,0,0,0,0,0,0,0,0,0,0,0
2013-01-13,4465,6,13,1,2013,2,1,4781.0,4855.0,4364.0,4542.0,3792.571428571429,3564.214285714286,778.1171413831514,946.0873171331508,0,0,0,0,0,0,0,0,0,0,0
2013-01-14,3048,0,14,1,2013,3,0,4465.0,3738.0,3789.0,3188.0,3736.857142857143,3561.464285714286,699.3419355774002,943.2475611631354,0,0,0,0,0,0,0,0,0,0,0
2013-01-15,2891,1,15,1,2013,3,0,3048.0,3279.0,2552.0,3277.0,3638.285714285714,3556.464285714286,746.2108089732913,945.668506720598,0,0,0,0,0,0,0,0,0,0,0
2013-01-16,2731,2,16,1,2013,3,0,2891.0,2780.0,3532.0,2968.0,3582.8571428571427,3542.678571428572,790.4457452542072,952.6808588310464,0,0,0,0,0,0,0,0,0,0,0
2013-01-17,2891,3,17,1,2013,3,0,2731.0,3308.0,3957.0,3266.0,3575.8571428571427,3534.214285714286,798.912266474744,959.0076413067036,0,0,0,0,0,0,0,0,0,0,0
2013-01-18,3698,4,18,1,2013,3,0,2891.0,3807.0,4134.0,3748.0,3516.285714285714,3520.8214285714284,836.8597481628814,965.4886712637366,0,0,0,0,0,0,0,0,0,0,0
2013-01-19,4801,5,19,1,2013,3,1,3698.0,4781.0,4673.0,4528.0,3500.714285714286,3519.035714285714,831.5460929869781,965.0990922887138,0,0,0,0,0,0,0,0,0,0,0
2013-01-20,4084,6,20,1,2013,3,1,4801.0,4465.0,4855.0,4171.0,3503.5714285714284,3528.785714285714,836.6966509519975,976.9756946498204,0,0,0,0,0,0,0,0,0,0,0
2013-01-21,3566,0,21,1,2013,4,0,4084.0,3048.0,3738.0,3370.0,3449.1428571428573,3525.678571428572,773.7552215378881,974.9939051498508,0,1,0,1,0,1,0,0,0,0,0
2013-01-22,2764,1,22,1,2013,4,0,3566.0,2891.0,3279.0,0.0,3523.1428571428573,3532.678571428572,753.5019196107903,974.5382972757582,0,0,0,0,0,0,0,0,0,0,0
2013-01-23,2652,2,23,1,2013,4,0,2764.0,2731.0,2780.0,2862.0,3505.0,3631.392857142857,772.5477331531063,706.6031071670944,0,0,0,0,0,0,0,0,0,0,0
2013-01-24,2778,3,24,1,2013,4,0,2652.0,2891.0,3308.0,2973.0,3493.714285714286,3623.892857142857,786.1956317791231,716.1223948401039,0,0,0,0,0,0,0,0,0,0,0
2013-01-25,3278,4,25,1,2013,4,0,2778.0,3698.0,3807.0,3378.0,3477.5714285714284,3616.928571428572,801.6420350636283,723.5959548118667,0,0,0,0,0,0,0,0,0,0,0
2013-01-26,4742,5,26,1,2013,4,1,3278.0,4801.0,4781.0,3978.0,3417.5714285714284,3613.357142857143,798.1039734150906,725.0641971212489,0,0,0,0,0,0,0,0,0,0,0
2013-01-27,4444,6,27,1,2013,4,1,4742.0,4084.0,4465.0,4364.0,3409.1428571428573,3640.642857142857,781.1912758881867,753.1271209546577,0,0,0,0,0,0,0,0,0,0,0
2013-01-28,3054,0,28,1,2013,5,0,4444.0,3566.0,3048.0,3789.0,3460.5714285714284,3643.5,842.4707427447886,756.1187688403085,0,0,0,0,0,0,0,0,0,0,0
2013-01-29,2869,1,29,1,2013,5,0,3054.0,2764.0,2891.0,2552.0,3387.428571428572,3617.25,853.9396655390568,763.6017783674401,0,0,0,0,0,0,0,0,0,0,0
2013-01-30,2389,2,30,1,2013,5,0,2869.0,2652.0,2731.0,3532.0,3402.428571428572,3628.571428571429,842.002347016299,749.44173931995,0,0,0,0,0,0,0,0,0,0,0
2013-01-31,2984,3,31,1,2013,5,0,2389.0,2778.0,2891.0,3957.0,3364.8571428571427,3587.75,885.7972733779516,785.1739899184357,0,0,0,0,0,0,0,0,0,0,0
2013-02-01,4526,4,1,2,2013,5,0,2984.0,3278.0,3698.0,4134.0,3394.285714285714,3553.0,866.2572201307041,789.7446375839369,1,0,0,0,0,0,0,0,0,0,0
2013-02-02,6232,5,2,2,2013,5,1,4526.0,4742.0,4801.0,4673.0,3572.5714285714284,3567.0,961.523419223,803.7755352777929,1,0,0,0,0,0,0,0,0,0,0
2013-02-03,4018,6,3,2,2013,5,1,6232.0,4444.0,4084.0,4855.0,3785.428571428572,3622.678571428572,1350.0002292768777,927.6747934954165,1,1,0,1,0,0,0,1,1,0,0
2013-02-04,3092,0,4,2,2013,6,0,4018.0,3054.0,3566.0,3738.0,3724.571428571429,3592.785714285714,1324.7296399822956,899.5537312155992,1,0,0,0,0,0,0,0,0,0,0
2013-02-05,2966,1,5,2,2013,6,0,3092.0,2869.0,2764.0,3279.0,3730.0,3569.714285714286,1321.5978964874312,903.9647591108168,1,0,0,0,0,0,0,0,0,0,0
2013-02-06,3097,2,6,2,2013,6,0,2966.0,2389.0,2652.0,2780.0,3743.857142857143,3558.535714285714,1311.5357954921192,909.6105997192888,1,0,0,0,0,0,0,0,0,0,0
2013-02-07,3294,3,7,2,2013,6,0,3097.0,2984.0,2778.0,3308.0,3845.0,3569.8571428571427,1213.2555377990254,901.4982884183172,1,0,0,0,0,0,0,0,0,0,0
2013-02-08,3879,4,8,2,2013,6,0,3294.0,4526.0,3278.0,3807.0,3889.285714285714,3569.3571428571427,1181.8407555286683,901.6527710691688,1,0,0,0,0,0,0,0,0,0,0
2013-02-09,5346,5,9,2,2013,6,1,3879.0,6232.0,4742.0,4781.0,3796.857142857143,3571.928571428572,1148.5777333397214,902.4579164732736,1,0,0,0,0,0,0,0,0,0,0
2013-02-10,5499,6,10,2,2013,6,1,5346.0,4018.0,4444.0,4465.0,3670.285714285714,3592.1071428571427,843.916013650198,936.1800372627604,1,0,0,0,0,0,0,0,0,0,0
2013-02-11,4054,0,11,2,2013,7,0,5499.0,3092.0,3054.0,3048.0,3881.857142857143,3629.035714285714,1094.1601693492953,990.6938639209254,0,0,0,0,0,0,0,0,0,0,0
2013-02-12,3242,1,12,2,2013,7,0,4054.0,2966.0,2869.0,2891.0,4019.285714285714,3664.964285714286,1037.3581371743833,987.0767722081172,0,0,0,0,0,0,0,0,0,0,0
2013-02-13,3514,2,13,2,2013,7,0,3242.0,3097.0,2389.0,2731.0,4058.714285714286,3677.5,995.0336199153808,979.079934693031,0,1,0,1,0,0,1,0,0,0,0
2013-02-14,2820,3,14,2,2013,7,0,3514.0,3294.0,2984.0,2891.0,4118.285714285715,3705.464285714286,938.7517801644406,962.0792868744214,0,1,0,1,1,0,0,0,0,1,0
2013-02-15,4121,4,15,2,2013,7,0,2820.0,3879.0,4526.0,3698.0,4050.571428571429,3702.928571428572,1021.5618527762384,964.396219809607,0,0,0,0,0,0,0,0,0,0,0
2013-02-16,4931,5,16,2,2013,7,1,4121.0,5346.0,6232.0,4801.0,4085.142857142857,3718.035714285714,1018.8791928014876,967.6238740544812,0,0,0,0,0,0,0,0,0,0,0
2013-02-17,4884,6,17,2,2013,7,1,4931.0,5499.0,4018.0,4084.0,4025.857142857143,3722.678571428572,942.4965832955636,973.3078023124644,0,0,0,0,0,0,0,0,0,0,0
2013-02-18,3947,0,18,2,2013,8,0,4884.0,4054.0,3092.0,3566.0,3938.0,3751.25,800.2110138373931,995.789566681185,0,1,0,1,0,1,0,0,0,0,0
2013-02-19,2867,1,19,2,2013,8,0,3947.0,3242.0,2966.0,2764.0,3922.714285714286,3764.857142857143,798.6462951531839,995.7675511247628,0,0,0,0,0,0,0,0,0,0,0
2013-02-20,3232,2,20,2,2013,8,0,2867.0,3514.0,3097.0,2652.0,3869.142857142857,3768.535714285714,861.9828746503483,992.11679726632,0,1,0,1,0,0,1,0,0,0,0
2013-02-21,3408,3,21,2,2013,8,0,3232.0,2820.0,3294.0,2778.0,3828.857142857143,3789.25,887.5575903514534,973.82767602517,0,0,0,0,0,0,0,0,0,0,0
2013-02-22,4098,4,22,2,2013,8,0,3408.0,4121.0,3879.0,3278.0,3912.857142857143,3811.75,799.6339638800231,956.725496642541,0,0,0,0,0,0,0,0,0,0,0
2013-02-23,4835,5,23,2,2013,8,1,4098.0,4931.0,5346.0,4742.0,3909.571428571429,3841.035714285714,798.6828442594017,952.322209795525,0,0,0,0,0,0,0,0,0,0,0
2013-02-24,4711,6,24,2,2013,8,1,4835.0,4884.0,5499.0,4444.0,3895.857142857143,3844.357142857143,778.797241172017,955.7369549118196,0,1,0,1,0,0,1,0,0,0,0
2013-02-25,3416,0,25,2,2013,9,0,4711.0,3947.0,4054.0,3054.0,3871.142857142857,3853.892857142857,744.1893640222302,963.2438766340572,0,0,0,0,0,0,0,0,0,0,0
2013-02-26,2850,1,26,2,2013,9,0,3416.0,2867.0,3242.0,2869.0,3795.285714285714,3866.821428571429,762.0178725563071,954.4998323175182,0,0,0,0,0,0,0,0,0,0,0
2013-02-27,2953,2,27,2,2013,9,0,2850.0,3232.0,3514.0,2389.0,3792.857142857143,3866.142857142857,765.4886083566572,955.2419400451148,0,0,0,0,0,0,0,0,0,0,0
2013-02-28,3124,3,28,2,2013,9,0,2953.0,3408.0,2820.0,2984.0,3753.0,3886.285714285714,805.762165075197,928.5127836588896,0,0,0,0,0,0,0,0,0,0,0
2013-03-01,4091,4,1,3,2013,9,0,3124.0,4098.0,4121.0,4526.0,3712.428571428572,3891.285714285714,832.7274178150705,923.8392459627069,1,0,0,0,0,0,0,0,0,0,0
2013-03-02,5468,5,2,3,2013,9,1,4091.0,4835.0,4931.0,6232.0,3711.428571428572,3875.75,832.1912554901597,916.3978848367798,1,0,0,0,0,0,0,0,0,0,0
2013-03-03,5520,6,3,3,2013,9,1,5468.0,4711.0,4884.0,4018.0,3801.857142857143,3848.464285714286,993.406836526277,852.8101035701403,1,0,0,0,0,0,0,0,0,0,0
2013-03-04,3678,0,4,3,2013,10,0,5520.0,3416.0,3947.0,3092.0,3917.428571428572,3902.107142857143,1151.3122740512038,909.2409263607216,1,0,0,0,0,0,0,0,0,0,0
2013-03-05,3182,1,5,3,2013,10,0,3678.0,2850.0,2867.0,2966.0,3954.857142857143,3923.035714285714,1136.4571305261854,896.559286513053,1,0,0,0,0,0,0,0,0,0,0
2013-03-06,3188,2,6,3,2013,10,0,3182.0,2953.0,3232.0,3097.0,4002.285714285714,3930.75,1088.5817553565923,888.9163450620699,1,0,0,0,0,0,0,0,0,0,0
2013-03-07,3070,3,7,3,2013,10,0,3188.0,3124.0,3408.0,3294.0,4035.857142857143,3934.0,1053.900126288292,885.9164328117615,1,0,0,0,0,0,0,0,0,0,0
2013-03-08,3943,4,8,3,2013,10,0,3070.0,4091.0,4098.0,3879.0,4028.142857142857,3926.0,1061.8547340340283,892.8937143832829,1,0,0,0,0,0,0,0,0,0,0
2013-03-09,4998,5,9,3,2013,10,1,3943.0,5468.0,4835.0,5346.0,4007.0,3928.285714285714,1061.8680081190262,892.8508588138595,1,0,0,0,0,0,0,0,0,0,0
2013-03-10,4903,6,10,3,2013,10,1,4998.0,5520.0,4711.0,5499.0,3939.857142857143,3915.857142857143,964.4847378387132,874.6212180894457,1,0,0,0,0,0,0,0,0,0,0
2013-03-11,3638,0,11,3,2013,11,0,4903.0,3678.0,3416.0,4054.0,3851.714285714286,3894.571428571429,812.177467118634,841.2821972737365,0,0,0,0,0,0,0,0,0,0,0
2013-03-12,3085,1,12,3,2013,11,0,3638.0,3182.0,2850.0,3242.0,3846.0,3879.714285714286,813.7425882919007,842.0353585055296,0,0,0,0,0,0,0,0,0,0,0
2013-03-13,2908,2,13,3,2013,11,0,3085.0,3188.0,2953.0,3514.0,3832.142857142857,3874.107142857143,827.641514298599,846.9476060267767,0,0,0,0,0,0,0,0,0,0,0
2013-03-14,3214,3,14,3,2013,11,0,2908.0,3070.0,3124.0,2820.0,3792.142857142857,3852.464285714286,869.6611272159278,864.0605466672282,0,0,0,0,0,0,0,0,0,0,0
2013-03-15,3958,4,15,3,2013,11,0,3214.0,3943.0,4091.0,4121.0,3812.714285714286,3866.535714285714,851.2402156629506,849.7129572910787,0,0,0,0,0,0,0,0,0,0,0
2013-03-16,4974,5,16,3,2013,11,1,3958.0,4998.0,5468.0,4931.0,3814.857142857143,3860.714285714286,851.6416360127528,848.4624812038378,0,0,0,0,0,0,0,0,0,0,0
2013-03-17,4889,6,17,3,2013,11,1,4974.0,4903.0,5520.0,4884.0,3811.428571428572,3862.25,846.1150152595219,850.507892923938,0,1,0,1,1,0,0,0,0,0,0
2013-03-18,3033,0,18,3,2013,12,0,4889.0,3638.0,3678.0,3947.0,3809.428571428572,3862.428571428572,843.1160175489616,850.7308591493468,0,0,0,0,0,0,0,0,0,0,0
2013-03-19,2950,1,19,3,2013,12,0,3033.0,3085.0,3182.0,2867.0,3723.0,3829.785714285714,893.1435121711042,864.7848097623814,0,0,0,0,0,0,0,0,0,0,0
2013-03-20,3215,2,20,3,2013,12,0,2950.0,2908.0,3188.0,3232.0,3703.714285714286,3832.75,910.5047527398784,861.4983770754851,0,0,0,0,0,0,0,0,0,0,0
2013-03-21,3188,3,21,3,2013,12,0,3215.0,3214.0,3070.0,3408.0,3747.571428571429,3832.142857142857,872.3846355713486,861.9433131779991,0,0,0,0,0,0,0,0,0,0,0
2013-03-22,4067,4,22,3,2013,12,0,3188.0,3958.0,3943.0,4098.0,3743.857142857143,3824.285714285714,875.08617262748,866.9410615680835,0,0,0,0,0,0,0,0,0,0,0
2013-03-23,4724,5,23,3,2013,12,1,4067.0,4974.0,4998.0,4835.0,3759.428571428572,3823.178571428572,880.4848772395931,866.5982901903498,0,0,0,0,0,0,0,0,0,0,0
2013-03-24,4793,6,24,3,2013,12,1,4724.0,4889.0,4903.0,4711.0,3723.714285714286,3819.214285714286,826.418722417339,862.0401450281782,0,0,0,0,0,0,0,0,0,0,0
2013-03-25,3366,0,25,3,2013,13,0,4793.0,3033.0,3638.0,3416.0,3710.0,3822.142857142857,804.3602012365701,865.3150449311037,0,0,0,0,0,0,0,0,0,0,0
2013-03-26,3110,1,26,3,2013,13,0,3366.0,2950.0,3085.0,2850.0,3757.571428571429,3820.357142857143,766.609169686628,866.2353291702184,0,0,0,0,0,0,0,0,0,0,0
2013-03-27,2973,2,27,3,2013,13,0,3110.0,3215.0,2908.0,2953.0,3780.428571428572,3829.642857142857,740.4568088108094,856.7902727205548,0,0,0,0,0,0,0,0,0,0,0
2013-03-28,3645,3,28,3,2013,13,0,2973.0,3188.0,3214.0,3124.0,3745.857142857143,3830.357142857143,776.0501333830255,856.0403769590066,0,0,0,0,0,0,0,0,0,0,0
2013-03-29,4468,4,29,3,2013,13,0,3645.0,4067.0,3958.0,4091.0,3811.142857142857,3848.964285714286,739.6682654116944,845.7182125114346,0,0,0,0,0,0,0,0,0,0,0
2013-03-30,5978,5,30,3,2013,13,1,4468.0,4724.0,4974.0,5468.0,3868.428571428572,3862.428571428572,777.3546717646248,852.6865790643085,0,0,0,0,0,0,0,0,0,0,0
2013-03-31,4279,6,31,3,2013,13,1,5978.0,4793.0,4889.0,5520.0,4047.571428571429,3880.642857142857,1089.2907259837878,892.7589867739218,0,1,0,1,1,0,0,0,0,0,0
2013-04-01,3545,0,1,4,2013,14,0,4279.0,3366.0,3033.0,3678.0,3974.142857142857,3836.321428571429,1047.1770669394032,837.4497465772614,1,0,0,0,0,0,0,0,0,0,0
2013-04-02,3675,1,2,4,2013,14,0,3545.0,3110.0,2950.0,3182.0,3999.714285714286,3831.571428571429,1031.9259847950527,838.7571682564499,1,1,0,1,0,0,1,0,0,0,0
2013-04-03,3924,2,3,4,2013,14,0,3675.0,2973.0,3215.0,3188.0,4080.428571428572,3849.178571428572,971.0365350392094,829.7424434646956,1,0,0,0,0,0,0,0,0,0,0
2013-04-04,3938,3,4,4,2013,14,0,3924.0,3645.0,3188.0,3070.0,4216.285714285715,3875.464285714286,849.1508924185614,819.6171862586662,1,0,0,0,0,0,0,0,0,0,0
2013-04-05,4388,4,5,4,2013,14,0,3938.0,4468.0,4067.0,3943.0,4258.142857142857,3906.464285714286,823.1195596775784,804.295941578846,1,0,0,0,0,0,0,0,0,0,0
2013-04-06,5385,5,6,4,2013,14,1,4388.0,5978.0,4724.0,4998.0,4246.714285714285,3922.357142857143,820.2706289767456,809.4248627671375,1,0,0,0,0,0,0,0,0,0,0
2013-04-07,5683,6,7,4,2013,14,1,5385.0,4279.0,4793.0,4903.0,4162.0,3936.178571428572,617.1401785656166,831.4761551366566,1,0,0,0,0,0,0,0,0,0,0
2013-04-08,3901,0,8,4,2013,15,0,5683.0,3545.0,3366.0,3638.0,4362.571428571428,3964.035714285714,846.8885910875688,876.8933581914066,1,0,0,0,0,0,0,0,0,0,0
2013-04-09,3809,1,9,4,2013,15,0,3901.0,3675.0,3110.0,3085.0,4413.428571428572,3973.428571428572,798.9411445037451,874.6774401678684,1,0,0,0,0,0,0,0,0,0,0
2013-04-10,3653,2,10,4,2013,15,0,3809.0,3924.0,2973.0,2908.0,4432.571428571428,3999.285714285714,779.6723365497548,857.9831586512006,1,0,0,0,0,0,0,0,0,0,0
2013-04-11,3641,3,11,4,2013,15,0,3653.0,3938.0,3645.0,3214.0,4393.857142857143,4025.892857142857,815.0591856978718,834.1070780930098,0,0,0,0,0,0,0,0,0,0,0
2013-04-12,3825,4,12,4,2013,15,0,3641.0,4388.0,4468.0,3958.0,4351.428571428572,4041.142857142857,849.7367939824783,822.5366237162259,0,0,0,0,0,0,0,0,0,0,0
2013-04-13,4737,5,13,4,2013,15,1,3825.0,5385.0,5978.0,4974.0,4271.0,4036.392857142857,872.0496927736792,823.4180945701881,0,0,0,0,0,0,0,0,0,0,0
2013-04-14,5072,6,14,4,2013,15,1,4737.0,5683.0,4279.0,4889.0,4178.428571428572,4027.928571428572,761.4676305536262,814.5938742061413,0,0,0,0,0,0,0,0,0,0,0
2013-04-15,3428,0,15,4,2013,16,0,5072.0,3901.0,3545.0,3033.0,4091.142857142857,4034.464285714286,571.6060498196965,822.4545684691393,0,0,0,0,0,0,0,0,0,0,0
2013-04-16,3016,1,16,4,2013,16,0,3428.0,3809.0,3675.0,2950.0,4023.571428571429,4048.571428571429,623.4372080498192,807.8995825285009,0,0,0,0,0,0,0,0,0,0,0
2013-04-17,3079,2,17,4,2013,16,0,3016.0,3653.0,3924.0,3215.0,3910.285714285714,4050.928571428572,731.5927178163446,804.6654666552454,0,0,0,0,0,0,0,0,0,0,0
2013-04-18,3051,3,18,4,2013,16,0,3079.0,3641.0,3938.0,3188.0,3828.285714285714,4046.071428571429,794.6843638170055,810.2890169595547,0,0,0,0,0,0,0,0,0,0,0
2013-04-19,3887,4,19,4,2013,16,0,3051.0,3825.0,4388.0,4067.0,3744.0,4041.178571428572,847.3987648484433,816.0554199395339,0,0,0,0,0,0,0,0,0,0,0
2013-04-20,4923,5,20,4,2013,16,1,3887.0,4737.0,5385.0,4724.0,3752.857142857143,4034.75,848.7094965439059,816.553308459127,0,0,0,0,0,0,0,0,0,0,0
2013-04-21,5031,6,21,4,2013,16,1,4923.0,5072.0,5683.0,4793.0,3779.428571428572,4041.857142857143,886.7169516711367,823.6101520377667,0,0,0,0,0,0,0,0,0,0,0
2013-04-22,3625,0,22,4,2013,17,0,5031.0,3428.0,3901.0,3366.0,3773.571428571429,4050.357142857143,876.8363315813009,832.8259439462987,0,0,0,0,0,0,0,0,0,0,0
2013-04-23,3037,1,23,4,2013,17,0,3625.0,3016.0,3809.0,3110.0,3801.714285714286,4059.607142857143,867.0026363446493,826.3566326904656,0,0,0,0,0,0,0,0,0,0,0
2013-04-24,3073,2,24,4,2013,17,0,3037.0,3079.0,3653.0,2973.0,3804.714285714286,4057.0,863.8614306869894,829.5724914186277,0,0,0,0,0,0,0,0,0,0,0
2013-04-25,3194,3,25,4,2013,17,0,3073.0,3051.0,3641.0,3645.0,3803.857142857143,4060.571428571429,864.704078200828,824.9351682077946,0,0,0,0,0,0,0,0,0,0,0
2013-04-26,3843,4,26,4,2013,17,0,3194.0,3887.0,3825.0,4468.0,3824.285714285714,4044.464285714286,845.4278432221398,837.6547720843939,0,0,0,0,0,0,0,0,0,0,0
2013-04-27,4665,5,27,4,2013,17,1,3843.0,4923.0,4737.0,5978.0,3818.0,4022.142857142857,845.0473359522535,834.2711040976224,0,0,0,0,0,0,0,0,0,0,0
2013-04-28,4723,6,28,4,2013,17,1,4665.0,5031.0,5072.0,4279.0,3781.142857142857,3975.25,792.8329854749635,753.2286370217348,0,0,0,0,0,0,0,0,0,0,0
2013-04-29,3338,0,29,4,2013,18,0,4723.0,3625.0,3428.0,3545.0,3737.142857142857,3991.107142857143,716.8106278442564,764.4500971667096,0,0,0,0,0,0,0,0,0,0,0
2013-04-30,3276,1,30,4,2013,18,0,3338.0,3037.0,3016.0,3675.0,3696.142857142857,3983.714285714286,732.3338101738922,769.9055669434874,0,0,0,0,0,0,0,0,0,0,0
2013-05-01,3456,2,1,5,2013,18,0,3276.0,3073.0,3079.0,3924.0,3730.285714285714,3969.464285714286,701.3994853827874,779.4642738655795,1,0,0,0,0,0,0,0,0,0,0
2013-05-02,3604,3,2,5,2013,18,0,3456.0,3194.0,3051.0,3938.0,3785.0,3952.75,654.9834603509727,785.4698817810751,1,0,0,0,0,0,0,0,0,0,0
2013-05-03,4455,4,3,5,2013,18,0,3604.0,3843.0,3887.0,4388.0,3843.571428571429,3940.821428571429,610.1209872210757,788.2334704694065,1,0,0,0,0,0,0,0,0,0,0
2013-05-04,5225,5,4,5,2013,18,1,4455.0,4665.0,4923.0,5385.0,3931.0,3943.214285714286,652.4088697537261,789.7415121953808,1,0,0,0,0,0,0,0,0,0,0
2013-05-05,5504,6,5,5,2013,18,1,5225.0,4723.0,5031.0,5683.0,4011.0,3937.5,779.3912154153829,779.4344816025923,1,1,1,1,1,0,1,0,0,0,0
2013-05-06,4257,0,6,5,2013,19,0,5504.0,3338.0,3625.0,3901.0,4122.571428571428,3931.107142857143,938.0539886990975,765.1917377380889,1,0,0,0,0,0,0,0,0,0,0
2013-05-07,3645,1,7,5,2013,19,0,4257.0,3276.0,3037.0,3809.0,4253.857142857143,3943.821428571429,871.9268754835335,767.6266961935244,1,0,0,0,0,0,0,0,0,0,0
2013-05-08,3542,2,8,5,2013,19,0,3645.0,3456.0,3073.0,3653.0,4306.571428571428,3937.964285714286,812.0539508232322,769.3173251821303,1,0,0,0,0,0,0,0,0,0,0
2013-05-09,3633,3,9,5,2013,19,0,3542.0,3604.0,3194.0,3641.0,4318.857142857143,3934.0,797.5619993813298,771.1239992518797,1,0,0,0,0,0,0,0,0,0,0
2013-05-10,4292,4,10,5,2013,19,0,3633.0,4455.0,3843.0,3825.0,4323.0,3933.714285714286,793.2937665203234,771.238055055719,1,0,0,0,0,0,0,0,0,0,0
2013-05-11,6041,5,11,5,2013,19,1,4292.0,5225.0,4665.0,4737.0,4299.714285714285,3950.392857142857,791.162797045319,773.845153392177,0,0,0,0,0,0,0,0,0,0,0
2013-05-12,4486,6,12,5,2013,19,1,6041.0,5504.0,4723.0,5072.0,4416.285714285715,3996.964285714286,986.275099264182,857.6397189765223,0,1,0,1,1,0,0,0,0,0,0
2013-05-13,3791,0,13,5,2013,20,0,4486.0,4257.0,3338.0,3428.0,4270.857142857143,3976.035714285714,866.9989289826972,837.3443241556951,0,0,0,0,0,0,0,0,0,0,0
2013-05-14,3564,1,14,5,2013,20,0,3791.0,3645.0,3276.0,3016.0,4204.285714285715,3989.0,885.9243222543931,831.3335560901364,0,0,0,0,0,0,0,0,0,0,0
2013-05-15,3492,2,15,5,2013,20,0,3564.0,3542.0,3456.0,3079.0,4192.714285714285,4008.571428571429,894.9301116634224,813.8452136285022,0,0,0,0,0,0,0,0,0,0,0
2013-05-16,3701,3,16,5,2013,20,0,3492.0,3633.0,3604.0,3051.0,4185.571428571428,4023.321428571429,901.1671796699472,799.9986135900626,0,0,0,0,0,0,0,0,0,0,0
2013-05-17,4126,4,17,5,2013,20,0,3701.0,4292.0,4455.0,3887.0,4195.285714285715,4046.535714285714,894.560173918952,779.9176823677174,0,0,0,0,0,0,0,0,0,0,0
2013-05-18,4746,5,18,5,2013,20,1,4126.0,6041.0,5225.0,4923.0,4171.571428571428,4055.071428571429,893.7689591728688,779.4146867799224,0,0,0,0,0,0,0,0,0,0,0
2013-05-19,5470,6,19,5,2013,20,1,4746.0,4486.0,5504.0,5031.0,3986.571428571429,4048.75,481.069592035241,772.8043988545091,0,0,0,0,0,0,0,0,0,0,0
2013-05-20,4063,0,20,5,2013,21,0,5470.0,3791.0,4257.0,3625.0,4127.142857142857,4064.428571428572,730.453838051256,797.5279597361066,0,0,0,0,0,0,0,0,0,0,0
2013-05-21,3626,1,21,5,2013,21,0,4063.0,3564.0,3645.0,3037.0,4166.0,4080.071428571429,716.6972861675988,792.8716176761484,0,0,0,0,0,0,0,0,0,0,0
2013-05-22,3473,2,22,5,2013,21,0,3626.0,3492.0,3542.0,3073.0,4174.857142857143,4101.107142857143,708.3521790210083,771.7037110995761,0,0,0,0,0,0,0,0,0,0,0
2013-05-23,3580,3,23,5,2013,21,0,3473.0,3701.0,3633.0,3194.0,4172.142857142857,4115.392857142857,711.4345668135222,755.498821691146,0,0,0,0,0,0,0,0,0,0,0
2013-05-24,4390,4,24,5,2013,21,0,3580.0,4126.0,4292.0,3843.0,4154.857142857143,4129.178571428572,726.1084465770091,741.4544791886991,0,0,0,0,0,0,0,0,0,0,0
2013-05-25,4766,5,25,5,2013,21,1,4390.0,4746.0,6041.0,4665.0,4192.571428571428,4148.714285714285,731.1980710092308,740.8409064551167,0,0,0,0,0,0,0,0,0,0,0
2013-05-26,4416,6,26,5,2013,21,1,4766.0,5470.0,4486.0,4723.0,4195.428571428572,4152.321428571428,733.7556035317801,743.6882089400049,0,0,0,0,0,0,0,0,0,0,0
2013-05-27,4390,0,27,5,2013,22,0,4416.0,4063.0,3791.0,3338.0,4044.857142857143,4141.357142857143,499.2996523703417,737.1977579940981,0,1,0,1,0,1,0,0,0,0,0
2013-05-28,3575,1,28,5,2013,22,0,4390.0,3626.0,3564.0,3276.0,4091.571428571429,4178.928571428572,516.2879871876614,721.3759963031196,0,0,0,0,0,0,0,0,0,0,0
2013-05-29,3104,2,29,5,2013,22,0,3575.0,3473.0,3492.0,3456.0,4084.285714285714,4189.607142857143,524.2514391287568,709.6323168601226,0,0,0,0,0,0,0,0,0,0,0
2013-05-30,3439,3,30,5,2013,22,0,3104.0,3580.0,3701.0,3604.0,4031.571428571429,4177.035714285715,607.8480778239632,726.0380809389652,0,0,0,0,0,0,0,0,0,0,0
2013-05-31,4393,4,31,5,2013,22,0,3439.0,4390.0,4126.0,4455.0,4011.428571428572,4171.142857142857,627.3302843911546,731.5103459578522,0,0,0,0,0,0,0,0,0,0,0
2013-06-01,5654,5,1,6,2013,22,1,4393.0,4766.0,4746.0,5225.0,4011.857142857143,4168.928571428572,627.6329682681941,730.712687549643,1,0,0,0,0,0,0,0,0,0,0
2013-06-02,5987,6,2,6,2013,22,1,5654.0,4416.0,5470.0,5504.0,4138.714285714285,4184.25,854.2824892437937,757.6764004360754,1,0,0,0,0,0,0,0,0,0,0
2013-06-03,4602,0,3,6,2013,23,0,5987.0,4390.0,4063.0,4257.0,4363.142857142857,4201.5,1107.9626089616672,793.4878701026188,1,0,0,0,0,0,0,0,0,0,0
2013-06-04,3857,1,4,6,2013,23,0,4602.0,3575.0,3626.0,3645.0,4393.428571428572,4213.821428571428,1111.710222606422,797.0522104545389,1,0,0,0,0,0,0,0,0,0,0
2013-06-05,4174,2,5,6,2013,23,0,3857.0,3104.0,3473.0,3542.0,4433.714285714285,4221.392857142857,1081.8169460504423,792.4422792058776,1,0,0,0,0,0,0,0,0,0,0
2013-06-06,3048,3,6,6,2013,23,0,4174.0,3439.0,3580.0,3633.0,4586.571428571428,4243.964285714285,927.1570987239904,781.2965236941083,1,1,0,1,0,0,0,1,0,0,0
2013-06-07,4783,4,7,6,2013,23,0,3048.0,4393.0,4390.0,4292.0,4530.714285714285,4223.071428571428,1015.3951142758368,805.6808911800557,1,0,0,0,0,0,0,0,0,0,0
2013-06-08,5714,5,8,6,2013,23,1,4783.0,5654.0,4766.0,6041.0,4586.428571428572,4240.607142857143,1017.2772249396692,812.5507318309006,1,0,0,0,0,0,0,0,0,0,0
2013-06-09,6091,6,9,6,2013,23,1,5714.0,5987.0,4416.0,4486.0,4595.0,4228.928571428572,1027.9682225957515,787.6852599757464,1,0,0,0,0,0,0,0,0,0,0
2013-06-10,4672,0,10,6,2013,24,0,6091.0,4602.0,4390.0,3791.0,4609.857142857143,4286.25,1051.9124533552265,861.981379235154,1,0,0,0,0,0,0,0,0,0,0
2013-06-11,3859,1,11,6,2013,24,0,4672.0,3857.0,3575.0,3564.0,4619.857142857143,4317.714285714285,1052.1580091366875,859.3091909867344,0,0,0,0,0,0,0,0,0,0,0
2013-06-12,3765,2,12,6,2013,24,0,3859.0,4174.0,3104.0,3492.0,4620.142857142857,4328.25,1051.9165728281298,851.4988364751349,0,0,0,0,0,0,0,0,0,0,0
2013-06-13,3910,3,13,6,2013,24,0,3765.0,3048.0,3439.0,3701.0,4561.714285714285,4338.0,1091.4439540177527,843.090259216162,0,0,0,0,0,0,0,0,0,0,0
2013-06-14,4782,4,14,6,2013,24,0,3910.0,4783.0,4393.0,4126.0,4684.857142857143,4345.464285714285,928.686425113708,838.1524426950966,0,0,0,0,0,0,0,0,0,0,0
2013-06-15,5526,5,15,6,2013,24,1,4782.0,5714.0,5654.0,4746.0,4684.714285714285,4368.892857142857,928.668888658335,840.9544110286605,0,0,0,0,0,0,0,0,0,0,0
2013-06-16,4718,6,16,6,2013,24,1,5526.0,6091.0,5987.0,5470.0,4657.857142857143,4396.75,896.0876870357862,866.4417496609598,0,1,0,1,1,0,0,0,0,0,0
2013-06-17,3816,0,17,6,2013,25,0,4718.0,4672.0,4602.0,4063.0,4461.714285714285,4369.892857142857,645.2717035703432,843.2875411057113,0,0,0,0,0,0,0,0,0,0,0
2013-06-18,3772,1,18,6,2013,25,0,3816.0,3859.0,3857.0,3626.0,4339.428571428572,4361.071428571428,679.0070832087248,847.8960859013104,0,0,0,0,0,0,0,0,0,0,0
2013-06-19,3350,2,19,6,2013,25,0,3772.0,3765.0,4174.0,3473.0,4327.0,4366.285714285715,689.9741541053073,843.6464880655799,0,0,0,0,0,0,0,0,0,0,0
2013-06-20,3770,3,20,6,2013,25,0,3350.0,3910.0,3048.0,3580.0,4267.714285714285,4361.892857142857,760.533522006255,848.7747308036353,0,1,0,1,0,0,0,1,0,0,0
2013-06-21,4870,4,21,6,2013,25,0,3770.0,4782.0,4783.0,4390.0,4247.714285714285,4368.678571428572,773.2428929053095,843.0322718470813,0,0,0,0,0,0,0,0,0,0,0
2013-06-22,5213,5,22,6,2013,25,1,4870.0,5526.0,5714.0,4766.0,4260.285714285715,4385.821428571428,784.0173710417638,848.34549450228,0,0,0,0,0,0,0,0,0,0,0
2013-06-23,5505,6,23,6,2013,25,1,5213.0,4718.0,6091.0,4416.0,4215.571428571428,4401.785714285715,704.7145656559252,859.8919982632925,0,0,0,0,0,0,0,0,0,0,0
2013-06-24,3985,0,24,6,2013,26,0,5505.0,3816.0,4672.0,4390.0,4328.0,4440.678571428572,846.7040018014958,884.8249483109237,0,0,0,0,0,0,0,0,0,0,0
2013-06-25,3641,1,25,6,2013,26,0,3985.0,3772.0,3859.0,3575.0,4352.142857142857,4426.214285714285,831.9526085403804,888.9845791747862,0,0,0,0,0,0,0,0,0,0,0
2013-06-26,3719,2,26,6,2013,26,0,3641.0,3350.0,3765.0,3104.0,4333.428571428572,4428.571428571428,848.4866640364006,886.7286289365259,0,0,0,0,0,0,0,0,0,0,0
2013-06-27,3635,3,27,6,2013,26,0,3719.0,3770.0,3910.0,3439.0,4386.142857142857,4450.535714285715,786.3965133381995,859.9151759262941,0,0,0,0,0,0,0,0,0,0,0
2013-06-28,4895,4,28,6,2013,26,0,3635.0,4870.0,4782.0,4393.0,4366.857142857143,4457.535714285715,805.4498595135994,852.1385508169134,0,0,0,0,0,0,0,0,0,0,0
2013-06-29,5485,5,29,6,2013,26,1,4895.0,5213.0,5526.0,5654.0,4370.428571428572,4475.464285714285,808.103718001359,856.0026169111399,0,0,0,0,0,0,0,0,0,0,0
2013-06-30,5782,6,30,6,2013,26,1,5485.0,5505.0,4718.0,5987.0,4409.285714285715,4469.428571428572,860.2289839117872,847.9428015550247,0,0,0,0,0,0,0,0,0,0,0
2013-07-01,5052,0,1,7,2013,27,0,5782.0,3985.0,3816.0,4602.0,4448.857142857143,4462.107142857143,923.1067884362806,835.1426730753997,1,0,0,0,0,0,0,0,0,0,0
2013-07-02,4745,1,2,7,2013,27,0,5052.0,3641.0,3772.0,3857.0,4601.285714285715,4478.178571428572,921.8399561539444,842.2342444277375,1,0,0,0,0,0,0,0,0,0,0
2013-07-03,5295,2,3,7,2013,27,0,4745.0,3719.0,3350.0,4174.0,4759.0,4509.892857142857,818.8530596714745,834.6622443655286,1,0,0,0,0,0,0,0,0,0,0
2013-07-04,4607,3,4,7,2013,27,0,5295.0,3635.0,3770.0,3048.0,4984.142857142857,4549.928571428572,692.0973988708613,844.7778111814606,1,1,0,1,0,1,0,0,0,0,0
2013-07-05,5104,4,5,7,2013,27,0,4607.0,4895.0,4870.0,4783.0,5123.0,4605.607142857143,420.5302208720197,791.8380558003925,1,0,0,0,0,0,0,0,0,0,0
2013-07-06,4853,5,6,7,2013,27,1,5104.0,5485.0,5213.0,5714.0,5152.857142857143,4617.071428571428,408.9031786667996,796.8096072867966,1,0,0,0,0,0,0,0,0,0,0
2013-07-07,6065,6,7,7,2013,27,1,4853.0,5782.0,5505.0,6091.0,5062.571428571428,4586.321428571428,392.79887013706536,769.0394226552189,1,0,0,0,0,0,0,0,0,0,0
2013-07-08,4430,0,8,7,2013,28,0,6065.0,5052.0,3985.0,4672.0,5103.0,4585.392857142857,483.3201147617759,767.1687408804636,1,0,0,0,0,0,0,0,0,0,0
2013-07-09,4176,1,9,7,2013,28,0,4430.0,4745.0,3641.0,3859.0,5014.142857142857,4576.75,547.2124598275142,767.5199900883196,1,1,0,1,0,0,1,0,0,0,0
2013-07-10,4183,2,10,7,2013,28,0,4176.0,5295.0,3719.0,3765.0,4932.857142857143,4588.071428571428,629.8733810778787,758.8293580963929,1,0,0,0,0,0,0,0,0,0,0
2013-07-11,3976,3,11,7,2013,28,0,4183.0,4607.0,3635.0,3910.0,4774.0,4603.0,662.6879607578027,746.041156644455,0,0,0,0,0,0,0,0,0,0,0
2013-07-12,4910,4,12,7,2013,28,0,3976.0,5104.0,4895.0,4782.0,4683.857142857143,4605.357142857143,728.8080288094693,743.8716144846284,0,0,0,0,0,0,0,0,0,0,0
2013-07-13,5275,5,13,7,2013,28,1,4910.0,4853.0,5485.0,5526.0,4656.142857142857,4609.928571428572,713.7005507847654,745.3891317103747,0,0,0,0,0,0,0,0,0,0,0
2013-07-14,6037,6,14,7,2013,28,1,5275.0,6065.0,5782.0,4718.0,4716.428571428572,4600.964285714285,750.0001904761673,735.4065885815066,0,0,0,0,0,0,0,0,0,0,0
2013-07-15,4116,0,15,7,2013,29,0,6037.0,4430.0,5052.0,3816.0,4712.428571428572,4648.071428571428,741.6371208668163,783.8316111952767,0,0,0,0,0,0,0,0,0,0,0
2013-07-16,3851,1,16,7,2013,29,0,4116.0,4176.0,4745.0,3772.0,4667.571428571428,4658.785714285715,770.5008884145562,774.0257129015758,0,0,0,0,0,0,0,0,0,0,0
2013-07-17,3764,2,17,7,2013,29,0,3851.0,4183.0,5295.0,3350.0,4621.142857142857,4661.607142857143,813.6427202344267,770.810844802794,0,0,0,0,0,0,0,0,0,0,0
2013-07-18,3892,3,18,7,2013,29,0,3764.0,3976.0,4607.0,3770.0,4561.285714285715,4676.392857142857,865.0367457100147,748.3635648080841,0,0,0,0,0,0,0,0,0,0,0
2013-07-19,4674,4,19,7,2013,29,0,3892.0,4910.0,5104.0,4870.0,4549.285714285715,4680.75,875.0340401541946,743.2284243358357,0,0,0,0,0,0,0,0,0,0,0
2013-07-20,5538,5,20,7,2013,29,1,4674.0,5275.0,4853.0,5213.0,4515.571428571428,4673.75,863.2872942311577,742.3024054326509,0,0,0,0,0,0,0,0,0,0,0
2013-07-21,5913,6,21,7,2013,29,1,5538.0,6037.0,6065.0,5505.0,4553.142857142857,4685.357142857143,906.4892771146336,753.5032362134323,0,0,0,0,0,0,0,0,0,0,0
2013-07-22,3938,0,22,7,2013,30,0,5913.0,4116.0,4430.0,3985.0,4535.428571428572,4699.928571428572,873.2620563425507,773.6172816145505,0,0,0,0,0,0,0,0,0,0,0
2013-07-23,3885,1,23,7,2013,30,0,3938.0,3851.0,4176.0,3641.0,4510.0,4698.25,889.9432566180841,775.2751781476305,0,0,0,0,0,0,0,0,0,0,0
2013-07-24,3693,2,24,7,2013,30,0,3885.0,3764.0,4183.0,3719.0,4514.857142857143,4706.964285714285,885.8303879357928,764.2441185585344,0,0,0,0,0,0,0,0,0,0,0
2013-07-25,3748,3,25,7,2013,30,0,3693.0,3892.0,3976.0,3635.0,4504.714285714285,4706.035714285715,896.206396296024,765.5037306507396,0,0,0,0,0,0,0,0,0,0,0
2013-07-26,4248,4,26,7,2013,30,0,3748.0,4674.0,4910.0,4895.0,4484.142857142857,4710.071428571428,914.0888776210317,759.925675145945,0,0,0,0,0,0,0,0,0,0,0
2013-07-27,4708,5,27,7,2013,30,1,4248.0,5538.0,5275.0,5485.0,4423.285714285715,4686.964285714285,913.5227992567596,763.9204671683558,0,0,0,0,0,0,0,0,0,0,0
2013-07-28,5291,6,28,7,2013,30,1,4708.0,5913.0,6037.0,5782.0,4304.714285714285,4659.214285714285,790.2745755507424,747.8000008490441,0,0,0,0,0,0,0,0,0,0,0
2013-07-29,4008,0,29,7,2013,31,0,5291.0,3938.0,4116.0,5052.0,4215.857142857143,4641.678571428572,588.5166178824611,725.933016681969,0,0,0,0,0,0,0,0,0,0,0
2013-07-30,3702,1,30,7,2013,31,0,4008.0,3885.0,3851.0,4745.0,4225.857142857143,4604.392857142857,583.5824502077469,730.8717442983728,0,0,0,0,0,0,0,0,0,0,0
2013-07-31,3611,2,31,7,2013,31,0,3702.0,3693.0,3764.0,5295.0,4199.714285714285,4567.142857142857,605.0990867303519,749.7746680903822,0,0,0,0,0,0,0,0,0,0,0
2013-08-01,4382,3,1,8,2013,31,0,3611.0,3748.0,3892.0,4607.0,4188.0,4507.0,617.216061575416,756.7358754447787,1,0,0,0,0,0,0,0,0,0,0
2013-08-02,5314,4,2,8,2013,31,0,4382.0,4248.0,4674.0,5104.0,4278.571428571428,4498.964285714285,587.6999963538259,756.8292768073885,1,0,0,0,0,0,0,0,0,0,0
2013-08-03,5888,5,3,8,2013,31,1,5314.0,4708.0,5538.0,4853.0,4430.857142857143,4506.464285714285,704.8863805776157,764.0531531899213,1,0,0,0,0,0,0,0,0,0,0
2013-08-04,5541,6,4,8,2013,31,1,5888.0,5291.0,5913.0,6065.0,4599.428571428572,4543.428571428572,897.1001165129907,805.3589229089008,1,0,0,0,0,0,0,0,0,0,0
2013-08-05,4726,0,5,8,2013,32,0,5541.0,4008.0,3938.0,4430.0,4635.142857142857,4524.714285714285,933.4603059890364,774.1768319936715,1,0,0,0,0,0,0,0,0,0,0
2013-08-06,4153,1,6,8,2013,32,0,4726.0,3702.0,3885.0,4176.0,4737.714285714285,4535.285714285715,891.5706579375754,774.8562522430865,1,0,0,0,0,0,0,0,0,0,0
2013-08-07,4360,2,7,8,2013,32,0,4153.0,3611.0,3693.0,4183.0,4802.142857142857,4534.464285714285,817.4675179217496,775.2633235871932,1,0,0,0,0,0,0,0,0,0,0
2013-08-08,4249,3,8,8,2013,32,0,4360.0,4382.0,3748.0,3976.0,4909.142857142857,4540.785714285715,671.5709018342592,773.009719508763,1,1,0,1,0,0,1,0,0,0,0
2013-08-09,4789,4,9,8,2013,32,0,4249.0,5314.0,4248.0,4910.0,4890.142857142857,4550.535714285715,690.582707711741,767.3229790855961,1,0,0,0,0,0,0,0,0,0,0
2013-08-10,6308,5,10,8,2013,32,1,4789.0,5888.0,4708.0,5275.0,4815.142857142857,4546.214285714285,664.9093744191606,765.5622652734211,1,0,0,0,0,0,0,0,0,0,0
2013-08-11,6276,6,11,8,2013,32,1,6308.0,5541.0,5291.0,6037.0,4875.142857142857,4583.107142857143,785.8145304017225,824.5977847494779,0,0,0,0,0,0,0,0,0,0,0
2013-08-12,4561,0,12,8,2013,33,0,6276.0,4726.0,4008.0,4116.0,4980.142857142857,4591.642857142857,926.182744489704,841.2733388666375,0,0,0,0,0,0,0,0,0,0,0
2013-08-13,3775,1,13,8,2013,33,0,4561.0,4153.0,3702.0,3851.0,4956.571428571428,4607.535714285715,935.7786164727336,836.1426638037276,0,0,0,0,0,0,0,0,0,0,0
2013-08-14,3762,2,14,8,2013,33,0,3775.0,4360.0,3611.0,3764.0,4902.571428571428,4604.821428571428,998.6709263053684,838.8085930771664,0,0,0,0,0,0,0,0,0,0,0
2013-08-15,4118,3,15,8,2013,33,0,3762.0,4249.0,4382.0,3892.0,4817.142857142857,4604.75,1075.4452455566854,838.882926763207,0,0,0,0,0,0,0,0,0,0,0
2013-08-16,4821,4,16,8,2013,33,0,4118.0,4789.0,5314.0,4674.0,4798.428571428572,4612.821428571428,1088.045473489484,832.8365654250442,0,0,0,0,0,0,0,0,0,0,0
2013-08-17,5603,5,17,8,2013,33,1,4821.0,6308.0,5888.0,5538.0,4803.0,4618.071428571428,1088.0664808120273,833.6993830965995,0,0,0,0,0,0,0,0,0,0,0
2013-08-18,5691,6,18,8,2013,33,1,5603.0,6276.0,5541.0,5913.0,4702.285714285715,4620.392857142857,949.3246220841638,836.4417731958866,0,0,0,0,0,0,0,0,0,0,0
2013-08-19,4215,0,19,8,2013,34,0,5691.0,4561.0,4726.0,3938.0,4618.714285714285,4612.464285714285,802.0176046043129,824.7052664164427,0,0,0,0,0,0,0,0,0,0,0
2013-08-20,3539,1,20,8,2013,34,0,4215.0,3775.0,4153.0,3885.0,4569.285714285715,4622.357142857143,816.6951112636258,817.9487086285294,0,0,0,0,0,0,0,0,0,0,0
2013-08-21,4259,2,21,8,2013,34,0,3539.0,3762.0,4360.0,3693.0,4535.571428571428,4610.0,858.7381939300748,831.9939013309178,0,0,0,0,0,0,0,0,0,0,0
2013-08-22,3840,3,22,8,2013,34,0,4259.0,4118.0,4249.0,3748.0,4606.571428571428,4630.214285714285,802.8469877344545,815.603496493273,0,0,0,0,0,0,0,0,0,0,0
2013-08-23,4316,4,23,8,2013,34,0,3840.0,4821.0,4789.0,4248.0,4566.857142857143,4633.5,837.1846527840463,812.0955745614004,0,0,0,0,0,0,0,0,0,0,0
2013-08-24,5596,5,24,8,2013,34,1,4316.0,5603.0,6308.0,4708.0,4494.714285714285,4635.928571428572,833.3844079586394,811.0009786070398,0,0,0,0,0,0,0,0,0,0,0
2013-08-25,6948,6,25,8,2013,34,1,5596.0,5691.0,6276.0,5291.0,4493.714285714285,4667.642857142857,831.8356637152389,831.0388507335622,0,0,0,0,0,0,0,0,0,0,0
2013-08-26,3883,0,26,8,2013,35,0,6948.0,4215.0,4561.0,4008.0,4673.285714285715,4726.821428571428,1191.3582884374348,930.1590088506478,0,0,0,0,0,0,0,0,0,0,0
2013-08-27,3530,1,27,8,2013,35,0,3883.0,3539.0,3775.0,3702.0,4625.857142857143,4722.357142857143,1218.9330619536954,934.0286780546724,0,0,0,0,0,0,0,0,0,0,0
2013-08-28,3490,2,28,8,2013,35,0,3530.0,4259.0,3762.0,3611.0,4624.571428571428,4716.214285714285,1220.274539757736,941.523365975182,0,0,0,0,0,0,0,0,0,0,0
2013-08-29,3600,3,29,8,2013,35,0,3490.0,3840.0,4118.0,4382.0,4514.714285714285,4711.892857142857,1291.2235430378578,947.0454773892192,0,0,0,0,0,0,0,0,0,0,0
2013-08-30,5198,4,30,8,2013,35,0,3600.0,4316.0,4821.0,5314.0,4480.428571428572,4683.964285714285,1315.090853280089,968.4237854921092,0,0,0,0,0,0,0,0,0,0,0
2013-08-31,6544,5,31,8,2013,35,1,5198.0,5596.0,5603.0,5888.0,4606.428571428572,4679.821428571428,1338.750892578957,965.8734697276852,0,0,0,0,0,0,0,0,0,0,0
2013-09-01,6053,6,1,9,2013,35,1,6544.0,6948.0,5691.0,5541.0,4741.857142857143,4703.25,1494.4379577365576,1003.4885308171038,1,0,0,0,0,0,0,0,0,0,0
2013-09-02,5838,0,2,9,2013,36,0,6053.0,3883.0,4215.0,4726.0,4614.0,4721.535714285715,1299.85037600487,1023.7792543513468,1,1,0,1,0,1,0,0,0,0,0
2013-09-03,4324,1,3,9,2013,36,0,5838.0,3530.0,3539.0,4153.0,4893.285714285715,4761.25,1326.365801012392,1045.300900325935,1,0,0,0,0,0,0,0,0,0,0
2013-09-04,3805,2,4,9,2013,36,0,4324.0,3490.0,4259.0,4360.0,5006.714285714285,4767.357142857143,1220.0378019124023,1042.110259833757,1,0,0,0,0,0,0,0,0,0,0
2013-09-05,3826,3,5,9,2013,36,0,3805.0,3600.0,3840.0,4249.0,5051.714285714285,4747.535714285715,1159.0566155694237,1055.3395620698718,1,0,0,0,0,0,0,0,0,0,0
2013-09-06,4618,4,6,9,2013,36,0,3826.0,5198.0,4316.0,4789.0,5084.0,4732.428571428572,1114.1572300772198,1065.716987953503,1,0,0,0,0,0,0,0,0,0,0
2013-09-07,5756,5,7,9,2013,36,1,4618.0,6544.0,5596.0,6308.0,5001.142857142857,4726.321428571428,1125.772390934546,1065.8707465789114,1,0,0,0,0,0,0,0,0,0,0
2013-09-08,6703,6,8,9,2013,36,1,5756.0,6053.0,6948.0,6276.0,4888.571428571428,4706.607142857143,975.09621014935,1040.331511952749,1,0,0,0,0,0,0,0,0,0,0
2013-09-09,4653,0,9,9,2013,37,0,6703.0,5838.0,3883.0,4561.0,4981.428571428572,4721.857142857143,1124.038530944392,1066.977375381834,1,0,0,0,0,0,0,0,0,0,0
2013-09-10,4169,1,10,9,2013,37,0,4653.0,4324.0,3530.0,3775.0,4812.142857142857,4725.142857142857,1060.9997531528843,1066.6052660899352,1,0,0,0,0,0,0,0,0,0,0
2013-09-11,3695,2,11,9,2013,37,0,4169.0,3805.0,3490.0,3762.0,4790.0,4739.214285714285,1074.417671733548,1056.153796219958,0,0,0,0,0,0,0,0,0,0,0
2013-09-12,3770,3,12,9,2013,37,0,3695.0,3826.0,3600.0,4118.0,4774.285714285715,4736.821428571428,1091.887618497699,1058.523046988245,0,0,0,0,0,0,0,0,0,0,0
2013-09-13,4568,4,13,9,2013,37,0,3770.0,4618.0,5198.0,4821.0,4766.285714285715,4724.392857142857,1100.167216727489,1068.0580626221883,0,0,0,0,0,0,0,0,0,0,0
2013-09-14,5627,5,14,9,2013,37,1,4568.0,5756.0,6544.0,5603.0,4759.142857142857,4715.357142857143,1101.4519854221885,1068.2806613566302,0,0,0,0,0,0,0,0,0,0,0
2013-09-15,5812,6,15,9,2013,37,1,5627.0,6703.0,6053.0,5691.0,4740.714285714285,4716.214285714285,1082.9168503453575,1069.0286126213657,0,0,0,0,0,0,0,0,0,0,0
2013-09-16,4164,0,16,9,2013,38,0,5812.0,4653.0,5838.0,4215.0,4613.428571428572,4720.535714285715,838.6427243156779,1073.350844651586,0,0,0,0,0,0,0,0,0,0,0
2013-09-17,3865,1,17,9,2013,38,0,4164.0,4169.0,4324.0,3539.0,4543.571428571428,4718.714285714285,855.0038707793206,1074.2833565492474,0,0,0,0,0,0,0,0,0,0,0
2013-09-18,3547,2,18,9,2013,38,0,3865.0,3695.0,3805.0,4259.0,4500.142857142857,4730.357142857143,884.4153301421667,1062.7287453736128,0,0,0,0,0,0,0,0,0,0,0
2013-09-19,3621,3,19,9,2013,38,0,3547.0,3770.0,3826.0,3840.0,4479.0,4704.928571428572,908.3171252376568,1082.7544753859213,0,0,0,0,0,0,0,0,0,0,0
2013-09-20,4631,4,20,9,2013,38,0,3621.0,4568.0,4618.0,4316.0,4457.714285714285,4697.107142857143,929.206778976154,1090.0005551913484,0,0,0,0,0,0,0,0,0,0,0
2013-09-21,5875,5,21,9,2013,38,1,4631.0,5627.0,5756.0,5596.0,4466.714285714285,4708.357142857143,930.7568093198348,1087.5442337291151,0,0,0,0,0,0,0,0,0,0,0
2013-09-22,6214,6,22,9,2013,38,1,5875.0,5812.0,6703.0,6948.0,4502.142857142857,4718.321428571428,985.3991456209396,1097.2133407315794,0,0,0,0,0,0,0,0,0,0,0
2013-09-23,3949,0,23,9,2013,39,0,6214.0,4164.0,4653.0,3883.0,4559.571428571428,4692.107142857143,1081.4890748628122,1049.7094603070836,0,0,0,0,0,0,0,0,0,0,0
2013-09-24,3765,1,24,9,2013,39,0,3949.0,3865.0,4169.0,3530.0,4528.857142857143,4694.464285714285,1097.5297154020377,1047.8978421421266,0,0,0,0,0,0,0,0,0,0,0
2013-09-25,3235,2,25,9,2013,39,0,3765.0,3547.0,3695.0,3490.0,4514.571428571428,4702.857142857143,1108.2096458015608,1039.1303598499528,0,0,0,0,0,0,0,0,0,0,0
2013-09-26,3473,3,26,9,2013,39,0,3235.0,3621.0,3770.0,3600.0,4470.0,4693.75,1158.7330725121012,1051.2010987437122,0,0,0,0,0,0,0,0,0,0,0
2013-09-27,4099,4,27,9,2013,39,0,3473.0,4631.0,4568.0,5198.0,4448.857142857143,4689.214285714285,1177.9963820786877,1056.3565390369508,0,0,0,0,0,0,0,0,0,0,0
2013-09-28,5665,5,28,9,2013,39,1,4099.0,5875.0,5627.0,6544.0,4372.857142857143,4649.964285714285,1181.4429635790618,1057.1688425413415,0,0,0,0,0,0,0,0,0,0,0
2013-09-29,6194,6,29,9,2013,39,1,5665.0,6214.0,5812.0,6053.0,4342.857142857143,4618.571428571428,1138.8404085693817,1010.879574048018,0,0,0,0,0,0,0,0,0,0,0
2013-09-30,4217,0,30,9,2013,40,0,6194.0,3949.0,4164.0,5838.0,4340.0,4623.607142857143,1133.3756364653923,1018.6114855358726,0,0,0,0,0,0,0,0,0,0,0
2013-10-01,4454,1,1,10,2013,40,0,4217.0,3765.0,3865.0,4324.0,4378.285714285715,4565.714285714285,1122.440007941882,992.7721702437934,1,0,0,0,0,0,0,0,0,0,0
2013-10-02,3516,2,2,10,2013,40,0,4454.0,3235.0,3547.0,3805.0,4476.714285714285,4570.357142857143,1089.4207504121505,991.903490462416,1,0,0,0,0,0,0,0,0,0,0
2013-10-03,4062,3,3,10,2013,40,0,3516.0,3473.0,3621.0,3826.0,4516.857142857143,4560.035714285715,1040.101185553828,1001.61855984101,1,0,0,0,0,0,0,0,0,0,0
2013-10-04,4735,4,4,10,2013,40,0,4062.0,4099.0,4631.0,4618.0,4601.0,4568.464285714285,962.5106060021724,996.1911716779516,1,0,0,0,0,0,0,0,0,0,0
2013-10-05,5737,5,5,10,2013,40,1,4735.0,5665.0,5875.0,5756.0,4691.857142857143,4572.642857142857,936.9033085243178,996.6519216406712,1,0,0,0,0,0,0,0,0,0,0
2013-10-06,5877,6,6,10,2013,40,1,5737.0,6194.0,6214.0,6703.0,4702.142857142857,4571.964285714285,949.6756338475856,995.8225143863336,1,0,0,0,0,0,0,0,0,0,0
2013-10-07,4582,0,7,10,2013,41,0,5877.0,4217.0,3949.0,4653.0,4656.857142857143,4542.464285714285,870.9763541703144,941.0853655986292,1,0,0,0,0,0,0,0,0,0,0
2013-10-08,4110,1,8,10,2013,41,0,4582.0,4454.0,3765.0,4169.0,4709.0,4539.928571428572,850.9500572889127,940.8721300364653,1,0,0,0,0,0,0,0,0,0,0
2013-10-09,3994,2,9,10,2013,41,0,4110.0,3516.0,3235.0,3695.0,4659.857142857143,4537.821428571428,877.6452260777963,941.7992258151532,1,0,0,0,0,0,0,0,0,0,0
2013-10-10,4142,3,10,10,2013,41,0,3994.0,4062.0,3473.0,3770.0,4728.142857142857,4548.5,787.8116163507282,933.5479316782458,1,0,0,0,0,0,0,0,0,0,0
2013-10-11,4396,4,11,10,2013,41,0,4142.0,4735.0,4099.0,4568.0,4739.571428571428,4561.785714285715,777.0441551466836,924.6631962260724,0,0,0,0,0,0,0,0,0,0,0
2013-10-12,5330,5,12,10,2013,41,1,4396.0,5737.0,5665.0,5627.0,4691.142857142857,4555.642857142857,787.8651383266553,925.1915603162478,0,0,0,0,0,0,0,0,0,0,0
2013-10-13,5767,6,13,10,2013,41,1,5330.0,5877.0,6194.0,5812.0,4633.0,4545.035714285715,708.8777515669888,914.0896496329708,0,0,0,0,0,0,0,0,0,0,0
2013-10-14,4173,0,14,10,2013,42,0,5767.0,4582.0,4217.0,4164.0,4617.285714285715,4543.428571428572,677.2170292911329,911.8163163208832,0,1,0,1,0,1,0,0,0,0,0
2013-10-15,3276,1,15,10,2013,42,0,4173.0,4110.0,4454.0,3865.0,4558.857142857143,4543.75,698.0908318577256,911.679184354439,0,1,0,1,0,0,1,0,0,0,0
2013-10-16,3383,2,16,10,2013,42,0,3276.0,3994.0,3516.0,3547.0,4439.714285714285,4522.714285714285,843.4916941471555,934.431689322752,0,0,0,0,0,0,0,0,0,0,0
2013-10-17,3406,3,17,10,2013,42,0,3383.0,4142.0,4062.0,3621.0,4352.428571428572,4516.857142857143,924.9794334907948,941.263127468757,0,0,0,0,0,0,0,0,0,0,0
2013-10-18,4281,4,18,10,2013,42,0,3406.0,4396.0,4735.0,4631.0,4247.285714285715,4509.178571428572,992.26873280137,949.681274158211,0,0,0,0,0,0,0,0,0,0,0
2013-10-19,5147,5,19,10,2013,42,1,4281.0,5330.0,5737.0,5875.0,4230.857142857143,4496.678571428572,990.3463078760924,950.3216240586288,0,0,0,0,0,0,0,0,0,0,0
2013-10-20,5914,6,20,10,2013,42,1,5147.0,5767.0,5877.0,6214.0,4204.714285714285,4470.678571428572,958.3956584288328,920.71272929952,0,0,0,0,0,0,0,0,0,0,0
2013-10-21,3742,0,21,10,2013,43,0,5914.0,4173.0,4582.0,3949.0,4225.714285714285,4459.964285714285,999.0801960279448,901.213481600215,0,0,0,0,0,0,0,0,0,0,0
2013-10-22,3349,1,22,10,2013,43,0,3742.0,3276.0,4110.0,3765.0,4164.142857142857,4452.571428571428,1016.0077802476748,906.3944210777328,0,0,0,0,0,0,0,0,0,0,0
2013-10-23,3363,2,23,10,2013,43,0,3349.0,3383.0,3994.0,3235.0,4174.571428571428,4437.714285714285,1005.6945953159026,921.3678984166946,0,0,0,0,0,0,0,0,0,0,0
2013-10-24,3072,3,24,10,2013,43,0,3363.0,3406.0,4142.0,3473.0,4171.714285714285,4442.285714285715,1008.3431483190147,915.4782541723348,0,0,0,0,0,0,0,0,0,0,0
2013-10-25,3955,4,25,10,2013,43,0,3072.0,4281.0,4396.0,4099.0,4124.0,4427.964285714285,1057.327763751618,934.1491863620846,0,0,0,0,0,0,0,0,0,0,0
2013-10-26,5353,5,26,10,2013,43,1,3955.0,5147.0,5330.0,5665.0,4077.428571428572,4422.821428571428,1056.4391222629044,936.4209663343024,0,0,0,0,0,0,0,0,0,0,0
2013-10-27,5471,6,27,10,2013,43,1,5353.0,5914.0,5767.0,6194.0,4106.857142857143,4411.678571428572,1093.4211492027246,922.850296979371,0,0,0,0,0,0,0,0,0,0,0
2013-10-28,3943,0,28,10,2013,44,0,5471.0,3742.0,4173.0,4217.0,4043.571428571429,4385.857142857143,978.1362988089214,880.266067280991,0,0,0,0,0,0,0,0,0,0,0
2013-10-29,3409,1,29,10,2013,44,0,3943.0,3349.0,3276.0,4454.0,4072.285714285714,4376.071428571428,970.7300885219854,883.7289231001794,0,0,0,0,0,0,0,0,0,0,0
2013-10-30,3748,2,30,10,2013,44,0,3409.0,3363.0,3383.0,3516.0,4080.857142857143,4338.75,963.5172422901798,902.1892560342852,0,0,0,0,0,0,0,0,0,0,0
2013-10-31,2982,3,31,10,2013,44,0,3748.0,3072.0,3406.0,4062.0,4135.857142857143,4347.035714285715,925.967319180582,895.3930021542897,0,1,0,1,1,0,0,0,0,0,0
2013-11-01,4474,4,1,11,2013,44,0,2982.0,3955.0,4281.0,4735.0,4123.0,4308.464285714285,943.656893862028,930.6925530522273,1,0,0,0,0,0,0,0,0,0,0
2013-11-02,5425,5,2,11,2013,44,1,4474.0,5353.0,5147.0,5737.0,4197.142857142857,4299.142857142857,948.6329512464102,927.56410237846,1,0,0,0,0,0,0,0,0,0,0
2013-11-03,6180,6,3,11,2013,44,1,5425.0,5471.0,5914.0,5877.0,4207.428571428572,4288.0,963.5276950080972,911.3842544499296,1,0,0,0,0,0,0,0,0,0,0
2013-11-04,4061,0,4,11,2013,45,0,6180.0,3943.0,3742.0,4582.0,4308.714285714285,4298.821428571428,1139.658386576977,932.5043562035617,1,0,0,0,0,0,0,0,0,0,0
2013-11-05,3835,1,5,11,2013,45,0,4061.0,3409.0,3349.0,4110.0,4325.571428571428,4280.214285714285,1134.2070441712212,931.8423152707196,1,0,0,0,0,0,0,0,0,0,0
2013-11-06,3556,2,6,11,2013,45,0,3835.0,3748.0,3363.0,3994.0,4386.428571428572,4270.392857142857,1087.28911474714,935.1461497694178,1,0,0,0,0,0,0,0,0,0,0
2013-11-07,3500,3,7,11,2013,45,0,3556.0,2982.0,3072.0,4142.0,4359.0,4254.75,1108.2974931548538,943.5662698271652,1,0,0,0,0,0,0,0,0,0,0
2013-11-08,4126,4,8,11,2013,45,0,3500.0,4474.0,3955.0,4396.0,4433.0,4231.821428571428,1014.3437944470968,954.148488078026,1,0,0,0,0,0,0,0,0,0,0
2013-11-09,5288,5,9,11,2013,45,1,4126.0,5425.0,5353.0,5330.0,4383.285714285715,4222.178571428572,1020.5086500181689,953.7920828469814,1,0,0,0,0,0,0,0,0,0,0
2013-11-10,5812,6,10,11,2013,45,1,5288.0,6180.0,5471.0,5767.0,4363.714285714285,4220.678571428572,998.2722932289424,952.0166919471671,1,0,0,0,0,0,0,0,0,0,0
2013-11-11,4370,0,11,11,2013,46,0,5812.0,4061.0,3943.0,4173.0,4311.142857142857,4222.285714285715,890.5594549816101,954.757826852707,0,1,0,1,0,1,0,0,0,0,0
2013-11-12,3231,1,12,11,2013,46,0,4370.0,3835.0,3409.0,3276.0,4355.285714285715,4229.321428571428,883.7259594628707,955.1069768887584,0,0,0,0,0,0,0,0,0,0,0
2013-11-13,3088,2,13,11,2013,46,0,3231.0,3556.0,3748.0,3383.0,4269.0,4227.714285714285,968.4208795766432,956.8068754066268,0,0,0,0,0,0,0,0,0,0,0
2013-11-14,3237,3,14,11,2013,46,0,3088.0,3500.0,2982.0,3406.0,4202.142857142857,4217.178571428572,1039.40181972957,968.0113656193556,0,0,0,0,0,0,0,0,0,0,0
2013-11-15,3947,4,15,11,2013,46,0,3237.0,4126.0,4474.0,4281.0,4164.571428571428,4211.142857142857,1073.215706361471,973.7662931375216,0,0,0,0,0,0,0,0,0,0,0
2013-11-16,5502,5,16,11,2013,46,1,3947.0,5288.0,5425.0,5147.0,4139.0,4199.214285714285,1076.4156570148284,974.9239042343844,0,0,0,0,0,0,0,0,0,0,0
2013-11-17,5430,6,17,11,2013,46,1,5502.0,5812.0,6180.0,5914.0,4169.571428571428,4211.892857142857,1116.7698744060706,989.8993715893612,0,0,0,0,0,0,0,0,0,0,0
2013-11-18,3741,0,18,11,2013,47,0,5430.0,4370.0,4061.0,3742.0,4115.0,4194.607142857143,1029.0215417246286,962.9347633487976,0,0,0,0,0,0,0,0,0,0,0
2013-11-19,3225,1,19,11,2013,47,0,3741.0,3231.0,3835.0,3349.0,4025.142857142857,4194.571428571428,1030.5049617495654,962.9521902124304,0,0,0,0,0,0,0,0,0,0,0
2013-11-20,3100,2,20,11,2013,47,0,3225.0,3088.0,3556.0,3363.0,4024.285714285714,4190.142857142857,1031.2778019340385,967.260458020894,0,0,0,0,0,0,0,0,0,0,0
2013-11-21,3180,3,21,11,2013,47,0,3100.0,3237.0,3500.0,3072.0,4026.0,4180.75,1029.4704140155416,976.8198827487746,0,0,0,0,0,0,0,0,0,0,0
2013-11-22,3921,4,22,11,2013,47,0,3180.0,3947.0,4126.0,3955.0,4017.857142857143,4184.607142857143,1036.9496015672476,972.4832413784316,0,0,0,0,0,0,0,0,0,0,0
2013-11-23,5334,5,23,11,2013,47,1,3921.0,5502.0,5288.0,5353.0,4014.142857142857,4183.392857142857,1037.2922167148176,972.8017322751108,0,0,0,0,0,0,0,0,0,0,0
2013-11-24,5288,6,24,11,2013,47,1,5334.0,5430.0,5812.0,5471.0,3990.142857142857,4182.714285714285,998.3421972736304,971.9619279673384,0,0,0,0,0,0,0,0,0,0,0
2013-11-25,4034,0,25,11,2013,48,0,5288.0,3741.0,4370.0,3943.0,3969.857142857143,4176.178571428572,965.0981691985916,963.5572616927564,0,0,0,0,0,0,0,0,0,0,0
2013-11-26,4117,1,26,11,2013,48,0,4034.0,3225.0,3231.0,3409.0,4011.714285714286,4179.428571428572,959.8577523580784,962.894880173608,0,0,0,0,0,0,0,0,0,0,0
2013-11-27,4487,2,27,11,2013,48,0,4117.0,3100.0,3088.0,3748.0,4139.142857142857,4204.714285714285,895.0289434000489,951.1383377648772,0,0,0,0,0,0,0,0,0,0,0
2013-11-28,2359,3,28,11,2013,48,0,4487.0,3180.0,3237.0,2982.0,4337.285714285715,4231.107142857143,771.667396893617,948.244473059467,0,1,0,1,0,1,0,0,0,0,0
2013-11-29,2635,4,29,11,2013,48,0,2359.0,3921.0,3947.0,4474.0,4220.0,4208.857142857143,1004.227397886886,985.2275433468698,0,0,0,0,0,0,0,0,0,0,0
2013-11-30,3452,5,30,11,2013,48,1,2635.0,5334.0,5502.0,5425.0,4036.285714285714,4143.178571428572,1171.7083986336231,1027.2963816835445,0,0,0,0,0,0,0,0,0,0,0
2013-12-01,4886,6,1,12,2013,48,1,3452.0,5288.0,5430.0,6180.0,3767.428571428572,4072.714285714286,1031.8867601216148,1003.5078791380076,1,0,0,0,0,0,0,0,0,0,0
2013-12-02,4715,0,2,12,2013,49,0,4886.0,4034.0,3741.0,4061.0,3710.0,4026.5,940.2765550623906,929.9688764206628,1,0,0,0,0,0,0,0,0,0,0
2013-12-03,4214,1,3,12,2013,49,0,4715.0,4117.0,3225.0,3835.0,3807.285714285714,4049.857142857143,1011.8891102430982,939.0362164863584,1,0,0,0,0,0,0,0,0,0,0
2013-12-04,3841,2,4,12,2013,49,0,4214.0,4487.0,3100.0,3556.0,3821.142857142857,4063.392857142857,1017.4860242400418,938.5558780612824,1,0,0,0,0,0,0,0,0,0,0
2013-12-05,3831,3,5,12,2013,49,0,3841.0,2359.0,3180.0,3500.0,3728.857142857143,4073.571428571429,975.455351544672,934.3855746512788,1,1,0,1,0,0,1,0,0,0,0
2013-12-06,4410,4,6,12,2013,49,0,3831.0,2635.0,3921.0,4126.0,3939.142857142857,4085.392857142857,767.4050274727645,928.9381966957874,1,0,0,0,0,0,0,0,0,0,0
2013-12-07,5882,5,7,12,2013,49,1,4410.0,3452.0,5334.0,5288.0,4192.714285714285,4095.535714285714,517.0898420602597,930.9462920476382,1,0,0,0,0,0,0,0,0,0,0
2013-12-08,5462,6,8,12,2013,49,1,5882.0,4886.0,5288.0,5812.0,4539.857142857143,4116.75,714.8149943799987,965.2619918773144,1,0,0,0,0,0,0,0,0,0,0
2013-12-09,4082,0,9,12,2013,50,0,5462.0,4715.0,4034.0,4370.0,4622.142857142857,4104.25,790.4533358715604,944.5394576390312,1,0,0,0,0,0,0,0,0,0,0
2013-12-10,4296,1,10,12,2013,50,0,4082.0,4214.0,4117.0,3231.0,4531.714285714285,4093.964285714286,813.9194706860784,943.1053702625107,1,0,0,0,0,0,0,0,0,0,0
2013-12-11,3366,2,11,12,2013,50,0,4296.0,3841.0,4487.0,3088.0,4543.428571428572,4132.0,809.1608528063422,928.3735678494292,0,0,0,0,0,0,0,0,0,0,0
2013-12-12,3451,3,12,12,2013,50,0,3366.0,3831.0,2359.0,3237.0,4475.571428571428,4141.928571428572,893.415516830935,918.2259839886664,0,0,0,0,0,0,0,0,0,0,0
2013-12-13,3989,4,13,12,2013,50,0,3451.0,4410.0,2635.0,3947.0,4421.285714285715,4149.571428571428,948.9286440131168,911.2791753627054,0,0,0,0,0,0,0,0,0,0,0
2013-12-14,5299,5,14,12,2013,50,1,3989.0,5882.0,3452.0,5502.0,4361.142857142857,4151.071428571428,963.0002472432064,910.9678991202215,0,0,0,0,0,0,0,0,0,0,0
2013-12-15,5172,6,15,12,2013,50,1,5299.0,5462.0,4886.0,5430.0,4277.857142857143,4143.821428571428,824.8465369532747,900.5666550925298,0,0,0,0,0,0,0,0,0,0,0
2013-12-16,4064,0,16,12,2013,51,0,5172.0,4082.0,4715.0,3741.0,4236.428571428572,4134.607142857143,760.209808132566,888.1538630167252,0,0,0,0,0,0,0,0,0,0,0
2013-12-17,3479,1,17,12,2013,51,0,4064.0,4296.0,4214.0,3225.0,4233.857142857143,4146.142857142857,760.8494000285535,884.9440122187967,0,0,0,0,0,0,0,0,0,0,0
2013-12-18,3453,2,18,12,2013,51,0,3479.0,3366.0,3841.0,3100.0,4117.142857142857,4155.214285714285,810.755086030183,876.4125257799047,0,0,0,0,0,0,0,0,0,0,0
2013-12-19,3722,3,19,12,2013,51,0,3453.0,3451.0,3831.0,3180.0,4129.571428571428,4167.821428571428,797.8859269224845,863.1091108901493,0,0,0,0,0,0,0,0,0,0,0
2013-12-20,3903,4,20,12,2013,51,0,3722.0,3989.0,4410.0,3921.0,4168.285714285715,4187.178571428572,765.3861148217314,846.0435613323666,0,0,0,0,0,0,0,0,0,0,0
2013-12-21,5361,5,21,12,2013,51,1,3903.0,5299.0,5882.0,5334.0,4156.0,4186.535714285715,769.4231605560103,846.2601159586987,0,0,0,0,0,0,0,0,0,0,0
2013-12-22,5356,6,22,12,2013,51,1,5361.0,5172.0,5462.0,5288.0,4164.857142857143,4187.5,784.9733389467077,847.6303133726074,0,0,0,0,0,0,0,0,0,0,0
2013-12-23,4799,0,23,12,2013,52,0,5356.0,4064.0,4082.0,4034.0,4191.142857142857,4189.928571428572,826.3117709782082,850.9909225512024,0,0,0,0,0,0,0,0,0,0,0
2013-12-24,3458,1,24,12,2013,52,0,4799.0,3479.0,4296.0,4117.0,4296.142857142857,4217.25,853.7072934309178,858.0504010492253,0,0,0,0,0,0,0,0,0,0,0
2013-12-25,0,2,25,12,2013,52,0,3458.0,3453.0,3366.0,4487.0,4293.142857142857,4193.714285714285,857.0875934565516,869.8587308524344,0,1,0,1,0,1,0,0,0,0,1
2013-12-26,3570,3,26,12,2013,52,0,0.0,3722.0,3451.0,2359.0,3799.857142857143,4033.464285714286,1845.2422992271613,1173.9746505605349,0,0,0,0,0,0,0,0,0,0,0
2013-12-27,4089,4,27,12,2013,52,0,3570.0,3903.0,3989.0,2635.0,3778.142857142857,4076.714285714286,1847.2045030776844,1131.5416837264904,0,0,0,0,0,0,0,0,0,0,0
2013-12-28,4575,5,28,12,2013,52,1,4089.0,5361.0,5299.0,3452.0,3804.714285714286,4128.642857142857,1850.6344600600908,1095.7247631653463,0,0,0,0,0,0,0,0,0,0,0
2013-12-29,4281,6,29,12,2013,52,1,4575.0,5356.0,5172.0,4886.0,3692.428571428572,4168.75,1762.2024909321906,1090.580770354339,0,0,0,0,0,0,0,0,0,0,0
2013-12-30,4294,0,30,12,2013,1,0,4281.0,4799.0,4064.0,4715.0,3538.8571428571427,4147.142857142857,1635.3390503268145,1081.801882125054,0,0,0,0,0,0,0,0,0,0,0
2013-12-31,4175,1,31,12,2013,1,0,4294.0,3458.0,3479.0,4214.0,3466.714285714286,4132.107142857143,1580.7093043193938,1076.529896345134,0,0,0,0,0,0,0,0,0,0,0
2014-01-01,2913,2,1,1,2014,1,0,4175.0,0.0,3453.0,3841.0,3569.1428571428573,4130.714285714285,1603.1221027078611,1076.445242354834,1,1,0,1,0,1,0,0,0,0,0
2014-01-02,4410,3,2,1,2014,1,0,2913.0,3570.0,3722.0,3831.0,3985.285714285714,4097.571428571428,562.6605590957162,1099.7300149673572,1,0,0,0,0,0,0,0,0,0,0
2014-01-03,4703,4,3,1,2014,1,0,4410.0,4089.0,3903.0,4410.0,4105.285714285715,4118.25,548.7320883289989,1099.9754753158336,1,0,0,0,0,0,0,0,0,0,0
2014-01-04,5087,5,4,1,2014,1,1,4703.0,4575.0,5361.0,5882.0,4193.0,4128.714285714285,592.9842606118085,1104.2391668321384,1,0,0,0,0,0,0,0,0,0,0
2014-01-05,5472,6,5,1,2014,1,1,5087.0,4281.0,5356.0,5462.0,4266.142857142857,4100.321428571428,673.9986222961758,1067.0836009309014,1,0,0,0,0,0,0,0,0,0,0
2014-01-06,4340,0,6,1,2014,2,0,5472.0,4294.0,4799.0,4082.0,4436.285714285715,4100.678571428572,814.1330182645662,1067.557789348137,1,0,0,0,0,0,0,0,0,0,0
2014-01-07,4043,1,7,1,2014,2,0,4340.0,4175.0,3458.0,4296.0,4442.857142857143,4109.892857142857,812.9779473375302,1068.5036036711335,1,1,0,1,0,0,1,0,0,0,0
2014-01-08,3607,2,8,1,2014,2,0,4043.0,2913.0,0.0,3366.0,4424.0,4100.857142857143,821.7104112763819,1067.9411037403695,1,0,0,0,0,0,0,0,0,0,0
2014-01-09,3395,3,9,1,2014,2,0,3607.0,4410.0,3570.0,3451.0,4523.142857142857,4109.464285714285,628.067254512188,1062.7577153990503,1,0,0,0,0,0,0,0,0,0,0
2014-01-10,4134,4,10,1,2014,2,0,3395.0,4703.0,4089.0,3989.0,4378.142857142857,4107.464285714285,761.5270685868471,1064.0946241042743,1,0,0,0,0,0,0,0,0,0,0
2014-01-11,5582,5,11,1,2014,2,1,4134.0,5087.0,4575.0,5299.0,4296.857142857143,4112.642857142857,751.3723951480224,1063.8495512641182,0,0,0,0,0,0,0,0,0,0,0
2014-01-12,5062,6,12,1,2014,2,1,5582.0,5472.0,4281.0,5172.0,4367.571428571428,4122.75,854.3638680606872,1076.803487178602,0,0,0,0,0,0,0,0,0,0,0
2014-01-13,3720,0,13,1,2014,3,0,5062.0,4340.0,4294.0,4064.0,4309.0,4118.821428571428,776.5393314786658,1073.02770160546,0,0,0,0,0,0,0,0,0,0,0
2014-01-14,3158,1,14,1,2014,3,0,3720.0,4043.0,4175.0,3479.0,4220.428571428572,4106.535714285715,807.1684783122737,1075.6447672646918,0,0,0,0,0,0,0,0,0,0,0
2014-01-15,3241,2,15,1,2014,3,0,3158.0,3607.0,2913.0,3453.0,4094.0,4095.071428571429,903.1897179810368,1084.2569371786856,0,0,0,0,0,0,0,0,0,0,0
2014-01-16,3193,3,16,1,2014,3,0,3241.0,3395.0,4410.0,3722.0,4041.714285714286,4087.5,945.6755458904688,1089.633492578191,0,0,0,0,0,0,0,0,0,0,0
2014-01-17,4137,4,17,1,2014,3,0,3193.0,4134.0,4703.0,3903.0,4012.857142857143,4068.607142857143,971.430290614724,1100.7350520274638,0,0,0,0,0,0,0,0,0,0,0
2014-01-18,5481,5,18,1,2014,3,1,4137.0,5582.0,5087.0,5361.0,4013.285714285714,4076.964285714286,971.4933031654084,1100.3193638125936,0,0,0,0,0,0,0,0,0,0,0
2014-01-19,4872,6,19,1,2014,3,1,5481.0,5062.0,5472.0,5356.0,3998.857142857143,4081.25,944.6920889142348,1105.7262947442678,0,0,0,0,0,0,0,0,0,0,0
2014-01-20,4019,0,20,1,2014,4,0,4872.0,3720.0,4340.0,4799.0,3971.714285714286,4063.964285714286,911.1903778914163,1088.7124397447772,0,1,0,1,0,1,0,0,0,0,0
2014-01-21,3089,1,21,1,2014,4,0,4019.0,3158.0,4043.0,3458.0,4014.428571428572,4036.107142857143,904.4069617052658,1079.1453181684417,0,0,0,0,0,0,0,0,0,0,0
2014-01-22,3109,2,22,1,2014,4,0,3089.0,3241.0,3607.0,0.0,4004.571428571429,4022.928571428572,915.6036000262068,1088.677686838536,0,0,0,0,0,0,0,0,0,0,0
2014-01-23,2872,3,23,1,2014,4,0,3109.0,3193.0,3395.0,3570.0,3985.714285714286,4133.964285714285,935.1022607689684,777.1509449713348,0,0,0,0,0,0,0,0,0,0,0
2014-01-24,3900,4,24,1,2014,4,0,2872.0,4137.0,4134.0,4089.0,3939.857142857143,4109.035714285715,986.8925015034854,806.5499218616441,0,0,0,0,0,0,0,0,0,0,0
2014-01-25,4750,5,25,1,2014,4,1,3900.0,5481.0,5582.0,4575.0,3906.0,4102.285714285715,983.0598489749564,807.5141029449729,0,0,0,0,0,0,0,0,0,0,0
2014-01-26,5357,6,26,1,2014,4,1,4750.0,4872.0,5062.0,4281.0,3801.571428571429,4108.535714285715,811.7690264976542,811.9732472395885,0,0,0,0,0,0,0,0,0,0,0
2014-01-27,3514,0,27,1,2014,5,0,5357.0,4019.0,3720.0,4294.0,3870.857142857143,4146.964285714285,930.38978006916,845.2193439681716,0,0,0,0,0,0,0,0,0,0,0
2014-01-28,2873,1,28,1,2014,5,0,3514.0,3089.0,3158.0,4175.0,3798.714285714286,4119.107142857143,936.5467979561414,853.0116728516449,0,0,0,0,0,0,0,0,0,0,0
2014-01-29,2621,2,29,1,2014,5,0,2873.0,3109.0,3241.0,2913.0,3767.857142857143,4072.607142857143,966.8942425055974,884.7493195621047,0,0,0,0,0,0,0,0,0,0,0
2014-01-30,2846,3,30,1,2014,5,0,2621.0,2872.0,3193.0,4410.0,3698.142857142857,4062.178571428572,1037.3423460252354,900.5045110040389,0,0,0,0,0,0,0,0,0,0,0
2014-01-31,4359,4,31,1,2014,5,0,2846.0,3900.0,4137.0,4703.0,3694.428571428572,4006.321428571429,1040.8340977541116,926.2684217619852,0,0,0,0,0,0,0,0,0,0,0
2014-02-01,6511,5,1,2,2014,5,1,4359.0,4750.0,5481.0,5087.0,3760.0,3994.035714285714,1069.9931463954945,918.9380135522324,1,0,0,0,0,0,0,0,0,0,0
2014-02-02,5090,6,2,2,2014,5,1,6511.0,5357.0,4872.0,5472.0,4011.571428571429,4044.892857142857,1472.7635991725274,1015.9503611118928,1,1,0,1,0,0,0,1,1,0,0
2014-02-03,4161,0,3,2,2014,6,0,5090.0,3514.0,4019.0,4340.0,3973.428571428572,4031.25,1435.08662423131,998.4912924563292,1,0,0,0,0,0,0,0,0,0,0
2014-02-04,3461,1,4,2,2014,6,0,4161.0,2873.0,3089.0,4043.0,4065.857142857143,4024.857142857143,1421.3343998477187,997.0132327323372,1,0,0,0,0,0,0,0,0,0,0
2014-02-05,3470,2,5,2,2014,6,0,3461.0,2621.0,3109.0,3607.0,4149.857142857143,4004.071428571429,1354.9108738918862,1002.6716876562904,1,0,0,0,0,0,0,0,0,0,0
2014-02-06,3566,3,6,2,2014,6,0,3470.0,2846.0,2872.0,3395.0,4271.142857142857,3999.178571428572,1227.2279642309638,1005.0126239697812,1,0,0,0,0,0,0,0,0,0,0
2014-02-07,4235,4,7,2,2014,6,0,3566.0,4359.0,3900.0,4134.0,4374.0,4005.285714285714,1112.7045130371914,1001.719405420384,1,0,0,0,0,0,0,0,0,0,0
2014-02-08,5752,5,8,2,2014,6,1,4235.0,6511.0,4750.0,5582.0,4356.285714285715,4008.892857142857,1113.9694361884017,1002.381694849478,1,0,0,0,0,0,0,0,0,0,0
2014-02-09,5747,6,9,2,2014,6,1,5752.0,5090.0,5357.0,5062.0,4247.857142857143,4014.964285714286,882.0898345352791,1012.7243960628934,1,0,0,0,0,0,0,0,0,0,0
2014-02-10,4316,0,10,2,2014,7,0,5747.0,4161.0,3514.0,3720.0,4341.714285714285,4039.428571428572,1012.0157630995204,1046.6594985094748,1,0,0,0,0,0,0,0,0,0,0
2014-02-11,3510,1,11,2,2014,7,0,4316.0,3461.0,2873.0,3158.0,4363.857142857143,4060.714285714286,1009.0942190187906,1045.9828926135506,0,0,0,0,0,0,0,0,0,0,0
2014-02-12,3465,2,12,2,2014,7,0,3510.0,3470.0,2621.0,3241.0,4370.857142857143,4073.285714285714,1001.931872030467,1036.8065949558354,0,0,0,0,0,0,0,0,0,0,0
2014-02-13,3891,3,13,2,2014,7,0,3465.0,3566.0,2846.0,3193.0,4370.142857142857,4081.285714285714,1002.682639817044,1030.9947320748715,0,0,0,0,0,0,0,0,0,0,0
2014-02-14,3659,4,14,2,2014,7,0,3891.0,4235.0,4359.0,4137.0,4416.571428571428,4106.214285714285,966.0984865500442,1017.0656906255452,0,1,0,1,1,0,0,0,0,1,0
2014-02-15,4900,5,15,2,2014,7,1,3659.0,5752.0,6511.0,5481.0,4334.285714285715,4089.142857142857,1007.7720830766108,1020.5355062792858,0,0,0,0,0,0,0,0,0,0,0
2014-02-16,4930,6,16,2,2014,7,1,4900.0,5747.0,5090.0,4872.0,4212.571428571428,4068.392857142857,846.5661732636648,996.8184700181428,0,0,0,0,0,0,0,0,0,0,0
2014-02-17,3943,0,17,2,2014,8,0,4930.0,4316.0,4161.0,4019.0,4095.857142857143,4070.464285714286,627.816700577333,998.6089021323556,0,1,0,1,0,1,0,0,0,0,0
2014-02-18,2988,1,18,2,2014,8,0,3943.0,3510.0,3461.0,3089.0,4042.571428571429,4067.75,621.8185311763268,998.8572220292544,0,0,0,0,0,0,0,0,0,0,0
2014-02-19,2967,2,19,2,2014,8,0,2988.0,3465.0,3470.0,3109.0,3968.0,4064.142857142857,719.8972148855687,1002.6976470644432,0,0,0,0,0,0,0,0,0,0,0
2014-02-20,3003,3,20,2,2014,8,0,2967.0,3891.0,3566.0,2872.0,3896.857142857143,4059.071428571429,798.2350173082743,1008.052281440006,0,0,0,0,0,0,0,0,0,0,0
2014-02-21,3813,4,21,2,2014,8,0,3003.0,3659.0,4235.0,3900.0,3770.0,4063.75,866.9267558450355,1002.6281990626208,0,0,0,0,0,0,0,0,0,0,0
2014-02-22,4790,5,22,2,2014,8,1,3813.0,4900.0,5752.0,4750.0,3792.0,4060.642857142857,865.5934380527603,1003.2890434774536,0,0,0,0,0,0,0,0,0,0,0
2014-02-23,5055,6,23,2,2014,8,1,4790.0,4930.0,5747.0,5357.0,3776.285714285714,4062.071428571429,842.8249549947501,1004.3348979805425,0,0,0,0,0,0,0,0,0,0,0
2014-02-24,3574,0,24,2,2014,9,0,5055.0,3943.0,4316.0,3514.0,3794.142857142857,4051.285714285714,872.1567956454126,991.4523898149828,0,0,0,0,0,0,0,0,0,0,0
2014-02-25,3168,1,25,2,2014,9,0,3574.0,2988.0,3510.0,2873.0,3741.428571428572,4053.428571428572,872.8113307282489,990.3123124502064,0,0,0,0,0,0,0,0,0,0,0
2014-02-26,3018,2,26,2,2014,9,0,3168.0,2967.0,3465.0,2621.0,3767.142857142857,4063.964285714286,849.2481829185588,978.7910714959604,0,0,0,0,0,0,0,0,0,0,0
2014-02-27,3164,3,27,2,2014,9,0,3018.0,3003.0,3891.0,2846.0,3774.428571428572,4078.142857142857,841.4223785041713,959.805717774704,0,0,0,0,0,0,0,0,0,0,0
2014-02-28,3495,4,28,2,2014,9,0,3164.0,3813.0,3659.0,4359.0,3797.428571428572,4089.5,818.7152246340708,946.4749218958611,0,0,0,0,0,0,0,0,0,0,0
2014-03-01,5724,5,1,3,2014,9,1,3495.0,4790.0,4900.0,6511.0,3752.0,4058.642857142857,826.4927908538168,951.4343641083964,1,0,0,0,0,0,0,0,0,0,0
2014-03-02,5516,6,2,3,2014,9,1,5724.0,5055.0,4930.0,5090.0,3885.428571428572,4030.535714285714,1063.4268282527094,885.6547476362229,1,0,0,0,0,0,0,0,0,0,0
2014-03-03,3843,0,3,3,2014,10,0,5516.0,3574.0,3943.0,4161.0,3951.285714285714,4045.75,1157.998663540638,907.9083664400562,1,0,0,0,0,0,0,0,0,0,0
2014-03-04,3313,1,4,3,2014,10,0,3843.0,3168.0,2988.0,3461.0,3989.714285714286,4034.392857142857,1147.8101925384865,908.4021111284612,1,0,0,0,0,0,0,0,0,0,0
2014-03-05,2949,2,5,3,2014,10,0,3313.0,3018.0,2967.0,3470.0,4010.428571428572,4029.107142857143,1131.7047402249486,912.284366781003,1,1,0,1,0,0,1,0,0,0,0
2014-03-06,3263,3,6,3,2014,10,0,2949.0,3164.0,3003.0,3566.0,4000.571428571429,4010.5,1142.0427395888555,929.2655602579284,1,0,0,0,0,0,0,0,0,0,0
2014-03-07,4092,4,7,3,2014,10,0,3263.0,3495.0,3813.0,4235.0,4014.714285714286,3999.678571428572,1130.5109043091552,936.3706156721174,1,0,0,0,0,0,0,0,0,0,0
2014-03-08,5070,5,8,3,2014,10,1,4092.0,5724.0,4790.0,5752.0,4100.0,3994.571428571429,1107.0444134420864,935.4290926102244,1,0,0,0,0,0,0,0,0,0,0
2014-03-09,5913,6,9,3,2014,10,1,5070.0,5516.0,5055.0,5747.0,4006.571428571429,3970.214285714286,965.7212947054746,896.0225839226774,1,0,0,0,0,0,0,0,0,0,0
2014-03-10,4372,0,10,3,2014,11,0,5913.0,3843.0,3574.0,4316.0,4063.285714285714,3976.142857142857,1074.6538534625483,908.6740325080814,1,0,0,0,0,0,0,0,0,0,0
2014-03-11,3340,1,11,3,2014,11,0,4372.0,3313.0,3168.0,3510.0,4138.857142857143,3978.142857142857,1075.1811364558423,909.511008802134,0,0,0,0,0,0,0,0,0,0,0
2014-03-12,3356,2,12,3,2014,11,0,3340.0,2949.0,3018.0,3465.0,4142.714285714285,3972.071428571429,1071.7676542804904,913.3113107065687,0,1,0,1,0,0,1,0,0,0,0
2014-03-13,3299,3,13,3,2014,11,0,3356.0,3263.0,3164.0,3891.0,4200.857142857143,3968.178571428572,1005.1879473629846,915.781635526862,0,0,0,0,0,0,0,0,0,0,0
2014-03-14,4059,4,14,3,2014,11,0,3299.0,4092.0,3495.0,3659.0,4206.0,3947.035714285714,999.6667778148214,924.4225217276186,0,0,0,0,0,0,0,0,0,0,0
2014-03-15,5427,5,15,3,2014,11,1,4059.0,5070.0,5724.0,4900.0,4201.285714285715,3961.321428571429,1000.3715500229098,922.8959274247252,0,0,0,0,0,0,0,0,0,0,0
2014-03-16,5350,6,16,3,2014,11,1,5427.0,5913.0,5516.0,4930.0,4252.285714285715,3980.142857142857,1059.399470499792,947.7863767078616,0,1,0,1,0,0,1,0,0,0,0
2014-03-17,3554,0,17,3,2014,12,0,5350.0,4372.0,3843.0,3943.0,4171.857142857143,3995.142857142857,925.1744751795794,966.514421508612,0,1,0,1,1,0,0,0,0,0,0
2014-03-18,3187,1,18,3,2014,12,0,3554.0,3340.0,3313.0,2988.0,4055.0,3981.25,947.0821858036744,970.080891052486,0,0,0,0,0,0,0,0,0,0,0
2014-03-19,3280,2,19,3,2014,12,0,3187.0,3356.0,2949.0,2967.0,4033.142857142857,3988.357142857143,967.870760754662,963.23933467909,0,0,0,0,0,0,0,0,0,0,0
2014-03-20,3347,3,20,3,2014,12,0,3280.0,3299.0,3263.0,3003.0,4022.285714285714,3999.535714285714,977.1147517539772,952.7059117234468,0,0,0,0,0,0,0,0,0,0,0
2014-03-21,3969,4,21,3,2014,12,0,3347.0,4059.0,4092.0,3813.0,4029.142857142857,4011.821428571429,971.3443310813155,941.531536167474,0,0,0,0,0,0,0,0,0,0,0
2014-03-22,5073,5,22,3,2014,12,1,3969.0,5427.0,5070.0,4790.0,4016.285714285714,4017.392857142857,971.4788922540914,940.7727060196496,0,0,0,0,0,0,0,0,0,0,0
2014-03-23,5679,6,23,3,2014,12,1,5073.0,5350.0,5913.0,5055.0,3965.714285714286,4027.5,891.7450521843315,950.8468545148268,0,0,0,0,0,0,0,0,0,0,0
2014-03-24,3953,0,24,3,2014,13,0,5679.0,3554.0,4372.0,3574.0,4012.714285714286,4049.785714285714,981.0617911707888,982.6033583233668,0,0,0,0,0,0,0,0,0,0,0
2014-03-25,3316,1,25,3,2014,13,0,3953.0,3187.0,3340.0,3168.0,4069.714285714286,4063.321428571429,961.3616583238784,978.4079681382408,0,0,0,0,0,0,0,0,0,0,0
2014-03-26,3081,2,26,3,2014,13,0,3316.0,3280.0,3356.0,3018.0,4088.142857142857,4068.607142857143,942.6753468314578,973.7808080719764,0,0,0,0,0,0,0,0,0,0,0
2014-03-27,3367,3,27,3,2014,13,0,3081.0,3347.0,3299.0,3164.0,4059.714285714286,4070.857142857143,973.6020258616472,971.3330936583894,0,0,0,0,0,0,0,0,0,0,0
2014-03-28,3926,4,28,3,2014,13,0,3367.0,3969.0,4059.0,3495.0,4062.571428571429,4078.107142857143,971.1882510860694,965.0509232115852,0,0,0,0,0,0,0,0,0,0,0
2014-03-29,4954,5,29,3,2014,13,1,3926.0,5073.0,5427.0,5724.0,4056.428571428572,4093.5,972.0143786904345,958.8229087638492,0,0,0,0,0,0,0,0,0,0,0
2014-03-30,5767,6,30,3,2014,13,1,4954.0,5679.0,5350.0,5516.0,4039.428571428572,4066.0,952.1086872731238,920.6071265645734,0,0,0,0,0,0,0,0,0,0,0
2014-03-31,3608,0,31,3,2014,14,0,5767.0,3953.0,3554.0,3843.0,4052.0,4074.964285714286,977.6048963325276,936.3368926059816,0,0,0,0,0,0,0,0,0,0,0
2014-04-01,3773,1,1,4,2014,14,0,3608.0,3316.0,3187.0,3313.0,4002.714285714286,4066.571428571429,992.018096993146,939.5408424911572,1,0,0,0,0,0,0,0,0,0,0
2014-04-02,4052,2,2,4,2014,14,0,3773.0,3081.0,3280.0,2949.0,4068.0,4083.0,953.5858639891842,929.8477772672726,1,0,0,0,0,0,0,0,0,0,0
2014-04-03,4029,3,3,4,2014,14,0,4052.0,3367.0,3347.0,3263.0,4206.714285714285,4122.392857142857,851.210063044706,903.0034387074384,1,0,0,0,0,0,0,0,0,0,0
2014-04-04,4307,4,4,4,2014,14,0,4029.0,3926.0,3969.0,4092.0,4301.285714285715,4149.75,775.8014596286262,887.4729260346155,1,0,0,0,0,0,0,0,0,0,0
2014-04-05,5805,5,5,4,2014,14,1,4307.0,4954.0,5073.0,5070.0,4355.714285714285,4157.428571428572,758.250555398351,887.884770158472,1,0,0,0,0,0,0,0,0,0,0
2014-04-06,6337,6,6,4,2014,14,1,5805.0,5767.0,5679.0,5913.0,4477.285714285715,4183.678571428572,920.9315418433172,925.9144450346406,1,0,0,0,0,0,0,0,0,0,0
2014-04-07,4494,0,7,4,2014,15,0,6337.0,3608.0,3953.0,4372.0,4558.714285714285,4198.821428571428,1067.508737557642,958.1501101590922,1,0,0,0,0,0,0,0,0,0,0
2014-04-08,4045,1,8,4,2014,15,0,4494.0,3773.0,3316.0,3340.0,4685.285714285715,4203.178571428572,985.3626598509704,959.243569793654,1,0,0,0,0,0,0,0,0,0,0
2014-04-09,3966,2,9,4,2014,15,0,4045.0,4052.0,3081.0,3356.0,4724.142857142857,4228.357142857143,948.047894108635,944.892594887383,1,0,0,0,0,0,0,0,0,0,0
2014-04-10,4015,3,10,4,2014,15,0,3966.0,4029.0,3367.0,3299.0,4711.857142857143,4250.142857142857,958.7071900171,930.9638459895629,1,0,0,0,0,0,0,0,0,0,0
2014-04-11,4350,4,11,4,2014,15,0,4015.0,4307.0,3926.0,4059.0,4709.857142857143,4275.714285714285,960.382289953928,913.5409276299677,0,0,0,0,0,0,0,0,0,0,0
2014-04-12,5171,5,12,4,2014,15,1,4350.0,5805.0,4954.0,5427.0,4716.0,4286.107142857143,957.5092688846452,912.639003691052,0,0,0,0,0,0,0,0,0,0,0
2014-04-13,5590,6,13,4,2014,15,1,5171.0,6337.0,5767.0,5350.0,4625.428571428572,4276.964285714285,862.6147956731858,902.0065484751532,0,0,0,0,0,0,0,0,0,0,0
2014-04-14,3901,0,14,4,2014,16,0,5590.0,4494.0,3608.0,3554.0,4518.714285714285,4285.535714285715,630.5858953612714,913.6460730640678,0,0,0,0,0,0,0,0,0,0,0
2014-04-15,3490,1,15,4,2014,16,0,3901.0,4045.0,3773.0,3187.0,4434.0,4297.928571428572,672.8739356917736,905.6744950617114,0,0,0,0,0,0,0,0,0,0,0
2014-04-16,4201,2,16,4,2014,16,0,3490.0,3966.0,4052.0,3280.0,4354.714285714285,4308.75,754.1405073074297,893.6391941154181,0,0,0,0,0,0,0,0,0,0,0
2014-04-17,4048,3,17,4,2014,16,0,4201.0,4015.0,4029.0,3347.0,4388.285714285715,4341.642857142857,739.0317346108405,871.0348555463861,0,0,0,0,0,0,0,0,0,0,0
2014-04-18,5074,4,18,4,2014,16,0,4048.0,4350.0,4307.0,3969.0,4393.0,4366.678571428572,736.3540814943151,851.2367496579596,0,0,0,0,0,0,0,0,0,0,0
2014-04-19,6257,5,19,4,2014,16,1,5074.0,5171.0,5805.0,5073.0,4496.428571428572,4406.142857142857,778.9237996840837,857.7070083480171,0,0,0,0,0,0,0,0,0,0,0
2014-04-20,4814,6,20,4,2014,16,1,6257.0,5590.0,6337.0,5679.0,4651.571428571428,4448.428571428572,1009.6545378070132,918.8108832362794,0,1,1,1,1,0,1,0,0,0,0
2014-04-21,3829,0,21,4,2014,17,0,4814.0,3901.0,4494.0,3953.0,4540.714285714285,4417.535714285715,928.8095811818716,889.9932784657865,0,0,0,0,0,0,0,0,0,0,0
2014-04-22,3785,1,22,4,2014,17,0,3829.0,3490.0,4045.0,3316.0,4530.428571428572,4413.107142857143,937.4331722213363,892.6948107456817,0,1,0,1,0,0,1,0,0,0,0
2014-04-23,3344,2,23,4,2014,17,0,3785.0,4201.0,3966.0,3081.0,4572.571428571428,4429.857142857143,888.2028404110696,875.5829260084125,0,0,0,0,0,0,0,0,0,0,0
2014-04-24,3500,3,24,4,2014,17,0,3344.0,4048.0,4015.0,3367.0,4450.142857142857,4439.25,999.98557132448,861.8805290156456,0,0,0,0,0,0,0,0,0,0,0
2014-04-25,4186,4,25,4,2014,17,0,3500.0,5074.0,4350.0,3926.0,4371.857142857143,4444.0,1056.5650995200494,856.099379831653,0,0,0,0,0,0,0,0,0,0,0
2014-04-26,5444,5,26,4,2014,17,1,4186.0,6257.0,5171.0,4954.0,4245.0,4453.285714285715,1010.5170293798452,851.6713788581428,0,0,0,0,0,0,0,0,0,0,0
2014-04-27,5570,6,27,4,2014,17,1,5444.0,4814.0,5590.0,5767.0,4128.857142857143,4470.785714285715,755.1932266140946,867.2330780362358,0,0,0,0,0,0,0,0,0,0,0
2014-04-28,3917,0,28,4,2014,18,0,5570.0,3829.0,3901.0,3608.0,4236.857142857143,4463.75,908.0863447513178,857.0671621117932,0,0,0,0,0,0,0,0,0,0,0
2014-04-29,3260,1,29,4,2014,18,0,3917.0,3785.0,3490.0,3773.0,4249.428571428572,4474.785714285715,902.0882915293192,847.5771288903339,0,0,0,0,0,0,0,0,0,0,0
2014-04-30,3505,2,30,4,2014,18,0,3260.0,3344.0,4201.0,4052.0,4174.428571428572,4456.464285714285,966.6505499477483,868.5929653283994,0,0,0,0,0,0,0,0,0,0,0
2014-05-01,4061,3,1,5,2014,18,0,3505.0,3500.0,4048.0,4029.0,4197.428571428572,4436.928571428572,945.2777117762544,884.0407619465642,1,0,0,0,0,0,0,0,0,0,0
2014-05-02,4724,4,2,5,2014,18,0,4061.0,4186.0,5074.0,4307.0,4277.571428571428,4438.071428571428,898.9387923440355,883.514401927151,1,0,0,0,0,0,0,0,0,0,0
2014-05-03,5872,5,3,5,2014,18,1,4724.0,5444.0,6257.0,5805.0,4354.428571428572,4452.964285714285,912.6983541752924,884.7368925548498,1,0,0,0,0,0,0,0,0,0,0
2014-05-04,6325,6,4,5,2014,18,1,5872.0,5570.0,4814.0,6337.0,4415.571428571428,4455.357142857143,1007.2899048342316,888.611159985506,1,0,0,0,0,0,0,0,0,0,0
2014-05-05,4383,0,5,5,2014,19,0,6325.0,3917.0,3829.0,4494.0,4523.428571428572,4454.928571428572,1177.5382311051692,887.6724424467384,1,1,0,1,1,0,0,0,0,0,0
2014-05-06,3818,1,6,5,2014,19,0,4383.0,3260.0,3785.0,4045.0,4590.0,4450.964285714285,1150.3999304589715,887.7393462190294,1,0,0,0,0,0,0,0,0,0,0
2014-05-07,3818,2,7,5,2014,19,0,3818.0,3505.0,3344.0,3966.0,4669.714285714285,4442.857142857143,1058.5464427357826,892.6072386776143,1,0,0,0,0,0,0,0,0,0,0
2014-05-08,3676,3,8,5,2014,19,0,3818.0,4061.0,3500.0,4015.0,4714.428571428572,4437.571428571428,1006.4778283934664,895.967485710128,1,0,0,0,0,0,0,0,0,0,0
2014-05-09,4386,4,9,5,2014,19,0,3676.0,4724.0,4186.0,4350.0,4659.428571428572,4425.464285714285,1057.3690395099968,904.1422979672714,1,0,0,0,0,0,0,0,0,0,0
2014-05-10,5100,5,10,5,2014,19,1,4386.0,5872.0,5444.0,5171.0,4611.142857142857,4426.75,1061.6377958248358,904.0566036441444,1,0,0,0,0,0,0,0,0,0,0
2014-05-11,4184,6,11,5,2014,19,1,5100.0,6325.0,5570.0,5590.0,4500.857142857143,4424.214285714285,942.2074132184556,901.989010245229,0,1,0,1,1,0,0,0,0,0,0
2014-05-12,4256,0,12,5,2014,20,0,4184.0,4383.0,3917.0,3901.0,4195.0,4374.0,490.6781022218101,873.3676413956674,0,0,0,0,0,0,0,0,0,0,0
2014-05-13,3996,1,13,5,2014,20,0,4256.0,3818.0,3260.0,3490.0,4176.857142857143,4386.678571428572,484.88191984283446,868.8117067270823,0,0,0,0,0,0,0,0,0,0,0
2014-05-14,3554,2,14,5,2014,20,0,3996.0,3818.0,3505.0,4201.0,4202.285714285715,4404.75,467.2735509619271,854.6163369216196,0,0,0,0,0,0,0,0,0,0,0
2014-05-15,3451,3,15,5,2014,20,0,3554.0,3676.0,4061.0,4048.0,4164.571428571428,4381.642857142857,511.9748877770102,868.9558746963543,0,0,0,0,0,0,0,0,0,0,0
2014-05-16,4454,4,16,5,2014,20,0,3451.0,4386.0,4724.0,5074.0,4132.428571428572,4360.321428571428,553.16659851647,884.6285285914523,0,0,0,0,0,0,0,0,0,0,0
2014-05-17,5041,5,17,5,2014,20,1,4454.0,5100.0,5872.0,6257.0,4142.142857142857,4338.178571428572,558.9288650539282,873.7962324364306,0,0,0,0,0,0,0,0,0,0,0
2014-05-18,5703,6,18,5,2014,20,1,5041.0,4184.0,6325.0,4814.0,4133.714285714285,4294.75,542.2738282103431,802.1801139302698,0,0,0,0,0,0,0,0,0,0,0
2014-05-19,4054,0,19,5,2014,21,0,5703.0,4256.0,4383.0,3829.0,4350.714285714285,4326.5,805.6954996121294,840.1858480474747,0,0,0,0,0,0,0,0,0,0,0
2014-05-20,3189,1,20,5,2014,21,0,4054.0,3996.0,3818.0,3785.0,4321.857142857143,4334.535714285715,813.2353961331306,836.3184969297721,0,0,0,0,0,0,0,0,0,0,0
2014-05-21,3179,2,21,5,2014,21,0,3189.0,3554.0,3818.0,3344.0,4206.571428571428,4313.25,917.62898405671,858.1234748846714,0,0,0,0,0,0,0,0,0,0,0
2014-05-22,3434,3,22,5,2014,21,0,3179.0,3451.0,3676.0,3500.0,4153.0,4307.357142857143,971.4441140213175,865.5602858643664,0,0,0,0,0,0,0,0,0,0,0
2014-05-23,3918,4,23,5,2014,21,0,3434.0,4454.0,4386.0,4186.0,4150.571428571428,4305.0,973.5106329059528,867.9269895902848,0,0,0,0,0,0,0,0,0,0,0
2014-05-24,4658,5,24,5,2014,21,1,3918.0,5041.0,5100.0,5444.0,4074.0,4295.428571428572,966.7226420575143,870.761030643177,0,0,0,0,0,0,0,0,0,0,0
2014-05-25,4520,6,25,5,2014,21,1,4658.0,5703.0,4184.0,5570.0,4019.285714285714,4267.357142857143,912.1702535319624,844.6398844427903,0,0,0,0,0,0,0,0,0,0,0
2014-05-26,4405,0,26,5,2014,22,0,4520.0,4054.0,4256.0,3917.0,3850.285714285714,4229.857142857143,606.6604526107616,807.1399306965702,0,1,0,1,0,1,0,0,0,0,0
2014-05-27,3620,1,27,5,2014,22,0,4405.0,3189.0,3996.0,3260.0,3900.428571428572,4247.285714285715,639.899694520641,805.4010207547543,0,0,0,0,0,0,0,0,0,0,0
2014-05-28,3304,2,28,5,2014,22,0,3620.0,3179.0,3554.0,3505.0,3962.0,4260.142857142857,577.7545614993666,791.8154814183368,0,0,0,0,0,0,0,0,0,0,0
2014-05-29,3196,3,29,5,2014,22,0,3304.0,3434.0,3451.0,4061.0,3979.857142857143,4252.964285714285,550.8243605637541,799.786151146751,0,0,0,0,0,0,0,0,0,0,0
2014-05-30,4018,4,30,5,2014,22,0,3196.0,3918.0,4454.0,4724.0,3945.857142857143,4222.071428571428,595.6543820514834,823.8204554738486,0,0,0,0,0,0,0,0,0,0,0
2014-05-31,5160,5,31,5,2014,22,1,4018.0,4658.0,5041.0,5872.0,3960.142857142857,4196.857142857143,596.0739407633375,818.6772399916955,0,0,0,0,0,0,0,0,0,0,0
2014-06-01,6040,6,1,6,2014,22,1,5160.0,4520.0,5703.0,6325.0,4031.857142857143,4171.428571428572,712.7969389598062,774.5897565842762,1,0,0,0,0,0,0,0,0,0,0
2014-06-02,4388,0,2,6,2014,23,0,6040.0,4405.0,4054.0,4383.0,4249.0,4161.25,1041.8552362652556,746.6096022340897,1,0,0,0,0,0,0,0,0,0,0
2014-06-03,3881,1,3,6,2014,23,0,4388.0,3620.0,3189.0,3818.0,4246.571428571428,4161.428571428572,1041.4507280940452,746.6651998284894,1,0,0,0,0,0,0,0,0,0,0
2014-06-04,3735,2,4,6,2014,23,0,3881.0,3304.0,3179.0,3818.0,4283.857142857143,4163.678571428572,1019.7251964085592,745.6862637652993,1,0,0,0,0,0,0,0,0,0,0
2014-06-05,3796,3,5,6,2014,23,0,3735.0,3196.0,3434.0,3676.0,4345.428571428572,4160.714285714285,962.0831317411986,747.2745966184855,1,1,0,1,0,0,0,1,0,0,0
2014-06-06,4227,4,6,6,2014,23,0,3796.0,4018.0,3918.0,4386.0,4431.142857142857,4165.0,864.3765438301826,744.7315201044162,1,0,0,0,0,0,0,0,0,0,0
2014-06-07,5416,5,7,6,2014,23,1,4227.0,5160.0,4658.0,5100.0,4461.0,4159.321428571428,851.2371389141041,743.5892959189828,1,0,0,0,0,0,0,0,0,0,0
2014-06-08,5977,6,8,6,2014,23,1,5416.0,6040.0,4520.0,4184.0,4497.571428571428,4170.607142857143,890.8506902848289,760.5985625022049,1,0,0,0,0,0,0,0,0,0,0
2014-06-09,4631,0,9,6,2014,24,0,5977.0,4388.0,4405.0,4256.0,4488.571428571428,4234.642857142857,872.8063659145457,833.7295597710176,1,0,0,0,0,0,0,0,0,0,0
2014-06-10,3894,1,10,6,2014,24,0,4631.0,3881.0,3620.0,3996.0,4523.285714285715,4248.035714285715,872.97207177277,837.090529293457,1,0,0,0,0,0,0,0,0,0,0
2014-06-11,3849,2,11,6,2014,24,0,3894.0,3735.0,3304.0,3554.0,4525.142857142857,4244.392857142857,871.39035044987,838.4488031493881,0,0,0,0,0,0,0,0,0,0,0
2014-06-12,3745,3,12,6,2014,24,0,3849.0,3796.0,3196.0,3451.0,4541.428571428572,4254.928571428572,855.0744328503165,831.2749658103896,0,0,0,0,0,0,0,0,0,0,0
2014-06-13,4621,4,13,6,2014,24,0,3745.0,4227.0,4018.0,4454.0,4534.142857142857,4265.428571428572,862.6680374611936,822.5553422143014,0,0,0,0,0,0,0,0,0,0,0
2014-06-14,5589,5,14,6,2014,24,1,4621.0,5416.0,5160.0,5041.0,4590.428571428572,4271.392857142857,852.0766509226884,824.5762700516372,0,0,0,0,0,0,0,0,0,0,0
2014-06-15,4930,6,15,6,2014,24,1,5589.0,5977.0,6040.0,5703.0,4615.142857142857,4290.964285714285,881.9966796179843,849.6419935453769,0,1,1,1,1,0,0,1,0,0,0
2014-06-16,4177,0,16,6,2014,25,0,4930.0,4631.0,4388.0,4054.0,4465.571428571428,4263.357142857143,677.6660576672617,813.8671387743303,0,0,0,0,0,0,0,0,0,0,0
2014-06-17,3617,1,17,6,2014,25,0,4177.0,3894.0,3881.0,3189.0,4400.714285714285,4267.75,680.9123081782063,813.0267921875702,0,0,0,0,0,0,0,0,0,0,0
2014-06-18,3998,2,18,6,2014,25,0,3617.0,3849.0,3735.0,3179.0,4361.142857142857,4283.035714285715,722.0730407586732,795.8357117890133,0,0,0,0,0,0,0,0,0,0,0
2014-06-19,3700,3,19,6,2014,25,0,3998.0,3745.0,3796.0,3434.0,4382.428571428572,4312.285714285715,706.4875222165073,768.3306993034042,0,0,0,0,0,0,0,0,0,0,0
2014-06-20,4820,4,20,6,2014,25,0,3700.0,4621.0,4227.0,3918.0,4376.0,4321.785714285715,713.4250719825692,758.6524777594657,0,0,0,0,0,0,0,0,0,0,0
2014-06-21,5171,5,21,6,2014,25,1,4820.0,5589.0,5416.0,4658.0,4404.428571428572,4354.0,728.6180657342275,760.0210523399953,0,0,0,0,0,0,0,0,0,0,0
2014-06-22,5450,6,22,6,2014,25,1,5171.0,4930.0,5977.0,4520.0,4344.714285714285,4372.321428571428,625.1356424237634,773.6813897575257,0,0,0,0,0,0,0,0,0,0,0
2014-06-23,4096,0,23,6,2014,26,0,5450.0,4177.0,4631.0,4405.0,4419.0,4405.535714285715,728.6100923447798,799.7784638697358,0,0,0,0,0,0,0,0,0,0,0
2014-06-24,3643,1,24,6,2014,26,0,4096.0,3617.0,3894.0,3620.0,4407.428571428572,4394.5,733.719259922318,801.9151382090763,0,0,0,0,0,0,0,0,0,0,0
2014-06-25,3573,2,25,6,2014,26,0,3643.0,3998.0,3849.0,3304.0,4411.142857142857,4395.321428571428,729.1022855931427,801.1037780634331,0,0,0,0,0,0,0,0,0,0,0
2014-06-26,3478,3,26,6,2014,26,0,3573.0,3700.0,3745.0,3196.0,4350.428571428572,4404.928571428572,784.8071646680387,789.0538604613677,0,0,0,0,0,0,0,0,0,0,0
2014-06-27,4135,4,27,6,2014,26,0,3478.0,4820.0,4621.0,4018.0,4318.714285714285,4415.0,819.2036202486969,774.7212162855459,0,0,0,0,0,0,0,0,0,0,0
2014-06-28,5115,5,28,6,2014,26,1,4135.0,5171.0,5589.0,5160.0,4220.857142857143,4419.178571428572,789.7255701764212,772.8138127346274,0,0,0,0,0,0,0,0,0,0,0
2014-06-29,5251,6,29,6,2014,26,1,5115.0,5450.0,4930.0,6040.0,4212.857142857143,4417.571428571428,778.7030731867401,771.2613732192858,0,1,0,1,0,0,1,0,0,0,0
2014-06-30,4295,0,30,6,2014,27,0,5251.0,4096.0,4177.0,4388.0,4184.428571428572,4389.392857142857,727.9917254893417,722.6721678391284,0,0,0,0,0,0,0,0,0,0,0
2014-07-01,4468,1,1,7,2014,27,0,4295.0,3643.0,3617.0,3881.0,4212.857142857143,4386.071428571428,727.848525581026,722.8924887315842,1,0,0,0,0,0,0,0,0,0,0
2014-07-02,4261,2,2,7,2014,27,0,4468.0,3573.0,3998.0,3735.0,4330.714285714285,4407.035714285715,685.773216713736,716.183169315347,1,0,0,0,0,0,0,0,0,0,0
2014-07-03,5582,3,3,7,2014,27,0,4261.0,3478.0,3700.0,3796.0,4429.0,4425.821428571428,603.4370997323048,704.7092415169234,1,0,0,0,0,0,0,0,0,0,0
2014-07-04,4455,4,4,7,2014,27,0,5582.0,4135.0,4820.0,4227.0,4729.571428571428,4489.607142857143,574.0824148566369,726.0945933317499,1,1,0,1,0,1,0,0,0,0,0
2014-07-05,5042,5,5,7,2014,27,1,4455.0,5115.0,5171.0,5416.0,4775.285714285715,4497.75,529.8851178276739,724.3167725774599,1,0,0,0,0,0,0,0,0,0,0
2014-07-06,5869,6,6,7,2014,27,1,5042.0,5251.0,5450.0,5977.0,4764.857142857143,4484.392857142857,522.7553374736143,710.0643861930223,1,0,0,0,0,0,0,0,0,0,0
2014-07-07,4697,0,7,7,2014,28,0,5869.0,4295.0,4096.0,4631.0,4853.142857142857,4480.535714285715,654.2011486210904,701.9025194607781,1,0,0,0,0,0,0,0,0,0,0
2014-07-08,4460,1,8,7,2014,28,0,4697.0,4468.0,3643.0,3894.0,4910.571428571428,4482.892857142857,613.4120032362409,702.5370605374228,1,0,0,0,0,0,0,0,0,0,0
2014-07-09,3947,2,9,7,2014,28,0,4460.0,4261.0,3573.0,3849.0,4909.428571428572,4503.107142857143,614.3806792597171,693.0438145138945,1,0,0,0,0,0,0,0,0,0,0
2014-07-10,4243,3,10,7,2014,28,0,3947.0,5582.0,3478.0,3745.0,4864.571428571428,4506.607142857143,677.8035254021852,689.8582430489877,1,0,0,0,0,0,0,0,0,0,0
2014-07-11,4695,4,11,7,2014,28,0,4243.0,4455.0,4135.0,4621.0,4673.285714285715,4524.392857142857,628.7582244089639,675.7712926331512,0,0,0,0,0,0,0,0,0,0,0
2014-07-12,5465,5,12,7,2014,28,1,4695.0,5042.0,5115.0,5589.0,4707.571428571428,4527.035714285715,621.3715627928492,676.3075939542612,0,0,0,0,0,0,0,0,0,0,0
2014-07-13,5615,6,13,7,2014,28,1,5465.0,5869.0,5251.0,4930.0,4768.0,4522.607142857143,677.3613019160034,669.4675241361646,0,0,0,0,0,0,0,0,0,0,0
2014-07-14,4164,0,14,7,2014,29,0,5615.0,4697.0,4295.0,4177.0,4731.714285714285,4547.071428571428,612.2229208073754,696.8616913930673,0,0,0,0,0,0,0,0,0,0,0
2014-07-15,3948,1,15,7,2014,29,0,4164.0,4460.0,4468.0,3617.0,4655.571428571428,4546.607142857143,649.2831578345667,697.1216663717012,0,0,0,0,0,0,0,0,0,0,0
2014-07-16,3919,2,16,7,2014,29,0,3948.0,3947.0,4261.0,3998.0,4582.428571428572,4558.428571428572,701.7088325753725,683.4463553453995,0,0,0,0,0,0,0,0,0,0,0
2014-07-17,3779,3,17,7,2014,29,0,3919.0,4243.0,5582.0,3700.0,4578.428571428572,4555.607142857143,706.0013827047076,686.0039055760527,0,0,0,0,0,0,0,0,0,0,0
2014-07-18,4633,4,18,7,2014,29,0,3779.0,4695.0,4455.0,4820.0,4512.142857142857,4558.428571428572,762.28219371644,682.508142866702,0,0,0,0,0,0,0,0,0,0,0
2014-07-19,5224,5,19,7,2014,29,1,4633.0,5465.0,5042.0,5171.0,4503.285714285715,4551.75,760.1606659747946,680.7664865864424,0,0,0,0,0,0,0,0,0,0,0
2014-07-20,5962,6,20,7,2014,29,1,5224.0,5615.0,5869.0,5450.0,4468.857142857143,4553.642857142857,713.3609251450587,682.6232198786164,0,0,0,0,0,0,0,0,0,0,0
2014-07-21,4008,0,21,7,2014,30,0,5962.0,4164.0,4697.0,4096.0,4518.428571428572,4571.928571428572,811.5760094086226,713.6749404560243,0,0,0,0,0,0,0,0,0,0,0
2014-07-22,3596,1,22,7,2014,30,0,4008.0,3948.0,4460.0,3643.0,4496.142857142857,4568.785714285715,824.9621059118299,716.0382959519907,0,0,0,0,0,0,0,0,0,0,0
2014-07-23,3899,2,23,7,2014,30,0,3596.0,3919.0,3947.0,3573.0,4445.857142857143,4567.107142857143,873.2573940084793,718.3403371293298,0,0,0,0,0,0,0,0,0,0,0
2014-07-24,3890,3,24,7,2014,30,0,3899.0,3779.0,4243.0,3478.0,4443.0,4578.75,875.2988061228028,704.1324909523803,0,0,0,0,0,0,0,0,0,0,0
2014-07-25,4215,4,25,7,2014,30,0,3890.0,4633.0,4695.0,4135.0,4458.857142857143,4593.464285714285,862.1717594871379,684.303727353454,0,0,0,0,0,0,0,0,0,0,0
2014-07-26,4609,5,26,7,2014,30,1,4215.0,5224.0,5465.0,5115.0,4399.142857142857,4596.321428571428,862.5756833599083,682.4832139339225,0,0,0,0,0,0,0,0,0,0,0
2014-07-27,5421,6,27,7,2014,30,1,4609.0,5962.0,5615.0,5251.0,4311.285714285715,4578.25,793.0783303654435,674.897502506031,0,0,0,0,0,0,0,0,0,0,0
2014-07-28,4579,0,28,7,2014,31,0,5421.0,4008.0,4164.0,4295.0,4234.0,4584.321428571428,610.8240335808671,681.902081249711,0,0,0,0,0,0,0,0,0,0,0
2014-07-29,3810,1,29,7,2014,31,0,4579.0,3596.0,3948.0,4468.0,4315.571428571428,4594.464285714285,613.7328021060584,679.5473156688894,0,1,0,1,0,0,1,0,0,0,0
2014-07-30,3870,2,30,7,2014,31,0,3810.0,3899.0,3919.0,4261.0,4346.142857142857,4570.964285714285,576.0909733052689,695.2780143192768,0,0,0,0,0,0,0,0,0,0,0
2014-07-31,3985,3,31,7,2014,31,0,3870.0,3890.0,3779.0,5582.0,4342.0,4557.0,579.9339042799065,705.5841813965408,0,0,0,0,0,0,0,0,0,0,0
2014-08-01,5229,4,1,8,2014,31,0,3985.0,4215.0,4633.0,4455.0,4355.571428571428,4499.964285714285,568.5941309179057,683.8723338808272,1,0,0,0,0,0,0,0,0,0,0
2014-08-02,5837,5,2,8,2014,31,1,5229.0,4609.0,5224.0,5042.0,4500.428571428572,4527.607142857143,650.1317448904426,697.494794314071,1,0,0,0,0,0,0,0,0,0,0
2014-08-03,6361,6,3,8,2014,31,1,5837.0,5421.0,5962.0,5869.0,4675.857142857143,4556.0,826.1594738248092,734.4135982764228,1,0,0,0,0,0,0,0,0,0,0
2014-08-04,5038,0,4,8,2014,32,0,6361.0,4579.0,4008.0,4697.0,4810.142857142857,4573.571428571428,1020.9045708866012,771.9197055044139,1,0,0,0,0,0,0,0,0,0,0
2014-08-05,4289,1,5,8,2014,32,0,5038.0,3810.0,3596.0,4460.0,4875.714285714285,4585.75,1018.3214479861384,776.6148587870811,1,0,0,0,0,0,0,0,0,0,0
2014-08-06,4109,2,6,8,2014,32,0,4289.0,3870.0,3899.0,3947.0,4944.142857142857,4579.642857142857,948.4707742064724,778.3108592656168,1,0,0,0,0,0,0,0,0,0,0
2014-08-07,4182,3,7,8,2014,32,0,4109.0,3985.0,3890.0,4243.0,4978.285714285715,4585.428571428572,906.7433878604178,774.0241372718,1,0,0,0,0,0,0,0,0,0,0
2014-08-08,4642,4,8,8,2014,32,0,4182.0,5229.0,4215.0,4695.0,5006.428571428572,4583.25,873.2135777580245,775.1087199727319,1,0,0,0,0,0,0,0,0,0,0
2014-08-09,5767,5,9,8,2014,32,1,4642.0,5837.0,4609.0,5465.0,4922.571428571428,4581.357142857143,876.4566650521298,774.890396755642,1,0,0,0,0,0,0,0,0,0,0
2014-08-10,6275,6,10,8,2014,32,1,5767.0,6361.0,5421.0,5615.0,4912.571428571428,4592.142857142857,864.6037352727748,789.6073902185944,1,0,0,0,0,0,0,0,0,0,0
2014-08-11,4146,0,11,8,2014,33,0,6275.0,5038.0,4579.0,4164.0,4900.285714285715,4615.714285714285,840.8772629989387,830.0863345166642,0,0,0,0,0,0,0,0,0,0,0
2014-08-12,3995,1,12,8,2014,33,0,4146.0,4289.0,3810.0,3948.0,4772.857142857143,4615.071428571428,883.0593465468908,830.4560071997604,0,0,0,0,0,0,0,0,0,0,0
2014-08-13,3966,2,13,8,2014,33,0,3995.0,4109.0,3870.0,3919.0,4730.857142857143,4616.75,916.2749639293988,829.1041405794056,0,0,0,0,0,0,0,0,0,0,0
2014-08-14,3855,3,14,8,2014,33,0,3966.0,4182.0,3985.0,3779.0,4710.428571428572,4618.428571428572,933.8752338406688,827.6855472214999,0,0,0,0,0,0,0,0,0,0,0
2014-08-15,4442,4,15,8,2014,33,0,3855.0,4642.0,5229.0,4633.0,4663.714285714285,4621.142857142857,972.1096841896228,824.9508948028163,0,0,0,0,0,0,0,0,0,0,0
2014-08-16,5705,5,16,8,2014,33,1,4442.0,5767.0,5837.0,5224.0,4635.142857142857,4614.321428571428,975.786422767376,825.6386104582039,0,0,0,0,0,0,0,0,0,0,0
2014-08-17,6331,6,17,8,2014,33,1,5705.0,6275.0,6361.0,5962.0,4626.285714285715,4631.5,964.0106697690542,843.6021749791887,0,0,0,0,0,0,0,0,0,0,0
2014-08-18,4684,0,18,8,2014,34,0,6331.0,4146.0,5038.0,4008.0,4634.285714285715,4644.678571428572,980.0717174924396,867.6949478283024,0,0,0,0,0,0,0,0,0,0,0
2014-08-19,3799,1,19,8,2014,34,0,4684.0,3995.0,4289.0,3596.0,4711.142857142857,4668.821428571428,956.202807736842,858.6815498007636,0,0,0,0,0,0,0,0,0,0,0
2014-08-20,3645,2,20,8,2014,34,0,3799.0,3966.0,4109.0,3899.0,4683.142857142857,4676.071428571428,983.1580796208816,850.1021693965295,0,0,0,0,0,0,0,0,0,0,0
2014-08-21,3619,3,21,8,2014,34,0,3645.0,3855.0,4182.0,3890.0,4637.285714285715,4667.0,1028.6176345441718,859.9990094740132,0,0,0,0,0,0,0,0,0,0,0
2014-08-22,4187,4,22,8,2014,34,0,3619.0,4442.0,4642.0,4215.0,4603.571428571428,4657.321428571428,1061.8618643908574,870.527854068428,0,0,0,0,0,0,0,0,0,0,0
2014-08-23,5569,5,23,8,2014,34,1,4187.0,5705.0,5767.0,4609.0,4567.142857142857,4656.321428571428,1072.6478808026816,871.070692949998,0,0,0,0,0,0,0,0,0,0,0
2014-08-24,6630,6,24,8,2014,34,1,5569.0,6331.0,6275.0,5421.0,4547.714285714285,4690.607142857143,1049.5870162887456,887.8701247736605,0,0,0,0,0,0,0,0,0,0,0
2014-08-25,4000,0,25,8,2014,35,0,6630.0,4684.0,4146.0,4579.0,4590.428571428572,4733.785714285715,1136.7227538180218,951.8019696438832,0,0,0,0,0,0,0,0,0,0,0
2014-08-26,3744,1,26,8,2014,35,0,4000.0,3799.0,3995.0,3810.0,4492.714285714285,4713.107142857143,1156.5642674585404,961.52923490485,0,0,0,0,0,0,0,0,0,0,0
2014-08-27,3118,2,27,8,2014,35,0,3744.0,3645.0,3966.0,3870.0,4484.857142857143,4710.75,1162.235407676581,963.9031234939888,0,0,0,0,0,0,0,0,0,0,0
2014-08-28,3497,3,28,8,2014,35,0,3118.0,3619.0,3855.0,3985.0,4409.571428571428,4683.892857142857,1240.161932590911,998.067478579945,0,0,0,0,0,0,0,0,0,0,0
2014-08-29,4432,4,29,8,2014,35,0,3497.0,4187.0,4442.0,5229.0,4392.142857142857,4666.464285714285,1253.9050241241612,1014.8435924790356,0,0,0,0,0,0,0,0,0,0,0
2014-08-30,5590,5,30,8,2014,35,1,4432.0,5569.0,5705.0,5837.0,4427.142857142857,4638.0,1250.639626827201,1009.6450421366408,0,0,0,0,0,0,0,0,0,0,0
2014-08-31,5279,6,31,8,2014,35,1,5590.0,6630.0,6331.0,6361.0,4430.142857142857,4629.178571428572,1253.8562422345235,999.8123547491216,0,0,0,0,0,0,0,0,0,0,0
2014-09-01,5344,0,1,9,2014,36,0,5279.0,4000.0,4684.0,5038.0,4237.142857142857,4590.535714285715,917.7306119937792,950.0705424937008,1,1,0,1,0,1,0,0,0,0,0
2014-09-02,3999,1,2,9,2014,36,0,5344.0,3744.0,3799.0,4289.0,4429.142857142857,4601.464285714285,997.0142808357764,957.1419447401422,1,0,0,0,0,0,0,0,0,0,0
2014-09-03,4227,2,3,9,2014,36,0,3999.0,3118.0,3645.0,4109.0,4465.571428571428,4591.107142857143,972.1571987326042,962.20396464404,1,0,0,0,0,0,0,0,0,0,0
2014-09-04,3695,3,4,9,2014,36,0,4227.0,3497.0,3619.0,4182.0,4624.0,4595.321428571428,789.0720288203574,960.2706814987224,1,0,0,0,0,0,0,0,0,0,0
2014-09-05,4404,4,5,9,2014,36,0,3695.0,4432.0,4187.0,4642.0,4652.285714285715,4577.928571428572,744.2131671068762,972.3683926399916,1,0,0,0,0,0,0,0,0,0,0
2014-09-06,5828,5,6,9,2014,36,1,4404.0,5590.0,5569.0,5767.0,4648.285714285715,4569.428571428572,745.6683164083393,972.827700803038,1,0,0,0,0,0,0,0,0,0,0
2014-09-07,6242,6,7,9,2014,36,1,5828.0,5279.0,6630.0,6275.0,4682.285714285715,4571.607142857143,799.2637683697299,975.6730379507864,1,0,0,0,0,0,0,0,0,0,0
2014-09-08,3973,0,8,9,2014,37,0,6242.0,5344.0,4000.0,4146.0,4819.857142857143,4570.428571428572,981.2487670601964,973.556839961032,1,0,0,0,0,0,0,0,0,0,0
2014-09-09,4010,1,9,9,2014,37,0,3973.0,3999.0,3744.0,3995.0,4624.0,4564.25,995.909634454858,976.8934368891148,1,0,0,0,0,0,0,0,0,0,0
2014-09-10,3815,2,10,9,2014,37,0,4010.0,4227.0,3118.0,3966.0,4625.571428571428,4564.785714285715,994.767117996784,976.573767183674,1,0,0,0,0,0,0,0,0,0,0
2014-09-11,3870,3,11,9,2014,37,0,3815.0,3695.0,3497.0,3855.0,4566.714285714285,4559.392857142857,1033.705908255299,980.4122465985488,0,0,0,0,0,0,0,0,0,0,0
2014-09-12,4246,4,12,9,2014,37,0,3870.0,4404.0,4432.0,4442.0,4591.714285714285,4559.928571428572,1010.976213746848,980.0171173324168,0,0,0,0,0,0,0,0,0,0,0
2014-09-13,5464,5,13,9,2014,37,1,4246.0,5828.0,5590.0,5705.0,4569.142857142857,4552.928571428572,1017.6077221554896,981.5893736245764,0,0,0,0,0,0,0,0,0,0,0
2014-09-14,5690,6,14,9,2014,37,1,5464.0,6242.0,5279.0,6331.0,4517.142857142857,4544.321428571428,949.5852478093524,972.1241748746152,0,0,0,0,0,0,0,0,0,0,0
2014-09-15,4059,0,15,9,2014,38,0,5690.0,3973.0,5344.0,4684.0,4438.285714285715,4521.428571428572,792.3809509500948,935.3424973246848,0,0,0,0,0,0,0,0,0,0,0
2014-09-16,3362,1,16,9,2014,38,0,4059.0,4010.0,3999.0,3799.0,4450.571428571428,4499.107142857143,784.5928577172734,938.7704858655636,0,0,0,0,0,0,0,0,0,0,0
2014-09-17,3545,2,17,9,2014,38,0,3362.0,3815.0,4227.0,3645.0,4358.0,4483.5,877.9155236505787,954.3443163104528,0,0,0,0,0,0,0,0,0,0,0
2014-09-18,3227,3,18,9,2014,38,0,3545.0,3870.0,3695.0,3619.0,4319.428571428572,4479.928571428572,911.0543081402748,957.7793733644088,0,0,0,0,0,0,0,0,0,0,0
2014-09-19,4241,4,19,9,2014,38,0,3227.0,4246.0,4404.0,4187.0,4227.571428571428,4465.928571428572,992.6790110844591,973.564657769136,0,0,0,0,0,0,0,0,0,0,0
2014-09-20,5512,5,20,9,2014,38,1,4241.0,5464.0,5828.0,5569.0,4226.857142857143,4467.857142857143,992.6653394727132,973.0449996935206,0,0,0,0,0,0,0,0,0,0,0
2014-09-21,5888,6,21,9,2014,38,1,5512.0,5690.0,6242.0,6630.0,4233.714285714285,4465.821428571428,1002.7501706616188,970.712798566898,0,0,0,0,0,0,0,0,0,0,0
2014-09-22,3849,0,22,9,2014,39,0,5888.0,4059.0,3973.0,4000.0,4262.0,4439.321428571428,1052.2468024818772,918.1485014064518,0,0,0,0,0,0,0,0,0,0,0
2014-09-23,3482,1,23,9,2014,39,0,3849.0,3362.0,4010.0,3744.0,4232.0,4433.928571428572,1061.947895771414,921.2626572253304,0,0,0,0,0,0,0,0,0,0,0
2014-09-24,3418,2,24,9,2014,39,0,3482.0,3545.0,3815.0,3118.0,4249.142857142857,4424.571428571428,1046.417926160708,929.8205095039432,0,0,0,0,0,0,0,0,0,0,0
2014-09-25,3469,3,25,9,2014,39,0,3418.0,3227.0,3870.0,3497.0,4231.0,4435.285714285715,1061.651229610428,915.8305219709254,0,0,0,0,0,0,0,0,0,0,0
2014-09-26,4012,4,26,9,2014,39,0,3469.0,4241.0,4246.0,4432.0,4265.571428571428,4434.285714285715,1026.8789050877845,916.9076393223102,0,0,0,0,0,0,0,0,0,0,0
2014-09-27,5365,5,27,9,2014,39,1,4012.0,5512.0,5464.0,5590.0,4232.857142857143,4419.285714285715,1031.4298212629287,920.3753202681628,0,0,0,0,0,0,0,0,0,0,0
2014-09-28,5818,6,28,9,2014,39,1,5365.0,5888.0,5690.0,5279.0,4211.857142857143,4411.25,1002.1259782035772,910.7067920637818,0,0,0,0,0,0,0,0,0,0,0
2014-09-29,4073,0,29,9,2014,40,0,5818.0,3849.0,4059.0,5344.0,4201.857142857143,4430.5,982.7748858159108,935.0980340762814,0,0,0,0,0,0,0,0,0,0,0
2014-09-30,3797,1,30,9,2014,40,0,4073.0,3482.0,3362.0,3999.0,4233.857142857143,4385.107142857143,972.9685552595264,919.8360296425476,0,0,0,0,0,0,0,0,0,0,0
2014-10-01,3745,2,1,10,2014,40,0,3797.0,3418.0,3545.0,4227.0,4278.857142857143,4377.892857142857,939.09414305692,923.7602037440008,1,0,0,0,0,0,0,0,0,0,0
2014-10-02,4263,3,2,10,2014,40,0,3745.0,3469.0,3227.0,3695.0,4325.571428571428,4360.678571428572,896.2923364510905,931.137816651154,1,0,0,0,0,0,0,0,0,0,0
2014-10-03,4920,4,3,10,2014,40,0,4263.0,4012.0,4241.0,4404.0,4439.0,4380.964285714285,816.5147477745506,922.242977630274,1,0,0,0,0,0,0,0,0,0,0
2014-10-04,6177,5,4,10,2014,40,1,4920.0,5365.0,5512.0,5828.0,4568.714285714285,4399.392857142857,809.467873417621,927.8586793450672,1,1,0,1,0,0,1,0,0,0,0
2014-10-05,6297,6,5,10,2014,40,1,6177.0,5818.0,5888.0,6242.0,4684.714285714285,4411.857142857143,982.3228787395966,949.8441476168066,1,0,0,0,0,0,0,0,0,0,0
2014-10-06,4756,0,6,10,2014,41,0,6297.0,4073.0,3849.0,3973.0,4753.142857142857,4413.821428571428,1085.6719008017512,953.8176335350072,1,0,0,0,0,0,0,0,0,0,0
2014-10-07,4091,1,7,10,2014,41,0,4756.0,3797.0,3482.0,4010.0,4850.714285714285,4441.785714285715,1044.2599794887851,951.8909973833472,1,0,0,0,0,0,0,0,0,0,0
2014-10-08,4080,2,8,10,2014,41,0,4091.0,3745.0,3418.0,3815.0,4892.714285714285,4444.678571428572,999.781428494208,950.6524486069136,1,0,0,0,0,0,0,0,0,0,0
2014-10-09,4177,3,9,10,2014,41,0,4080.0,4263.0,3469.0,3870.0,4940.571428571428,4454.142857142857,942.0369520606052,945.4563747808508,1,0,0,0,0,0,0,0,0,0,0
2014-10-10,4529,4,10,10,2014,41,0,4177.0,4920.0,4012.0,4246.0,4928.285714285715,4465.107142857143,952.8451630574194,940.1967618845498,1,0,0,0,0,0,0,0,0,0,0
2014-10-11,5529,5,11,10,2014,41,1,4529.0,6177.0,5365.0,5464.0,4872.428571428572,4475.214285714285,964.7973633779098,939.2747934263588,0,0,0,0,0,0,0,0,0,0,0
2014-10-12,5818,6,12,10,2014,41,1,5529.0,6297.0,5818.0,5690.0,4779.857142857143,4477.535714285715,842.0408597709624,941.8857948440946,0,0,0,0,0,0,0,0,0,0,0
2014-10-13,4305,0,13,10,2014,42,0,5818.0,4756.0,4073.0,4059.0,4711.428571428572,4482.107142857143,706.8047484142722,948.277359773074,0,1,0,1,0,1,0,0,0,0,0
2014-10-14,3377,1,14,10,2014,42,0,4305.0,4091.0,3797.0,3362.0,4647.0,4490.892857142857,722.446999209406,945.3471766454508,0,0,0,0,0,0,0,0,0,0,0
2014-10-15,3499,2,15,10,2014,42,0,3377.0,4080.0,3745.0,3545.0,4545.0,4491.428571428572,852.6931843674332,944.6877763097106,0,0,0,0,0,0,0,0,0,0,0
2014-10-16,3349,3,16,10,2014,42,0,3499.0,4177.0,4263.0,3227.0,4462.0,4489.785714285715,930.2492497533508,946.4330054802742,0,0,0,0,0,0,0,0,0,0,0
2014-10-17,4396,4,17,10,2014,42,0,3349.0,4529.0,4920.0,4241.0,4343.714285714285,4494.142857142857,1020.766495382387,940.6674035072944,0,0,0,0,0,0,0,0,0,0,0
2014-10-18,6088,5,18,10,2014,42,1,4396.0,5529.0,6177.0,5512.0,4324.714285714285,4499.678571428572,1017.976868480766,939.5779609532068,0,0,0,0,0,0,0,0,0,0,0
2014-10-19,6093,6,19,10,2014,42,1,6088.0,5818.0,6297.0,5888.0,4404.571428571428,4520.25,1142.5041002323023,968.4256649420796,0,0,0,0,0,0,0,0,0,0,0
2014-10-20,4291,0,20,10,2014,43,0,6093.0,4305.0,4756.0,3849.0,4443.857142857143,4527.571428571428,1202.3657830254822,979.8564682710874,0,0,0,0,0,0,0,0,0,0,0
2014-10-21,3466,1,21,10,2014,43,0,4291.0,3377.0,4091.0,3482.0,4441.857142857143,4543.357142857143,1202.6468626286276,972.0488943000976,0,0,0,0,0,0,0,0,0,0,0
2014-10-22,3396,2,22,10,2014,43,0,3466.0,3499.0,4080.0,3418.0,4454.571428571428,4542.785714285715,1189.9160834757597,972.7004166386946,0,0,0,0,0,0,0,0,0,0,0
2014-10-23,3434,3,23,10,2014,43,0,3396.0,3349.0,4177.0,3469.0,4439.857142857143,4542.0,1204.2523861399711,973.6510516454856,0,0,0,0,0,0,0,0,0,0,0
2014-10-24,4141,4,24,10,2014,43,0,3434.0,4396.0,4529.0,4012.0,4452.0,4540.75,1191.7836772390108,975.1010061640854,0,0,0,0,0,0,0,0,0,0,0
2014-10-25,5734,5,25,10,2014,43,1,4141.0,6088.0,5529.0,5365.0,4415.571428571428,4545.357142857143,1197.6633997278298,972.812311625826,0,0,0,0,0,0,0,0,0,0,0
2014-10-26,5308,6,26,10,2014,43,1,5734.0,6093.0,5818.0,5818.0,4365.0,4558.535714285715,1120.2469965741202,986.7270432781788,0,0,0,0,0,0,0,0,0,0,0
2014-10-27,4189,0,27,10,2014,44,0,5308.0,4291.0,4305.0,4073.0,4252.857142857143,4540.321428571428,943.8355133128216,967.1296612895404,0,0,0,0,0,0,0,0,0,0,0
2014-10-28,3454,1,28,10,2014,44,0,4189.0,3466.0,3377.0,3797.0,4238.285714285715,4544.464285714285,943.9358583939404,965.3003939339764,0,0,0,0,0,0,0,0,0,0,0
2014-10-29,3321,2,29,10,2014,44,0,3454.0,3396.0,3499.0,3745.0,4236.571428571428,4532.214285714285,945.58163002864,977.2398529320834,0,0,0,0,0,0,0,0,0,0,0
2014-10-30,3672,3,30,10,2014,44,0,3321.0,3434.0,3349.0,4263.0,4225.857142857143,4517.071428571428,957.048836888942,993.047159693663,0,0,0,0,0,0,0,0,0,0,0
2014-10-31,3817,4,31,10,2014,44,0,3672.0,4141.0,4396.0,4920.0,4259.857142857143,4495.964285714285,928.016061026861,1004.858032432396,0,1,0,1,1,0,0,0,0,0,0
2014-11-01,6542,5,1,11,2014,44,1,3817.0,5734.0,6088.0,6177.0,4213.571428571428,4456.571428571428,942.89286368121,1009.2297550175036,1,0,0,0,0,0,0,0,0,0,0
2014-11-02,6477,6,2,11,2014,44,1,6542.0,5308.0,6093.0,6297.0,4329.0,4469.607142857143,1179.7522338751198,1034.3200786663026,1,0,0,0,0,0,0,0,0,0,0
2014-11-03,4939,0,3,11,2014,45,0,6477.0,4189.0,4291.0,4756.0,4496.0,4476.035714285715,1403.0402702702463,1046.5851165025458,1,0,0,0,0,0,0,0,0,0,0
2014-11-04,3996,1,4,11,2014,45,0,4939.0,3454.0,3466.0,4091.0,4603.142857142857,4482.571428571428,1404.325155673411,1048.96687899452,1,0,0,0,0,0,0,0,0,0,0
2014-11-05,3452,2,5,11,2014,45,0,3996.0,3321.0,3396.0,4080.0,4680.571428571428,4479.178571428572,1344.054916678492,1050.4329285116582,1,0,0,0,0,0,0,0,0,0,0
2014-11-06,3943,3,6,11,2014,45,0,3452.0,3672.0,3434.0,4177.0,4699.285714285715,4456.75,1322.7120767934523,1065.8628785758128,1,0,0,0,0,0,0,0,0,0,0
2014-11-07,4361,4,7,11,2014,45,0,3943.0,3817.0,4141.0,4529.0,4738.0,4448.392857142857,1291.224483452307,1069.0501612901471,1,0,0,0,0,0,0,0,0,0,0
2014-11-08,5541,5,8,11,2014,45,1,4361.0,6542.0,5734.0,5529.0,4815.714285714285,4442.392857142857,1241.9860055955742,1069.0524478449963,1,0,0,0,0,0,0,0,0,0,0
2014-11-09,6090,6,9,11,2014,45,1,5541.0,6477.0,5308.0,5818.0,4672.714285714285,4442.821428571428,1053.407916286586,1069.506499333405,1,0,0,0,0,0,0,0,0,0,0
2014-11-10,4523,0,10,11,2014,46,0,6090.0,4939.0,4189.0,4305.0,4617.428571428572,4452.535714285715,947.7926737324784,1083.6022053401246,1,0,0,0,0,0,0,0,0,0,0
2014-11-11,3884,1,11,11,2014,46,0,4523.0,3996.0,3454.0,3377.0,4558.0,4460.321428571428,937.2523672949602,1083.2860178922454,0,1,0,1,0,1,0,0,0,0,0
2014-11-12,3363,2,12,11,2014,46,0,3884.0,3452.0,3321.0,3499.0,4542.0,4478.428571428572,949.3236188641574,1068.6459562896268,0,0,0,0,0,0,0,0,0,0,0
2014-11-13,3319,3,13,11,2014,46,0,3363.0,3943.0,3672.0,3349.0,4529.285714285715,4473.571428571428,966.7903451258592,1073.560239251426,0,0,0,0,0,0,0,0,0,0,0
2014-11-14,4048,4,14,11,2014,46,0,3319.0,4361.0,3817.0,4396.0,4440.142857142857,4472.5,1054.63554977876,1074.7384694788632,0,0,0,0,0,0,0,0,0,0,0
2014-11-15,5278,5,15,11,2014,46,1,4048.0,5541.0,6542.0,6088.0,4395.428571428572,4460.071428571428,1065.133302634443,1077.6641038073562,0,0,0,0,0,0,0,0,0,0,0
2014-11-16,5857,6,16,11,2014,46,1,5278.0,6090.0,6477.0,6093.0,4357.857142857143,4431.142857142857,1021.7444932681616,1042.6487180284364,0,0,0,0,0,0,0,0,0,0,0
2014-11-17,3928,0,17,11,2014,47,0,5857.0,4523.0,4939.0,4291.0,4324.571428571428,4422.714285714285,957.6991276218338,1029.589125426138,0,0,0,0,0,0,0,0,0,0,0
2014-11-18,3347,1,18,11,2014,47,0,3928.0,3884.0,3996.0,3466.0,4239.571428571428,4409.75,963.5391113222232,1033.5866938499628,0,0,0,0,0,0,0,0,0,0,0
2014-11-19,3198,2,19,11,2014,47,0,3347.0,3363.0,3452.0,3396.0,4162.857142857143,4405.5,1016.489289756894,1037.8468987211834,0,0,0,0,0,0,0,0,0,0,0
2014-11-20,3330,3,20,11,2014,47,0,3198.0,3319.0,3943.0,3434.0,4139.285714285715,4398.428571428572,1039.7749298583335,1045.62532871116,0,0,0,0,0,0,0,0,0,0,0
2014-11-21,4143,4,21,11,2014,47,0,3330.0,4048.0,4361.0,4141.0,4140.857142857143,4394.714285714285,1038.3359168354305,1049.3561291164592,0,0,0,0,0,0,0,0,0,0,0
2014-11-22,5654,5,22,11,2014,47,1,4143.0,5278.0,5541.0,5734.0,4154.428571428572,4394.785714285715,1037.5404983489966,1049.3382873362789,0,0,0,0,0,0,0,0,0,0,0
2014-11-23,5299,6,23,11,2014,47,1,5654.0,5857.0,6090.0,5308.0,4208.142857142857,4391.928571428572,1112.4332831787303,1045.6592791355708,0,0,0,0,0,0,0,0,0,0,0
2014-11-24,4511,0,24,11,2014,48,0,5299.0,3928.0,4523.0,4189.0,4128.428571428572,4391.607142857143,987.5732643105272,1045.3685984444674,0,0,0,0,0,0,0,0,0,0,0
2014-11-25,4275,1,25,11,2014,48,0,4511.0,3347.0,3884.0,3454.0,4211.714285714285,4403.107142857143,992.4245923134772,1044.828192124521,0,0,0,0,0,0,0,0,0,0,0
2014-11-26,4434,2,26,11,2014,48,0,4275.0,3198.0,3363.0,3321.0,4344.285714285715,4432.428571428572,916.7594585069236,1028.6005389766528,0,0,0,0,0,0,0,0,0,0,0
2014-11-27,2489,3,27,11,2014,48,0,4434.0,3330.0,3319.0,3672.0,4520.857142857143,4472.178571428572,765.7809583624312,1005.3008045714222,0,1,0,1,0,1,0,0,0,0,0
2014-11-28,3293,4,28,11,2014,48,0,2489.0,4143.0,4048.0,3817.0,4400.714285714285,4429.928571428572,1010.5926832451222,1063.3582695986345,0,0,0,0,0,0,0,0,0,0,0
2014-11-29,4504,5,29,11,2014,48,1,3293.0,5654.0,5278.0,6542.0,4279.285714285715,4411.214285714285,1094.3175520669977,1079.0402236398777,0,0,0,0,0,0,0,0,0,0,0
2014-11-30,4812,6,30,11,2014,48,1,4504.0,5299.0,5857.0,6477.0,4115.0,4338.428571428572,927.0844981266076,995.487501217047,0,0,0,0,0,0,0,0,0,0,0
2014-12-01,4353,0,1,12,2014,49,0,4812.0,4511.0,3928.0,4939.0,4045.428571428572,4278.964285714285,837.3555312495889,908.980889753192,1,0,0,0,0,0,0,0,0,0,0
2014-12-02,3359,1,2,12,2014,49,0,4353.0,4275.0,3347.0,3996.0,4022.857142857143,4258.035714285715,824.748735185736,899.9221975483265,1,0,0,0,0,0,0,0,0,0,0
2014-12-03,3444,2,3,12,2014,49,0,3359.0,4434.0,3198.0,3452.0,3892.0,4235.285714285715,850.3458120082627,914.721769361544,1,0,0,0,0,0,0,0,0,0,0
2014-12-04,4077,3,4,12,2014,49,0,3444.0,2489.0,3330.0,3943.0,3750.571428571429,4235.0,827.1893892660094,914.9767048238816,1,0,0,0,0,0,0,0,0,0,0
2014-12-05,4209,4,5,12,2014,49,0,4077.0,3293.0,4143.0,4361.0,3977.428571428572,4239.785714285715,613.7585999785364,913.7424613720672,1,0,0,0,0,0,0,0,0,0,0
2014-12-06,5556,5,6,12,2014,49,1,4209.0,4504.0,5654.0,5541.0,4108.285714285715,4234.357142857143,536.2703653586523,913.447122444777,1,0,0,0,0,0,0,0,0,0,0
2014-12-07,5404,6,7,12,2014,49,1,5556.0,4812.0,5299.0,6090.0,4258.571428571428,4234.892857142857,764.4934831077943,914.2458677039534,1,0,0,0,0,0,0,0,0,0,0
2014-12-08,4293,0,8,12,2014,50,0,5404.0,4353.0,4511.0,4523.0,4343.142857142857,4210.392857142857,862.3957770017664,870.8533634819524,1,0,0,0,0,0,0,0,0,0,0
2014-12-09,3938,1,9,12,2014,50,0,4293.0,3359.0,4275.0,3884.0,4334.571428571428,4202.178571428572,862.5796305545495,868.8779931217132,1,0,0,0,0,0,0,0,0,0,0
2014-12-10,4569,2,10,12,2014,50,0,3938.0,3444.0,4434.0,3363.0,4417.285714285715,4204.107142857143,776.9491004962366,868.2052726761366,1,0,0,0,0,0,0,0,0,0,0
2014-12-11,2298,3,11,12,2014,50,0,4569.0,4077.0,2489.0,3319.0,4578.0,4247.178571428572,647.6660662203515,854.7430219650123,0,0,0,0,0,0,0,0,0,0,0
2014-12-12,3634,4,12,12,2014,50,0,2298.0,4209.0,3293.0,4048.0,4323.857142857143,4210.714285714285,1081.0571105128902,915.430757020688,0,0,0,0,0,0,0,0,0,0,0
2014-12-13,5039,5,13,12,2014,50,1,3634.0,5556.0,4504.0,5278.0,4241.714285714285,4195.928571428572,1112.6234334948665,921.4796044273908,0,0,0,0,0,0,0,0,0,0,0
2014-12-14,5650,6,14,12,2014,50,1,5039.0,5404.0,4812.0,5857.0,4167.857142857143,4187.392857142857,1024.509545843184,912.1447391353385,0,0,0,0,0,0,0,0,0,0,0
2014-12-15,3632,0,15,12,2014,51,0,5650.0,4293.0,4353.0,3928.0,4203.0,4180.0,1076.86056045649,898.853549641822,0,0,0,0,0,0,0,0,0,0,0
2014-12-16,3880,1,16,12,2014,51,0,3632.0,3938.0,3359.0,3347.0,4108.571428571428,4169.428571428572,1096.4560877577123,903.6549008853876,0,0,0,0,0,0,0,0,0,0,0
2014-12-17,3611,2,17,12,2014,51,0,3880.0,4569.0,3444.0,3198.0,4100.285714285715,4188.464285714285,1098.177689672866,891.2168743890381,0,0,0,0,0,0,0,0,0,0,0
2014-12-18,3836,3,18,12,2014,51,0,3611.0,2298.0,4077.0,3330.0,3963.428571428572,4203.214285714285,1089.6913717719694,877.5297127877757,0,0,0,0,0,0,0,0,0,0,0
2014-12-19,3832,4,19,12,2014,51,0,3836.0,3634.0,4209.0,4143.0,4183.142857142857,4221.285714285715,819.474308845092,863.9867907573432,0,0,0,0,0,0,0,0,0,0,0
2014-12-20,5302,5,20,12,2014,51,1,3832.0,5039.0,5556.0,5654.0,4211.428571428572,4210.178571428572,800.5593580205561,867.024202044681,0,0,0,0,0,0,0,0,0,0,0
2014-12-21,5464,6,21,12,2014,51,1,5302.0,5650.0,5404.0,5299.0,4249.0,4197.607142857143,850.4863314598305,847.6495755381774,0,0,0,0,0,0,0,0,0,0,0
2014-12-22,4805,0,22,12,2014,52,0,5464.0,3632.0,4293.0,4511.0,4222.428571428572,4203.5,800.879070593236,856.121248768299,0,0,0,0,0,0,0,0,0,0,0
2014-12-23,4531,1,23,12,2014,52,0,4805.0,3880.0,3938.0,4275.0,4390.0,4214.0,779.1732798293364,861.8162560889984,0,0,0,0,0,0,0,0,0,0,0
2014-12-24,3487,2,24,12,2014,52,0,4531.0,3611.0,4569.0,4434.0,4483.0,4223.142857142857,746.3136070044607,863.8429089994141,0,1,0,1,0,0,1,0,0,0,0
2014-12-25,0,3,25,12,2014,52,0,3487.0,3836.0,2298.0,2489.0,4465.285714285715,4189.321428571428,771.5071212213444,873.7632552302001,0,1,0,1,0,1,0,0,0,0,1
2014-12-26,3593,4,26,12,2014,52,0,0.0,3832.0,3634.0,3293.0,3917.285714285714,4100.428571428572,1871.3625797161528,1139.3881863322267,0,0,0,0,0,0,0,0,0,0,0
2014-12-27,4226,5,27,12,2014,52,1,3593.0,5302.0,5039.0,4504.0,3883.142857142857,4111.142857142857,1875.3539602406968,1132.9063808297972,0,0,0,0,0,0,0,0,0,0,0
2014-12-28,4407,6,28,12,2014,52,1,4226.0,5464.0,5650.0,4812.0,3729.428571428572,4101.214285714285,1781.4186160794068,1130.5516633449645,0,0,0,0,0,0,0,0,0,0,0
2014-12-29,3825,0,29,12,2014,1,0,4407.0,4805.0,3632.0,4353.0,3578.428571428572,4086.75,1649.8217941283629,1123.6910286096352,0,0,0,0,0,0,0,0,0,0,0
2014-12-30,3611,1,30,12,2014,1,0,3825.0,4531.0,3880.0,3359.0,3438.428571428572,4067.892857142857,1567.9387591296177,1123.4877684572352,0,0,0,0,0,0,0,0,0,0,0
2014-12-31,4126,2,31,12,2014,1,0,3611.0,3487.0,3611.0,3444.0,3307.0,4076.892857142857,1498.095791329769,1118.5973802965711,0,0,0,0,0,0,0,0,0,0,0
2015-01-01,3150,3,1,1,2015,1,0,4126.0,0.0,3836.0,4077.0,3398.285714285714,4101.25,1530.020448042621,1111.7098817187482,1,1,0,1,0,1,0,0,0,0,0
2015-01-02,4663,4,2,1,2015,1,0,3150.0,3593.0,3832.0,4209.0,3848.285714285714,4068.142857142857,436.1909804530098,1126.1679933324122,1,0,0,0,0,0,0,0,0,0,0
2015-01-03,5352,5,3,1,2015,1,1,4663.0,4226.0,5302.0,5556.0,4001.142857142857,4084.357142857143,512.6088270053505,1131.526671566168,1,0,0,0,0,0,0,0,0,0,0
2015-01-04,5666,6,4,1,2015,1,1,5352.0,4407.0,5464.0,5404.0,4162.0,4077.071428571429,726.8351486639392,1122.3193553751703,1,0,0,0,0,0,0,0,0,0,0
2015-01-05,4485,0,5,1,2015,2,0,5666.0,3825.0,4805.0,4293.0,4341.857142857143,4086.428571428572,926.0387732291844,1134.814764736762,1,0,0,0,0,0,0,0,0,0,0
2015-01-06,3616,1,6,1,2015,2,0,4485.0,3611.0,4531.0,3938.0,4436.142857142857,4093.285714285714,897.8127920250503,1136.6877436020095,1,0,0,0,0,0,0,0,0,0,0
2015-01-07,3394,2,7,1,2015,2,0,3616.0,4126.0,3487.0,4569.0,4436.857142857143,4081.785714285714,897.0485732986534,1139.9411731781954,1,1,0,1,0,0,1,0,0,0,0
2015-01-08,3517,3,8,1,2015,2,0,3394.0,3150.0,0.0,2298.0,4332.285714285715,4039.821428571429,978.3105700280332,1142.9646653289328,1,0,0,0,0,0,0,0,0,0,0
2015-01-09,4035,4,9,1,2015,2,0,3517.0,4663.0,3593.0,3634.0,4384.714285714285,4083.357142857143,911.9758246586968,1096.4297688840998,1,0,0,0,0,0,0,0,0,0,0
2015-01-10,5705,5,10,1,2015,2,1,4035.0,5352.0,4226.0,5039.0,4295.0,4097.678571428572,910.9259025848384,1092.9563392578,1,0,0,0,0,0,0,0,0,0,0
2015-01-11,5804,6,11,1,2015,2,1,5705.0,5666.0,4407.0,5650.0,4345.428571428572,4121.464285714285,985.8808002902564,1121.0857991463542,0,0,0,0,0,0,0,0,0,0,0
2015-01-12,4083,0,12,1,2015,3,0,5804.0,4485.0,3825.0,3632.0,4365.142857142857,4126.964285714285,1017.5597326564248,1129.210785760236,0,0,0,0,0,0,0,0,0,0,0
2015-01-13,3284,1,13,1,2015,3,0,4083.0,3616.0,3611.0,3880.0,4307.714285714285,4143.071428571428,1021.0059931730278,1125.098149745544,0,0,0,0,0,0,0,0,0,0,0
2015-01-14,3225,2,14,1,2015,3,0,3284.0,3394.0,4126.0,3611.0,4260.285714285715,4121.785714285715,1065.246092738781,1135.8460497255996,0,0,0,0,0,0,0,0,0,0,0
2015-01-15,3459,3,15,1,2015,3,0,3225.0,3517.0,3150.0,3836.0,4236.142857142857,4108.0,1089.7844478873533,1144.5838642153851,0,0,0,0,0,0,0,0,0,0,0
2015-01-16,4023,4,16,1,2015,3,0,3459.0,4035.0,4663.0,3832.0,4227.857142857143,4094.535714285714,1096.3640558031548,1150.1061297934036,0,0,0,0,0,0,0,0,0,0,0
2015-01-17,5166,5,17,1,2015,3,1,4023.0,5705.0,5352.0,5302.0,4226.142857142857,4101.357142857143,1096.7251902172864,1149.0572694455268,0,0,0,0,0,0,0,0,0,0,0
2015-01-18,5195,6,18,1,2015,3,1,5166.0,5804.0,5666.0,5464.0,4149.142857142857,4096.5,989.2460813790502,1144.070721072267,0,0,0,0,0,0,0,0,0,0,0
2015-01-19,4456,0,19,1,2015,4,0,5195.0,4083.0,4485.0,4805.0,4062.142857142857,4086.892857142857,834.0592362199482,1133.2402360222145,0,1,0,1,0,1,0,0,0,0,0
2015-01-20,3300,1,20,1,2015,4,0,4456.0,3284.0,3616.0,4531.0,4115.428571428572,4074.428571428572,847.4217480379027,1126.951227331099,0,0,0,0,0,0,0,0,0,0,0
2015-01-21,3281,2,21,1,2015,4,0,3300.0,3225.0,3394.0,3487.0,4117.714285714285,4030.464285714286,844.8230020317277,1132.4780590513917,0,0,0,0,0,0,0,0,0,0,0
2015-01-22,2901,3,22,1,2015,4,0,3281.0,3459.0,3517.0,0.0,4125.714285714285,4023.107142857143,835.1705842292943,1136.8003290355089,0,0,0,0,0,0,0,0,0,0,0
2015-01-23,4042,4,23,1,2015,4,0,2901.0,4023.0,4035.0,3593.0,4046.0,4126.714285714285,930.5908517352436,853.4390931485892,0,0,0,0,0,0,0,0,0,0,0
2015-01-24,5537,5,24,1,2015,4,1,4042.0,5166.0,5705.0,4226.0,4048.714285714286,4142.75,930.5402936440912,847.2351383350608,0,0,0,0,0,0,0,0,0,0,0
2015-01-25,5577,6,25,1,2015,4,1,5537.0,5195.0,5804.0,4407.0,4101.714285714285,4189.571428571428,1011.7999990587236,887.2850570627071,0,0,0,0,0,0,0,0,0,0,0
2015-01-26,3381,0,26,1,2015,5,0,5577.0,4456.0,4083.0,3825.0,4156.285714285715,4231.357142857143,1088.0244657613337,924.6663548139218,0,0,0,0,0,0,0,0,0,0,0
2015-01-27,2992,1,27,1,2015,5,0,3381.0,3300.0,3284.0,3611.0,4002.714285714286,4215.5,1114.2212099766798,935.6351180209474,0,0,0,0,0,0,0,0,0,0,0
2015-01-28,3077,2,28,1,2015,5,0,2992.0,3281.0,3225.0,4126.0,3958.714285714286,4193.392857142857,1152.0356930647713,957.5044856015498,0,0,0,0,0,0,0,0,0,0,0
2015-01-29,3219,3,29,1,2015,5,0,3077.0,2901.0,3459.0,3150.0,3929.571428571429,4155.928571428572,1174.4002522057551,980.4853646355716,0,0,0,0,0,0,0,0,0,0,0
2015-01-30,4159,4,30,1,2015,5,0,3219.0,4042.0,4023.0,4663.0,3975.0,4158.392857142857,1133.4168106511645,977.9469174144488,0,0,0,0,0,0,0,0,0,0,0
2015-01-31,6071,5,31,1,2015,5,1,4159.0,5537.0,5166.0,5352.0,3991.714285714286,4140.392857142857,1135.4304197506908,972.940649070516,0,0,0,0,0,0,0,0,0,0,0
2015-02-01,5462,6,1,2,2015,5,1,6071.0,5577.0,5195.0,5666.0,4068.0,4166.071428571428,1266.8858143758107,1014.694879465102,1,1,0,1,0,0,0,1,1,0,0
2015-02-02,3886,0,2,2,2015,6,0,5462.0,3381.0,4456.0,4485.0,4051.571428571429,4158.785714285715,1244.6059426103295,1004.2043600908116,1,0,0,0,0,0,0,0,0,0,0
2015-02-03,4051,1,3,2,2015,6,0,3886.0,2992.0,3300.0,3616.0,4123.714285714285,4137.392857142857,1213.5059008626895,1003.3775309307658,1,0,0,0,0,0,0,0,0,0,0
2015-02-04,3673,2,4,2,2015,6,0,4051.0,3077.0,3281.0,3394.0,4275.0,4152.928571428572,1110.5462619810137,998.3606907240832,1,0,0,0,0,0,0,0,0,0,0
2015-02-05,3889,3,5,2,2015,6,0,3673.0,3219.0,2901.0,3517.0,4360.142857142857,4162.892857142857,1022.7685350021684,991.8767971314936,1,0,0,0,0,0,0,0,0,0,0
2015-02-06,4018,4,6,2,2015,6,0,3889.0,4159.0,4042.0,4035.0,4455.857142857143,4176.178571428572,924.8398831818502,985.3750199260072,1,0,0,0,0,0,0,0,0,0,0
2015-02-07,6314,5,7,2,2015,6,1,4018.0,6071.0,5537.0,5705.0,4435.714285714285,4175.571428571428,933.8743160057708,985.4704621377704,1,0,0,0,0,0,0,0,0,0,0
2015-02-08,5859,6,8,2,2015,6,1,6314.0,5462.0,5577.0,5804.0,4470.428571428572,4197.321428571428,1006.4864392434514,1026.348870495921,1,0,0,0,0,0,0,0,0,0,0
2015-02-09,4977,0,9,2,2015,7,0,5859.0,3886.0,3381.0,4083.0,4527.142857142857,4199.285714285715,1080.1613195215275,1029.5852403738925,1,0,0,0,0,0,0,0,0,0,0
2015-02-10,4134,1,10,2,2015,7,0,4977.0,4051.0,2992.0,3284.0,4683.0,4231.214285714285,1050.5362122903475,1039.658218666216,1,0,0,0,0,0,0,0,0,0,0
2015-02-11,4040,2,11,2,2015,7,0,4134.0,3673.0,3077.0,3225.0,4694.857142857143,4261.571428571428,1042.6529349966654,1023.2562558222462,0,0,0,0,0,0,0,0,0,0,0
2015-02-12,3829,3,12,2,2015,7,0,4040.0,3889.0,3219.0,3459.0,4747.285714285715,4290.678571428572,990.6357746897988,1004.0903771323236,0,0,0,0,0,0,0,0,0,0,0
2015-02-13,4183,4,13,2,2015,7,0,3829.0,4018.0,4159.0,4023.0,4738.714285714285,4303.892857142857,999.519503609238,995.1344721819578,0,0,0,0,0,0,0,0,0,0,0
2015-02-14,4789,5,14,2,2015,7,1,4183.0,6314.0,6071.0,5166.0,4762.285714285715,4309.607142857143,981.4729940733256,993.9204208134818,0,1,0,1,1,0,0,0,0,1,0
2015-02-15,4824,6,15,2,2015,7,1,4789.0,5859.0,5462.0,5195.0,4544.428571428572,4296.142857142857,711.8520111050457,984.3974172722476,0,0,0,0,0,0,0,0,0,0,0
2015-02-16,4281,0,16,2,2015,8,0,4824.0,4977.0,3886.0,4456.0,4396.571428571428,4282.892857142857,454.1346559273942,974.2956939278472,0,1,0,1,0,1,0,0,0,0,0
2015-02-17,3412,1,17,2,2015,8,0,4281.0,4134.0,4051.0,3300.0,4297.142857142857,4276.642857142857,375.2081327172245,973.7052263004776,0,0,0,0,0,0,0,0,0,0,0
2015-02-18,3038,2,18,2,2015,8,0,3412.0,4040.0,3673.0,3281.0,4194.0,4280.642857142857,504.4931449815083,969.7666467797012,0,1,0,1,0,0,1,0,0,0,0
2015-02-19,3180,3,19,2,2015,8,0,3038.0,3829.0,3889.0,2901.0,4050.857142857143,4271.964285714285,670.3569766851621,980.0764324745596,0,0,0,0,0,0,0,0,0,0,0
2015-02-20,4138,4,20,2,2015,8,0,3180.0,4183.0,4018.0,4042.0,3958.142857142857,4281.928571428572,746.689455434543,966.9522156247348,0,0,0,0,0,0,0,0,0,0,0
2015-02-21,4767,5,21,2,2015,8,1,4138.0,4789.0,6314.0,5537.0,3951.714285714286,4285.357142857143,744.62176400409,966.2399140113018,0,0,0,0,0,0,0,0,0,0,0
2015-02-22,5426,6,22,2,2015,8,1,4767.0,4824.0,5859.0,5577.0,3948.571428571429,4257.857142857143,740.5340093794547,939.8960428837696,0,0,0,0,0,0,0,0,0,0,0
2015-02-23,3548,0,23,2,2015,9,0,5426.0,4281.0,4977.0,3381.0,4034.571428571429,4252.464285714285,880.8132335409967,932.4505540318388,0,0,0,0,0,0,0,0,0,0,0
2015-02-24,2972,1,24,2,2015,9,0,3548.0,3412.0,4134.0,2992.0,3929.857142857143,4258.428571428572,890.1554973844737,927.1891583974289,0,0,0,0,0,0,0,0,0,0,0
2015-02-25,3106,2,25,2,2015,9,0,2972.0,3038.0,4040.0,3077.0,3867.0,4257.714285714285,946.5655462424784,928.2080648433348,0,1,0,1,0,0,1,0,0,0,0
2015-02-26,3012,3,26,2,2015,9,0,3106.0,3180.0,3829.0,3219.0,3876.714285714286,4258.75,936.9398262936774,926.8569998377016,0,0,0,0,0,0,0,0,0,0,0
2015-02-27,4114,4,27,2,2015,9,0,3012.0,4138.0,4183.0,4159.0,3852.714285714286,4251.357142857143,959.6375555881637,936.2355755417811,0,0,0,0,0,0,0,0,0,0,0
2015-02-28,5603,5,28,2,2015,9,1,4114.0,4767.0,4789.0,6071.0,3849.285714285714,4249.75,958.4906040724788,936.4385892739996,0,0,0,0,0,0,0,0,0,0,0
2015-03-01,5774,6,1,3,2015,9,1,5603.0,5426.0,4824.0,5462.0,3968.714285714286,4233.035714285715,1128.841399294824,906.423107896692,1,0,0,0,0,0,0,0,0,0,0
2015-03-02,4013,0,2,3,2015,10,0,5774.0,3548.0,4281.0,3886.0,4018.428571428572,4244.178571428572,1208.564693778373,923.8409777209494,1,0,0,0,0,0,0,0,0,0,0
2015-03-03,3827,1,3,3,2015,10,0,4013.0,2972.0,3412.0,4051.0,4084.857142857143,4248.714285714285,1191.0505766719027,922.32784631315,1,0,0,0,0,0,0,0,0,0,0
2015-03-04,3584,2,4,3,2015,10,0,3827.0,3106.0,3038.0,3673.0,4207.0,4240.714285714285,1098.1208190965754,925.0736450019784,1,0,0,0,0,0,0,0,0,0,0
2015-03-05,3660,3,5,3,2015,10,0,3584.0,3012.0,3180.0,3889.0,4275.285714285715,4237.535714285715,1031.059602914355,927.246919935083,1,1,0,1,0,0,1,0,0,0,0
2015-03-06,4331,4,6,3,2015,10,0,3660.0,4114.0,4138.0,4018.0,4367.857142857143,4229.357142857143,922.063162798776,931.4354200903784,1,0,0,0,0,0,0,0,0,0,0
2015-03-07,5234,5,7,3,2015,10,1,4331.0,5603.0,4767.0,6314.0,4398.857142857143,4240.535714285715,915.73202568063,930.6828031927568,1,0,0,0,0,0,0,0,0,0,0
2015-03-08,5971,6,8,3,2015,10,1,5234.0,5774.0,5426.0,5859.0,4346.142857142857,4201.964285714285,842.5598749389553,861.365474208671,1,0,0,0,0,0,0,0,0,0,0
2015-03-09,4046,0,9,3,2015,11,0,5971.0,4013.0,3548.0,4977.0,4374.285714285715,4205.964285714285,899.5631744140659,869.566408860179,1,0,0,0,0,0,0,0,0,0,0
2015-03-10,3710,1,10,3,2015,11,0,4046.0,3827.0,2972.0,4134.0,4379.0,4172.714285714285,897.4382058578406,856.6963184294544,1,0,0,0,0,0,0,0,0,0,0
2015-03-11,3474,2,11,3,2015,11,0,3710.0,3584.0,3106.0,4040.0,4362.285714285715,4157.571428571428,910.4278690604274,861.1417239822191,0,0,0,0,0,0,0,0,0,0,0
2015-03-12,3519,3,12,3,2015,11,0,3474.0,3660.0,3012.0,3829.0,4346.571428571428,4137.357142857143,926.90054431294,870.5949951054425,0,0,0,0,0,0,0,0,0,0,0
2015-03-13,4184,4,13,3,2015,11,0,3519.0,4331.0,4114.0,4183.0,4326.428571428572,4126.285714285715,945.6498395535336,876.6119905697059,0,0,0,0,0,0,0,0,0,0,0
2015-03-14,5015,5,14,3,2015,11,1,4184.0,5234.0,5603.0,4789.0,4305.428571428572,4126.321428571428,947.1624037342398,876.6144071272552,0,0,0,0,0,0,0,0,0,0,0
2015-03-15,5805,6,15,3,2015,11,1,5015.0,5971.0,5774.0,4824.0,4274.142857142857,4134.392857142857,914.4301374027864,883.9517474381404,0,0,0,0,0,0,0,0,0,0,0
2015-03-16,4064,0,16,3,2015,12,0,5805.0,4046.0,4013.0,4281.0,4250.428571428572,4169.428571428572,863.8439012427465,930.511783855626,0,0,0,0,0,0,0,0,0,0,0
2015-03-17,3431,1,17,3,2015,12,0,4064.0,3710.0,3827.0,3412.0,4253.0,4161.678571428572,863.1604717548194,930.4517840741518,0,1,0,1,1,0,0,0,0,0,0
2015-03-18,3442,2,18,3,2015,12,0,3431.0,3474.0,3584.0,3038.0,4213.142857142857,4162.357142857143,898.1453907119625,929.8915593601824,0,0,0,0,0,0,0,0,0,0,0
2015-03-19,3194,3,19,3,2015,12,0,3442.0,3519.0,3660.0,3180.0,4208.571428571428,4176.785714285715,902.6049075025128,914.8114704435148,0,0,0,0,0,0,0,0,0,0,0
2015-03-20,4120,4,20,3,2015,12,0,3194.0,4184.0,4331.0,4138.0,4162.142857142857,4177.285714285715,951.0459905758896,914.2501423304903,0,0,0,0,0,0,0,0,0,0,0
2015-03-21,5528,5,21,3,2015,12,1,4120.0,5015.0,5234.0,4767.0,4153.0,4176.642857142857,951.1084761126524,914.2851169806246,0,0,0,0,0,0,0,0,0,0,0
2015-03-22,5570,6,22,3,2015,12,1,5528.0,5805.0,5971.0,5426.0,4226.285714285715,4203.821428571428,1043.841417439405,943.33388510276,0,0,0,0,0,0,0,0,0,0,0
2015-03-23,3818,0,23,3,2015,13,0,5570.0,4064.0,4046.0,3548.0,4192.714285714285,4208.964285714285,986.8273598230028,950.6082061712964,0,0,0,0,0,0,0,0,0,0,0
2015-03-24,3401,1,24,3,2015,13,0,3818.0,3431.0,3710.0,2972.0,4157.571428571428,4218.607142857143,996.5078787350108,945.008067348896,0,0,0,0,0,0,0,0,0,0,0
2015-03-25,3193,2,25,3,2015,13,0,3401.0,3442.0,3474.0,3106.0,4153.285714285715,4233.928571428572,1000.211096766696,927.3611677495091,0,0,0,0,0,0,0,0,0,0,0
2015-03-26,3387,3,26,3,2015,13,0,3193.0,3194.0,3519.0,3012.0,4117.714285714285,4237.035714285715,1033.593845809482,923.5800906594033,0,0,0,0,0,0,0,0,0,0,0
2015-03-27,4041,4,27,3,2015,13,0,3387.0,4120.0,4184.0,4114.0,4145.285714285715,4250.428571428572,1007.0808829294216,907.7410068129196,0,0,0,0,0,0,0,0,0,0,0
2015-03-28,4867,5,28,3,2015,13,1,4041.0,5528.0,5015.0,5603.0,4134.0,4247.821428571428,1007.8538253801148,908.2520474769264,0,0,0,0,0,0,0,0,0,0,0
2015-03-29,5453,6,29,3,2015,13,1,4867.0,5570.0,5805.0,5774.0,4039.571428571429,4221.535714285715,878.089945495874,877.7162066510948,0,0,0,0,0,0,0,0,0,0,0
2015-03-30,4256,0,30,3,2015,14,0,5453.0,3818.0,4064.0,4013.0,4022.857142857143,4210.071428571428,844.5772963582455,858.5753457551775,0,0,0,0,0,0,0,0,0,0,0
2015-03-31,3877,1,31,3,2015,14,0,4256.0,3401.0,3431.0,3827.0,4085.428571428572,4218.75,843.0942725347792,857.7372741588648,0,0,0,0,0,0,0,0,0,0,0
2015-04-01,4446,2,1,4,2015,14,0,3877.0,3193.0,3442.0,3584.0,4153.428571428572,4220.535714285715,796.6052676080865,856.9431668843853,1,0,0,0,0,0,0,0,0,0,0
2015-04-02,4395,3,2,4,2015,14,0,4446.0,3387.0,3194.0,3660.0,4332.428571428572,4251.321428571428,676.5559491874693,848.6724296553648,1,0,0,0,0,0,0,0,0,0,0
2015-04-03,5632,4,3,4,2015,14,0,4395.0,4041.0,4120.0,4331.0,4476.428571428572,4277.571428571428,534.0561322379536,841.0377376732109,1,0,0,0,0,0,0,0,0,0,0
2015-04-04,6636,5,4,4,2015,14,1,5632.0,4867.0,5528.0,5234.0,4703.714285714285,4324.035714285715,644.9071546317786,879.1720213483188,1,0,0,0,0,0,0,0,0,0,0
2015-04-05,4874,6,5,4,2015,14,1,6636.0,5453.0,5570.0,5971.0,4956.428571428572,4374.107142857143,979.408470650004,968.3207434364434,1,1,0,1,1,0,0,0,0,0,0
2015-04-06,4101,0,6,4,2015,15,0,4874.0,4256.0,3818.0,4046.0,4873.714285714285,4334.928571428572,954.617325474068,922.42160877693,1,0,0,0,0,0,0,0,0,0,0
2015-04-07,3810,1,7,4,2015,15,0,4101.0,3877.0,3401.0,3710.0,4851.571428571428,4336.892857142857,972.9550961106288,921.8419298615077,1,0,0,0,0,0,0,0,0,0,0
2015-04-08,3809,2,8,4,2015,15,0,3810.0,4446.0,3193.0,3474.0,4842.0,4340.464285714285,984.402526070183,919.514021488678,1,0,0,0,0,0,0,0,0,0,0
2015-04-09,3726,3,9,4,2015,15,0,3809.0,4395.0,3387.0,3519.0,4751.0,4352.428571428572,1054.0869666841318,909.9521529371286,1,0,0,0,0,0,0,0,0,0,0
2015-04-10,4584,4,10,4,2015,15,0,3726.0,5632.0,4041.0,4184.0,4655.428571428572,4359.821428571428,1120.0109905923407,903.7499676172878,1,0,0,0,0,0,0,0,0,0,0
2015-04-11,5495,5,11,4,2015,15,1,4584.0,6636.0,4867.0,5015.0,4505.714285714285,4374.107142857143,1034.4932276700754,904.0291841931931,0,1,0,1,0,0,1,0,0,0,0
2015-04-12,6093,6,12,4,2015,15,1,5495.0,4874.0,5453.0,5805.0,4342.714285714285,4391.25,667.7878191675693,921.0236907316134,0,1,0,1,0,0,1,0,0,0,0
2015-04-13,4171,0,13,4,2015,16,0,6093.0,4101.0,4256.0,4064.0,4516.857142857143,4401.535714285715,934.9330508244012,938.8327458089478,0,0,0,0,0,0,0,0,0,0,0
2015-04-14,3702,1,14,4,2015,16,0,4171.0,3810.0,3877.0,3431.0,4526.857142857143,4405.357142857143,930.1056263621296,937.6249433497,0,0,0,0,0,0,0,0,0,0,0
2015-04-15,3668,2,15,4,2015,16,0,3702.0,3809.0,4446.0,3442.0,4511.428571428572,4415.035714285715,944.7590269733504,928.5494654504696,0,0,0,0,0,0,0,0,0,0,0
2015-04-16,3732,3,16,4,2015,16,0,3668.0,3726.0,4395.0,3194.0,4491.285714285715,4423.107142857143,963.5475622728316,920.7273831168252,0,0,0,0,0,0,0,0,0,0,0
2015-04-17,4236,4,17,4,2015,16,0,3732.0,4584.0,5632.0,4120.0,4492.142857142857,4442.321428571428,962.7556679607178,899.4965280467993,0,0,0,0,0,0,0,0,0,0,0
2015-04-18,5651,5,18,4,2015,16,1,4236.0,5495.0,6636.0,5528.0,4442.428571428572,4446.464285714285,966.2006101465828,898.2232454558505,0,0,0,0,0,0,0,0,0,0,0
2015-04-19,5849,6,19,4,2015,16,1,5651.0,6093.0,4874.0,5570.0,4464.714285714285,4450.857142857143,995.8684173935408,903.9907699580258,0,0,0,0,0,0,0,0,0,0,0
2015-04-20,4131,0,20,4,2015,17,0,5849.0,4171.0,4101.0,3818.0,4429.857142857143,4460.821428571428,931.5713299888272,918.2092900121094,0,0,0,0,0,0,0,0,0,0,0
2015-04-21,3543,1,21,4,2015,17,0,4131.0,3702.0,3810.0,3401.0,4424.142857142857,4472.0,933.5443979035772,911.9776637940486,0,0,0,0,0,0,0,0,0,0,0
2015-04-22,3444,2,22,4,2015,17,0,3543.0,3668.0,3809.0,3193.0,4401.428571428572,4477.071428571428,955.714541960252,906.1777247223968,0,0,0,0,0,0,0,0,0,0,0
2015-04-23,3797,3,23,4,2015,17,0,3444.0,3732.0,3726.0,3387.0,4369.428571428572,4486.035714285715,987.5833900896472,894.1665882631314,0,0,0,0,0,0,0,0,0,0,0
2015-04-24,4312,4,24,4,2015,17,0,3797.0,4236.0,4584.0,4041.0,4378.714285714285,4500.678571428572,980.8738815100438,878.7259739540978,0,0,0,0,0,0,0,0,0,0,0
2015-04-25,6019,5,25,4,2015,17,1,4312.0,5651.0,5495.0,4867.0,4389.571428571428,4510.357142857143,979.450501921508,874.9597753414716,0,0,0,0,0,0,0,0,0,0,0
2015-04-26,5815,6,26,4,2015,17,1,6019.0,5849.0,6093.0,5453.0,4442.142857142857,4551.5,1064.614864410515,918.3597898991944,0,0,0,0,0,0,0,0,0,0,0
2015-04-27,3995,0,27,4,2015,18,0,5815.0,4131.0,4171.0,4256.0,4437.285714285715,4564.428571428572,1057.1781171725895,933.9370439790846,0,0,0,0,0,0,0,0,0,0,0
2015-04-28,3526,1,28,4,2015,18,0,3995.0,3543.0,3702.0,3877.0,4417.857142857143,4555.107142857143,1064.966107218356,938.421146050368,0,0,0,0,0,0,0,0,0,0,0
2015-04-29,3560,2,29,4,2015,18,0,3526.0,3444.0,3668.0,4446.0,4415.428571428572,4542.571428571428,1067.310460478875,950.0868743346884,0,0,0,0,0,0,0,0,0,0,0
2015-04-30,3466,3,30,4,2015,18,0,3560.0,3797.0,3732.0,4395.0,4432.0,4510.928571428572,1050.4817942258733,968.007534733887,0,0,0,0,0,0,0,0,0,0,0
2015-05-01,5121,4,1,5,2015,18,0,3466.0,4312.0,4236.0,5632.0,4384.714285714285,4477.75,1090.51604210816,987.8456778937308,1,0,0,0,0,0,0,0,0,0,0
2015-05-02,5801,5,2,5,2015,18,1,5121.0,6019.0,5651.0,6636.0,4500.285714285715,4459.5,1123.8834035441207,970.2960029461756,1,0,0,0,0,0,0,0,0,0,0
2015-05-03,6524,6,3,5,2015,18,1,5801.0,5815.0,5849.0,4874.0,4469.142857142857,4429.678571428572,1076.8208499361228,912.0058501100268,1,0,0,0,0,0,0,0,0,0,0
2015-05-04,4794,0,4,5,2015,19,0,6524.0,3995.0,4131.0,4101.0,4570.428571428572,4488.607142857143,1244.759261482972,991.611196928013,1,0,0,0,0,0,0,0,0,0,0
2015-05-05,4168,1,5,5,2015,19,0,4794.0,3526.0,3543.0,3810.0,4684.571428571428,4513.357142857143,1219.5777762738098,990.2259081675954,1,1,0,1,1,0,0,0,0,0,0
2015-05-06,4025,2,6,5,2015,19,0,4168.0,3560.0,3444.0,3809.0,4776.285714285715,4526.142857142857,1139.436807416392,983.0934062959813,1,0,0,0,0,0,0,0,0,0,0
2015-05-07,4182,3,7,5,2015,19,0,4025.0,3466.0,3797.0,3726.0,4842.714285714285,4533.857142857143,1068.0267965249104,978.092350191246,1,0,0,0,0,0,0,0,0,0,0
2015-05-08,4697,4,8,5,2015,19,0,4182.0,5121.0,4312.0,4584.0,4945.0,4550.142857142857,940.9261395030046,967.8860016392948,1,0,0,0,0,0,0,0,0,0,0
2015-05-09,5840,5,9,5,2015,19,1,4697.0,5801.0,6019.0,5495.0,4884.428571428572,4554.178571428572,941.3552034421676,968.26790957306,1,0,0,0,0,0,0,0,0,0,0
2015-05-10,5014,6,10,5,2015,19,1,5840.0,6524.0,5815.0,6093.0,4890.0,4566.5,947.7775758759852,982.7699892914112,1,1,0,1,1,0,0,0,0,0,0
2015-05-11,4602,0,11,5,2015,20,0,5014.0,4794.0,3995.0,4171.0,4674.285714285715,4527.964285714285,633.6909641893728,940.9622530368588,0,0,0,0,0,0,0,0,0,0,0
2015-05-12,3810,1,12,5,2015,20,0,4602.0,4168.0,3526.0,3702.0,4646.857142857143,4543.357142857143,631.798076543311,938.4284030893656,0,0,0,0,0,0,0,0,0,0,0
2015-05-13,3958,2,13,5,2015,20,0,3810.0,4025.0,3560.0,3668.0,4595.714285714285,4547.214285714285,688.9278419606711,935.0580634434266,0,0,0,0,0,0,0,0,0,0,0
2015-05-14,3487,3,14,5,2015,20,0,3958.0,4182.0,3466.0,3732.0,4586.142857142857,4557.571428571428,698.5762732327984,926.5259456930048,0,0,0,0,0,0,0,0,0,0,0
2015-05-15,4375,4,15,5,2015,20,0,3487.0,4697.0,5121.0,4236.0,4486.857142857143,4548.821428571428,806.6218503882856,935.7225393432124,0,0,0,0,0,0,0,0,0,0,0
2015-05-16,5589,5,16,5,2015,20,1,4375.0,5840.0,5801.0,5651.0,4440.857142857143,4553.785714285715,801.8076304142327,934.3692012437018,0,0,0,0,0,0,0,0,0,0,0
2015-05-17,5568,6,17,5,2015,20,1,5589.0,5014.0,6524.0,5849.0,4405.0,4551.571428571428,731.3234578488574,931.7424707214012,0,0,0,0,0,0,0,0,0,0,0
2015-05-18,4185,0,18,5,2015,21,0,5568.0,4602.0,4794.0,4131.0,4484.142857142857,4541.535714285715,831.3489898094273,918.672048127389,0,0,0,0,0,0,0,0,0,0,0
2015-05-19,3576,1,19,5,2015,21,0,4185.0,3810.0,4168.0,3543.0,4424.571428571428,4543.464285714285,836.4211174487981,917.8345885891268,0,0,0,0,0,0,0,0,0,0,0
2015-05-20,3580,2,20,5,2015,21,0,3576.0,3958.0,4025.0,3444.0,4391.142857142857,4544.642857142857,869.1139987695238,916.5225831929266,0,0,0,0,0,0,0,0,0,0,0
2015-05-21,3635,3,21,5,2015,21,0,3580.0,3487.0,4182.0,3797.0,4337.142857142857,4549.5,911.233857391806,910.816259878604,0,0,0,0,0,0,0,0,0,0,0
2015-05-22,4578,4,22,5,2015,21,0,3635.0,4375.0,4697.0,4312.0,4358.285714285715,4543.714285714285,889.6830361212428,916.2715454348316,0,0,0,0,0,0,0,0,0,0,0
2015-05-23,5415,5,23,5,2015,21,1,4578.0,5589.0,5840.0,6019.0,4387.285714285715,4553.214285714285,893.6184335396813,915.1584099727788,0,0,0,0,0,0,0,0,0,0,0
2015-05-24,5412,6,24,5,2015,21,1,5415.0,5568.0,5014.0,5815.0,4362.428571428572,4531.642857142857,856.2590840672156,885.9817828695518,0,0,0,0,0,0,0,0,0,0,0
2015-05-25,4859,0,25,5,2015,22,0,5412.0,4185.0,4602.0,3995.0,4340.142857142857,4517.25,820.9546127469431,867.4407493908124,0,1,0,1,0,1,0,0,0,0,0
2015-05-26,3609,1,26,5,2015,22,0,4859.0,3576.0,3810.0,3526.0,4436.428571428572,4548.107142857143,839.0516188218872,863.5334533949828,0,0,0,0,0,0,0,0,0,0,0
2015-05-27,3722,2,27,5,2015,22,0,3609.0,3580.0,3958.0,3560.0,4441.142857142857,4551.071428571428,833.4857384445681,860.0302289506947,0,0,0,0,0,0,0,0,0,0,0
2015-05-28,3381,3,28,5,2015,22,0,3722.0,3635.0,3487.0,3466.0,4461.428571428572,4556.857142857143,810.4432649570834,853.6371730896052,0,0,0,0,0,0,0,0,0,0,0
2015-05-29,3803,4,29,5,2015,22,0,3381.0,4578.0,4375.0,5121.0,4425.142857142857,4553.821428571428,857.9078094549669,857.801153405064,0,0,0,0,0,0,0,0,0,0,0
2015-05-30,5342,5,30,5,2015,22,1,3803.0,5415.0,5589.0,5801.0,4314.428571428572,4506.75,884.4892795926315,861.6783203596157,0,0,0,0,0,0,0,0,0,0,0
2015-05-31,5980,6,31,5,2015,22,1,5342.0,5412.0,5568.0,6524.0,4304.0,4490.357142857143,869.6562539302561,840.2436249126441,0,0,0,0,0,0,0,0,0,0,0
2015-06-01,4702,0,1,6,2015,23,0,5980.0,4859.0,4185.0,4794.0,4385.142857142857,4470.928571428572,1006.0678288219364,796.6368162037256,1,0,0,0,0,0,0,0,0,0,0
2015-06-02,4282,1,2,6,2015,23,0,4702.0,3609.0,3576.0,4168.0,4362.714285714285,4467.642857142857,995.437209519137,795.4437948012559,1,0,0,0,0,0,0,0,0,0,0
2015-06-03,4007,2,3,6,2015,23,0,4282.0,3722.0,3580.0,4025.0,4458.857142857143,4471.714285714285,941.5498621194496,794.1439769239881,1,0,0,0,0,0,0,0,0,0,0
2015-06-04,3818,3,4,6,2015,23,0,4007.0,3381.0,3635.0,4182.0,4499.571428571428,4471.071428571428,910.0100470403052,794.5261773918077,1,1,0,1,0,0,0,1,0,0,0
2015-06-05,4646,4,5,6,2015,23,0,3818.0,3803.0,4578.0,4697.0,4562.0,4458.071428571428,832.1424156957838,802.3702815926451,1,0,0,0,0,0,0,0,0,0,0
2015-06-06,5710,5,6,6,2015,23,1,4646.0,5342.0,5415.0,5840.0,4682.428571428572,4456.25,762.038900394399,801.8655389730778,1,0,0,0,0,0,0,0,0,0,0
2015-06-07,5826,6,7,6,2015,23,1,5710.0,5980.0,5412.0,5014.0,4735.0,4451.607142857143,825.2011875900449,793.8935155429575,1,0,0,0,0,0,0,0,0,0,0
2015-06-08,4475,0,8,6,2015,24,0,5826.0,4702.0,4859.0,4602.0,4713.0,4480.607142857143,787.676964243604,829.2417035521335,1,0,0,0,0,0,0,0,0,0,0
2015-06-09,4145,1,9,6,2015,24,0,4475.0,4282.0,3609.0,3810.0,4680.571428571428,4476.071428571428,792.861033881498,828.9003839791837,1,0,0,0,0,0,0,0,0,0,0
2015-06-10,4210,2,10,6,2015,24,0,4145.0,4007.0,3722.0,3958.0,4661.0,4488.035714285715,805.9226596475319,821.3132429966562,1,0,0,0,0,0,0,0,0,0,0
2015-06-11,3844,3,11,6,2015,24,0,4210.0,3818.0,3381.0,3487.0,4690.0,4497.035714285715,781.7572086865284,816.6574821316977,0,0,0,0,0,0,0,0,0,0,0
2015-06-12,4605,4,12,6,2015,24,0,3844.0,4646.0,3803.0,4375.0,4693.714285714285,4509.785714285715,776.970766135117,802.9765624153364,0,0,0,0,0,0,0,0,0,0,0
2015-06-13,5495,5,13,6,2015,24,1,4605.0,5710.0,5342.0,5589.0,4687.857142857143,4518.0,777.544731525993,802.7230508066197,0,0,0,0,0,0,0,0,0,0,0
2015-06-14,5844,6,14,6,2015,24,1,5495.0,5826.0,5980.0,5568.0,4657.142857142857,4514.642857142857,733.4342571245411,798.2621965191169,0,0,0,0,0,0,0,0,0,0,0
2015-06-15,4454,0,15,6,2015,25,0,5844.0,4475.0,4702.0,4185.0,4659.714285714285,4524.5,738.2311549205006,813.313228348954,0,0,0,0,0,0,0,0,0,0,0
2015-06-16,3792,1,16,6,2015,25,0,4454.0,4145.0,4282.0,3576.0,4656.714285714285,4534.107142857143,739.1489958697475,810.7390930404905,0,1,0,1,0,0,0,1,0,0,0
2015-06-17,3902,2,17,6,2015,25,0,3792.0,4210.0,4007.0,3580.0,4606.285714285715,4541.821428571428,790.1608938028094,802.268314476328,0,0,0,0,0,0,0,0,0,0,0
2015-06-18,4018,3,18,6,2015,25,0,3902.0,3844.0,3818.0,3635.0,4562.285714285715,4553.321428571428,823.7666972077631,790.187462688738,0,1,0,1,0,0,1,0,0,0,0
2015-06-19,4780,4,19,6,2015,25,0,4018.0,4605.0,4646.0,4578.0,4587.142857142857,4567.0,800.7847044350676,776.9053996465653,0,0,0,0,0,0,0,0,0,0,0
2015-06-20,5506,5,20,6,2015,25,1,4780.0,5495.0,5710.0,5415.0,4612.142857142857,4574.214285714285,804.1596915562394,777.9485062051778,0,0,0,0,0,0,0,0,0,0,0
2015-06-21,4881,6,21,6,2015,25,1,5506.0,5844.0,5826.0,5412.0,4613.714285714285,4577.464285714285,806.1806485492285,781.7717997122855,0,1,0,1,1,0,0,0,0,0,0
2015-06-22,4263,0,22,6,2015,26,0,4881.0,4454.0,4475.0,4859.0,4476.142857142857,4558.5,622.4843849638494,767.0802507633088,0,0,0,0,0,0,0,0,0,0,0
2015-06-23,4259,1,23,6,2015,26,0,4263.0,3792.0,4145.0,3609.0,4448.857142857143,4537.214285714285,627.7803300973633,766.701948808576,0,0,0,0,0,0,0,0,0,0,0
2015-06-24,3851,2,24,6,2015,26,0,4259.0,3902.0,4210.0,3722.0,4515.571428571428,4560.428571428572,568.342284526645,747.1474854935634,0,0,0,0,0,0,0,0,0,0,0
2015-06-25,3862,3,25,6,2015,26,0,3851.0,4018.0,3844.0,3381.0,4508.285714285715,4565.035714285715,577.7674602253501,742.1671211487849,0,0,0,0,0,0,0,0,0,0,0
2015-06-26,4353,4,26,6,2015,26,0,3862.0,4780.0,4605.0,3803.0,4486.0,4582.214285714285,602.317745601671,718.9493546858247,0,0,0,0,0,0,0,0,0,0,0
2015-06-27,5328,5,27,6,2015,26,1,4353.0,5506.0,5495.0,5342.0,4425.0,4601.857142857143,589.0565903770855,704.2343209727622,0,0,0,0,0,0,0,0,0,0,0
2015-06-28,5776,6,28,6,2015,26,1,5328.0,4881.0,5844.0,5980.0,4399.571428571428,4601.357142857143,536.0733336472065,703.6941262227588,0,0,0,0,0,0,0,0,0,0,0
2015-06-29,3919,0,29,6,2015,27,0,5776.0,4263.0,4454.0,4702.0,4527.428571428572,4594.071428571428,738.5343271513967,689.8107592650846,0,0,0,0,0,0,0,0,0,0,0
2015-06-30,4018,1,30,6,2015,27,0,3919.0,4259.0,3792.0,4282.0,4478.285714285715,4566.107142857143,769.8436452262566,701.0528240933786,0,0,0,0,0,0,0,0,0,0,0
2015-07-01,4550,2,1,7,2015,27,0,4018.0,3851.0,3902.0,4007.0,4443.857142857143,4556.678571428572,786.4937864919772,706.7673436445106,1,0,0,0,0,0,0,0,0,0,0
2015-07-02,4889,3,2,7,2015,27,0,4550.0,3862.0,4018.0,3818.0,4543.714285714285,4576.071428571428,741.7795526717617,698.5278132043815,1,0,0,0,0,0,0,0,0,0,0
2015-07-03,6369,4,3,7,2015,27,0,4889.0,4353.0,4780.0,4646.0,4690.428571428572,4614.321428571428,683.7682007676069,684.6652630934047,1,0,0,0,0,0,0,0,0,0,0
2015-07-04,4434,5,4,7,2015,27,1,6369.0,5328.0,5506.0,5710.0,4978.428571428572,4675.857142857143,906.3084201203128,760.8125147102076,1,1,0,1,0,1,0,0,0,0,0
2015-07-05,5142,6,5,7,2015,27,1,4434.0,5776.0,4881.0,5826.0,4850.714285714285,4630.285714285715,911.8109662069546,734.3290642506007,1,0,0,0,0,0,0,0,0,0,0
2015-07-06,4915,0,6,7,2015,28,0,5142.0,3919.0,4263.0,4475.0,4760.142857142857,4605.857142857143,832.6330581497647,703.822037391164,1,0,0,0,0,0,0,0,0,0,0
2015-07-07,4410,1,7,7,2015,28,0,4915.0,4018.0,4259.0,4145.0,4902.428571428572,4621.571428571428,745.4763258353518,705.701617177374,1,0,0,0,0,0,0,0,0,0,0
2015-07-08,4030,2,8,7,2015,28,0,4410.0,4550.0,3851.0,4210.0,4958.428571428572,4631.035714285715,679.7952773060751,700.8337089253954,1,0,0,0,0,0,0,0,0,0,0
2015-07-09,4220,3,9,7,2015,28,0,4030.0,4889.0,3862.0,3844.0,4884.142857142857,4624.607142857143,756.0056059253125,705.6478158026697,1,0,0,0,0,0,0,0,0,0,0
2015-07-10,5132,4,10,7,2015,28,0,4220.0,6369.0,4353.0,4605.0,4788.571428571428,4638.035714285715,796.4914431728939,693.7194161235985,1,0,0,0,0,0,0,0,0,0,0
2015-07-11,5631,5,11,7,2015,28,1,5132.0,4434.0,5328.0,5495.0,4611.857142857143,4656.857142857143,448.6990188576583,699.9113549313888,0,0,0,0,0,0,0,0,0,0,0
2015-07-12,5919,6,12,7,2015,28,1,5631.0,5142.0,5776.0,5844.0,4782.857142857143,4661.714285714285,578.8374638219522,706.3851565668529,0,0,0,0,0,0,0,0,0,0,0
2015-07-13,4424,0,13,7,2015,29,0,5919.0,4915.0,3919.0,4454.0,4893.857142857143,4664.392857142857,717.1595425871658,711.1604152674514,0,0,0,0,0,0,0,0,0,0,0
2015-07-14,3805,1,14,7,2015,29,0,4424.0,4410.0,4018.0,3792.0,4823.714285714285,4663.321428571428,738.4426663110636,711.5116434627452,0,0,0,0,0,0,0,0,0,0,0
2015-07-15,3971,2,15,7,2015,29,0,3805.0,4030.0,4550.0,3902.0,4737.285714285715,4663.785714285715,825.2388975898173,710.9260188182678,0,0,0,0,0,0,0,0,0,0,0
2015-07-16,4097,3,16,7,2015,29,0,3971.0,4220.0,4889.0,4018.0,4728.857142857143,4666.25,833.9223442206683,708.3023849448103,0,0,0,0,0,0,0,0,0,0,0
2015-07-17,4598,4,17,7,2015,29,0,4097.0,5132.0,6369.0,4780.0,4711.285714285715,4669.071428571428,847.6148327878193,705.7773717063237,0,0,0,0,0,0,0,0,0,0,0
2015-07-18,5133,5,18,7,2015,29,1,4598.0,5631.0,4434.0,5506.0,4635.0,4662.571428571428,827.2244757823291,705.5559630044982,0,1,0,1,0,0,1,0,0,0,0
2015-07-19,5655,6,19,7,2015,29,1,5133.0,5919.0,5142.0,4881.0,4563.857142857143,4649.25,744.5760378836335,692.4409655275524,0,0,0,0,0,0,0,0,0,0,0
2015-07-20,4389,0,20,7,2015,30,0,5655.0,4424.0,4915.0,4263.0,4526.142857142857,4676.892857142857,667.1562606994626,717.0474615876551,0,0,0,0,0,0,0,0,0,0,0
2015-07-21,3796,1,21,7,2015,30,0,4389.0,3805.0,4410.0,4259.0,4521.142857142857,4681.392857142857,668.1797234705314,714.7454527097739,0,0,0,0,0,0,0,0,0,0,0
2015-07-22,4106,2,22,7,2015,30,0,3796.0,3971.0,4030.0,3851.0,4519.857142857143,4664.857142857143,669.7941048241285,730.070961253491,0,0,0,0,0,0,0,0,0,0,0
2015-07-23,3843,3,23,7,2015,30,0,4106.0,4097.0,4220.0,3862.0,4539.142857142857,4673.964285714285,653.0919865203953,721.0777161660943,0,0,0,0,0,0,0,0,0,0,0
2015-07-24,4391,4,24,7,2015,30,0,3843.0,4598.0,5132.0,4353.0,4502.857142857143,4673.285714285715,687.8811497566192,721.8786117892106,0,0,0,0,0,0,0,0,0,0,0
2015-07-25,4611,5,25,7,2015,30,1,4391.0,5133.0,5631.0,5328.0,4473.285714285715,4674.642857142857,687.5586555065074,721.289648209195,0,0,0,0,0,0,0,0,0,0,0
2015-07-26,5254,6,26,7,2015,30,1,4611.0,5655.0,5919.0,5776.0,4398.714285714285,4649.035714285715,629.9784954757694,709.8722097904612,0,0,0,0,0,0,0,0,0,0,0
2015-07-27,4739,0,27,7,2015,31,0,5254.0,4389.0,4424.0,3919.0,4341.428571428572,4630.392857142857,501.917276432043,685.6195543305427,0,0,0,0,0,0,0,0,0,0,0
2015-07-28,3951,1,28,7,2015,31,0,4739.0,3796.0,3805.0,4018.0,4391.428571428572,4659.678571428572,524.3767275356156,671.4744447066976,0,0,0,0,0,0,0,0,0,0,0
2015-07-29,3632,2,29,7,2015,31,0,3951.0,4106.0,3971.0,4550.0,4413.571428571428,4657.285714285715,497.6336862736437,673.9605910636513,0,0,0,0,0,0,0,0,0,0,0
2015-07-30,4072,3,30,7,2015,31,0,3632.0,3843.0,4097.0,4889.0,4345.857142857143,4624.5,573.0027424516837,701.1530450569129,0,0,0,0,0,0,0,0,0,0,0
2015-07-31,4865,4,31,7,2015,31,0,4072.0,4391.0,4598.0,6369.0,4378.571428571428,4595.321428571428,545.3796405999778,706.7158815971075,0,0,0,0,0,0,0,0,0,0,0
2015-08-01,5877,5,1,8,2015,31,1,4865.0,4611.0,5133.0,4434.0,4446.285714285715,4541.607142857143,575.7597051680922,618.5731095019671,1,0,0,0,0,0,0,0,0,0,0
2015-08-02,6768,6,2,8,2015,31,1,5877.0,5254.0,5655.0,5142.0,4627.142857142857,4593.142857142857,793.7088946986951,667.4554064330509,1,0,0,0,0,0,0,0,0,0,0
2015-08-03,5326,0,3,8,2015,32,0,6768.0,4739.0,4389.0,4915.0,4843.428571428572,4651.214285714285,1128.6205233444523,778.4777813686428,1,0,0,0,0,0,0,0,0,0,0
2015-08-04,4418,1,4,8,2015,32,0,5326.0,3951.0,3796.0,4410.0,4927.285714285715,4665.892857142857,1141.3041829833355,787.4587979479286,1,0,0,0,0,0,0,0,0,0,0
2015-08-05,4202,2,5,8,2015,32,0,4418.0,3632.0,4106.0,4030.0,4994.0,4666.178571428572,1087.085859841204,787.3639590229171,1,0,0,0,0,0,0,0,0,0,0
2015-08-06,4332,3,6,8,2015,32,0,4202.0,4072.0,3843.0,4220.0,5075.428571428572,4672.321428571428,984.5760267145332,782.8749511597795,1,0,0,0,0,0,0,0,0,0,0
2015-08-07,4782,4,7,8,2015,32,0,4332.0,4865.0,4391.0,5132.0,5112.571428571428,4676.321428571428,944.5016070469712,780.7615491049969,1,0,0,0,0,0,0,0,0,0,0
2015-08-08,6020,5,8,8,2015,32,1,4782.0,5877.0,4611.0,5631.0,5100.714285714285,4663.821428571428,948.6395020037538,775.9830588820518,1,0,0,0,0,0,0,0,0,0,0
2015-08-09,6252,6,9,8,2015,32,1,6020.0,6768.0,5254.0,5919.0,5121.142857142857,4677.714285714285,969.4540437056148,797.1343052015063,1,0,0,0,0,0,0,0,0,0,0
2015-08-10,4720,0,10,8,2015,33,0,6252.0,5326.0,4739.0,4424.0,5047.428571428572,4689.607142857143,833.4376315683794,818.5363784890935,1,0,0,0,0,0,0,0,0,0,0
2015-08-11,4147,1,11,8,2015,33,0,4720.0,4418.0,3951.0,3805.0,4960.857142857143,4700.178571428572,831.1492903547265,816.8887704133903,0,0,0,0,0,0,0,0,0,0,0
2015-08-12,4074,2,12,8,2015,33,0,4147.0,4202.0,3632.0,3971.0,4922.142857142857,4712.392857142857,866.220993467505,805.4853765270534,0,0,0,0,0,0,0,0,0,0,0
2015-08-13,3671,3,13,8,2015,33,0,4074.0,4332.0,4072.0,4097.0,4903.857142857143,4716.071428571428,885.1019580762985,802.202612652202,0,0,0,0,0,0,0,0,0,0,0
2015-08-14,4419,4,14,8,2015,33,0,3671.0,4782.0,4865.0,4598.0,4809.428571428572,4700.857142857143,985.8103024319496,818.2575757776078,0,0,0,0,0,0,0,0,0,0,0
2015-08-15,5408,5,15,8,2015,33,1,4419.0,6020.0,5877.0,5133.0,4757.571428571428,4694.464285714285,996.9779096755208,819.7887479526837,0,0,0,0,0,0,0,0,0,0,0
2015-08-16,6154,6,16,8,2015,33,1,5408.0,6252.0,6768.0,5655.0,4670.142857142857,4704.285714285715,888.7833310339629,826.8540494232378,0,0,0,0,0,0,0,0,0,0,0
2015-08-17,4760,0,17,8,2015,34,0,6154.0,4720.0,5326.0,4389.0,4656.142857142857,4722.107142857143,860.0196564752613,853.0660753048182,0,0,0,0,0,0,0,0,0,0,0
2015-08-18,3796,1,18,8,2015,34,0,4760.0,4147.0,4418.0,3796.0,4661.857142857143,4735.357142857143,860.6473200584701,850.5781569369082,0,0,0,0,0,0,0,0,0,0,0
2015-08-19,3868,2,19,8,2015,34,0,3796.0,4074.0,4202.0,4106.0,4611.714285714285,4735.357142857143,904.7387678746028,850.5781569369082,0,0,0,0,0,0,0,0,0,0,0
2015-08-20,3876,3,20,8,2015,34,0,3868.0,3671.0,4332.0,3843.0,4582.285714285715,4726.857142857143,928.1904822979964,858.2549355474288,0,0,0,0,0,0,0,0,0,0,0
2015-08-21,4198,4,21,8,2015,34,0,3876.0,4419.0,4782.0,4391.0,4611.571428571428,4728.035714285715,897.3683482165885,857.0180205609006,0,0,0,0,0,0,0,0,0,0,0
2015-08-22,5122,5,22,8,2015,34,1,4198.0,5408.0,6020.0,4611.0,4580.0,4721.142857142857,909.0837878509049,860.5977988750368,0,0,0,0,0,0,0,0,0,0,0
2015-08-23,6222,6,23,8,2015,34,1,5122.0,6154.0,6252.0,5254.0,4539.142857142857,4739.392857142857,871.3107804856377,863.5885654161053,0,0,0,0,0,0,0,0,0,0,0
2015-08-24,3888,0,24,8,2015,35,0,6222.0,4760.0,4720.0,4739.0,4548.857142857143,4773.964285714285,892.438499948591,903.4099796160252,0,0,0,0,0,0,0,0,0,0,0
2015-08-25,3364,1,25,8,2015,35,0,3888.0,3796.0,4147.0,3951.0,4424.285714285715,4743.571428571428,918.5317476432614,918.813342127738,0,0,0,0,0,0,0,0,0,0,0
2015-08-26,3558,2,26,8,2015,35,0,3364.0,3868.0,4074.0,3632.0,4362.571428571428,4722.607142857143,980.2215493011248,943.920639291466,0,0,0,0,0,0,0,0,0,0,0
2015-08-27,3544,3,27,8,2015,35,0,3558.0,3876.0,3671.0,4072.0,4318.285714285715,4719.964285714285,1012.7529666352906,947.1852445884724,0,0,0,0,0,0,0,0,0,0,0
2015-08-28,4001,4,28,8,2015,35,0,3544.0,4198.0,4419.0,4865.0,4270.857142857143,4701.107142857143,1044.2035926279666,965.6391987534988,0,0,0,0,0,0,0,0,0,0,0
2015-08-29,5368,5,29,8,2015,35,1,4001.0,5122.0,5408.0,5877.0,4242.714285714285,4670.25,1049.137536945743,973.9766376770688,0,0,0,0,0,0,0,0,0,0,0
2015-08-30,5869,6,30,8,2015,35,1,5368.0,6222.0,6154.0,6768.0,4277.857142857143,4652.071428571428,1086.9388864407936,955.1881695003487,0,0,0,0,0,0,0,0,0,0,0
2015-08-31,4164,0,31,8,2015,36,0,5869.0,3888.0,4760.0,5326.0,4227.428571428572,4619.964285714285,985.1277171248548,894.6192437399443,0,0,0,0,0,0,0,0,0,0,0
2015-09-01,3983,1,1,9,2015,36,0,4164.0,3364.0,3796.0,4418.0,4266.857142857143,4578.464285714285,974.7468780101252,887.5782900113433,1,0,0,0,0,0,0,0,0,0,0
2015-09-02,3785,2,2,9,2015,36,0,3983.0,3558.0,3868.0,4202.0,4355.285714285715,4562.928571428572,904.7536891857636,894.2727617940524,1,0,0,0,0,0,0,0,0,0,0
2015-09-03,4327,3,3,9,2015,36,0,3785.0,3544.0,3876.0,4332.0,4387.714285714285,4548.035714285715,874.9928979303678,903.926311407637,1,0,0,0,0,0,0,0,0,0,0
2015-09-04,4728,4,4,9,2015,36,0,4327.0,4001.0,4198.0,4782.0,4499.571428571428,4547.857142857143,795.6049809511624,903.9710628884492,1,0,0,0,0,0,0,0,0,0,0
2015-09-05,5757,5,5,9,2015,36,1,4728.0,5368.0,5122.0,6020.0,4603.428571428572,4545.928571428572,766.5969947638511,903.5105168000224,1,0,0,0,0,0,0,0,0,0,0
2015-09-06,5476,6,6,9,2015,36,1,5757.0,5869.0,6222.0,6252.0,4659.0,4536.535714285715,841.681452015359,888.8669642633369,1,0,0,0,0,0,0,0,0,0,0
2015-09-07,5636,0,7,9,2015,37,0,5476.0,4164.0,3888.0,4720.0,4602.857142857143,4508.821428571428,756.2947900943288,844.383406576407,1,1,0,1,0,1,0,0,0,0,0
2015-09-08,4106,1,8,9,2015,37,0,5636.0,3983.0,3364.0,4147.0,4813.142857142857,4541.535714285715,816.2045145206123,870.2174901475607,1,0,0,0,0,0,0,0,0,0,0
2015-09-09,3813,2,9,9,2015,37,0,4106.0,3785.0,3558.0,4074.0,4830.714285714285,4540.071428571428,796.4390987986824,870.9401445849912,1,0,0,0,0,0,0,0,0,0,0
2015-09-10,3845,3,10,9,2015,37,0,3813.0,4327.0,3544.0,3671.0,4834.714285714285,4530.75,790.3589299142873,877.4852378203195,1,0,0,0,0,0,0,0,0,0,0
2015-09-11,4380,4,11,9,2015,37,0,3845.0,4728.0,4001.0,4419.0,4765.857142857143,4536.964285714285,859.9006587142269,871.7685507545258,0,0,0,0,0,0,0,0,0,0,0
2015-09-12,5467,5,12,9,2015,37,1,4380.0,5757.0,5368.0,5408.0,4716.142857142857,4535.571428571428,872.4225712675942,871.9951337177883,0,0,0,0,0,0,0,0,0,0,0
2015-09-13,6052,6,13,9,2015,37,1,5467.0,5476.0,5869.0,6154.0,4674.714285714285,4537.678571428572,820.0727029326456,874.2497758849646,0,0,0,0,0,0,0,0,0,0,0
2015-09-14,4133,0,14,9,2015,38,0,6052.0,5636.0,4164.0,4760.0,4757.0,4534.035714285715,934.7527302269222,867.4514601487947,0,0,0,0,0,0,0,0,0,0,0
2015-09-15,3928,1,15,9,2015,38,0,4133.0,4106.0,3983.0,3796.0,4542.285714285715,4511.642857142857,869.5396702251447,869.4927092440523,0,0,0,0,0,0,0,0,0,0,0
2015-09-16,3405,2,16,9,2015,38,0,3928.0,3813.0,3785.0,3868.0,4516.857142857143,4516.357142857143,886.8550104294526,865.8189535448222,0,0,0,0,0,0,0,0,0,0,0
2015-09-17,3773,3,17,9,2015,38,0,3405.0,3845.0,4327.0,3876.0,4458.571428571428,4499.821428571428,951.8492277566688,882.9126484024258,0,0,0,0,0,0,0,0,0,0,0
2015-09-18,4675,4,18,9,2015,38,0,3773.0,4380.0,4728.0,4198.0,4448.285714285715,4496.142857142857,959.9391845816338,885.8177939176629,0,0,0,0,0,0,0,0,0,0,0
2015-09-19,5627,5,19,9,2015,38,1,4675.0,5467.0,5757.0,5122.0,4490.428571428572,4513.178571428572,962.9125708223116,884.4573583746475,0,0,0,0,0,0,0,0,0,0,0
2015-09-20,6123,6,20,9,2015,38,1,5627.0,6052.0,5476.0,6222.0,4513.285714285715,4531.214285714285,991.4340983790028,902.3011059032768,0,0,0,0,0,0,0,0,0,0,0
2015-09-21,4425,0,21,9,2015,39,0,6123.0,4133.0,5636.0,3888.0,4523.428571428572,4527.678571428572,1009.9890852781368,895.5993670109792,0,0,0,0,0,0,0,0,0,0,0
2015-09-22,3912,1,22,9,2015,39,0,4425.0,3928.0,4106.0,3364.0,4565.142857142857,4546.857142857143,997.1242698499644,887.103222282569,0,0,0,0,0,0,0,0,0,0,0
2015-09-23,3656,2,23,9,2015,39,0,3912.0,3405.0,3813.0,3558.0,4562.857142857143,4566.428571428572,998.8450711649388,865.8302557349342,0,0,0,0,0,0,0,0,0,0,0
2015-09-24,3430,3,24,9,2015,39,0,3656.0,3773.0,3845.0,3544.0,4598.714285714285,4569.928571428572,953.8435780716812,861.7914987406043,0,1,0,1,0,0,1,0,0,0,0
2015-09-25,4515,4,25,9,2015,39,0,3430.0,4675.0,4380.0,4001.0,4549.714285714285,4565.857142857143,1010.4609037935378,867.0710045804304,0,0,0,0,0,0,0,0,0,0,0
2015-09-26,5421,5,26,9,2015,39,1,4515.0,5627.0,5467.0,5368.0,4526.857142857143,4584.214285714285,1008.963069785258,860.0821389345759,0,0,0,0,0,0,0,0,0,0,0
2015-09-27,5838,6,27,9,2015,39,1,5421.0,6123.0,6052.0,5869.0,4497.428571428572,4586.107142857143,973.9227993263293,861.9273123639437,0,0,0,0,0,0,0,0,0,0,0
2015-09-28,4053,0,28,9,2015,40,0,5838.0,4425.0,4133.0,4164.0,4456.714285714285,4585.0,897.6078791777167,860.2366599437044,0,0,0,0,0,0,0,0,0,0,0
2015-09-29,3293,1,29,9,2015,40,0,4053.0,3912.0,3928.0,3983.0,4403.571428571428,4581.035714285715,910.7148944909334,862.5014216689395,0,0,0,0,0,0,0,0,0,0,0
2015-09-30,3377,2,30,9,2015,40,0,3293.0,3656.0,3405.0,3785.0,4315.142857142857,4556.392857142857,992.7570076259788,889.6507987130589,0,0,0,0,0,0,0,0,0,0,0
2015-10-01,3941,3,1,10,2015,40,0,3377.0,3430.0,3773.0,4327.0,4275.285714285715,4541.821428571428,1028.5849040122628,905.945303457738,1,0,0,0,0,0,0,0,0,0,0
2015-10-02,5145,4,2,10,2015,40,0,3941.0,4515.0,4675.0,4728.0,4348.285714285715,4528.035714285715,975.3509990913956,912.2502289167816,1,0,0,0,0,0,0,0,0,0,0
2015-10-03,6433,5,3,10,2015,40,1,5145.0,5421.0,5627.0,5757.0,4438.285714285715,4542.928571428572,1021.2832963622704,919.0144047785466,1,0,0,0,0,0,0,0,0,0,0
2015-10-04,6668,6,4,10,2015,40,1,6433.0,5838.0,6123.0,5476.0,4582.857142857143,4567.071428571428,1233.2186111380086,960.0528893058652,1,0,0,0,0,0,0,0,0,0,0
2015-10-05,4847,0,5,10,2015,41,0,6668.0,4053.0,4425.0,5636.0,4701.428571428572,4609.642857142857,1402.3190147208431,1026.0125338302205,1,0,0,0,0,0,0,0,0,0,0
2015-10-06,4138,1,6,10,2015,41,0,4847.0,3293.0,3912.0,4106.0,4814.857142857143,4581.464285714285,1372.9324368629707,1007.4471397636596,1,0,0,0,0,0,0,0,0,0,0
2015-10-07,3956,2,7,10,2015,41,0,4138.0,3377.0,3656.0,3813.0,4935.571428571428,4582.607142857143,1248.315112080135,1006.9057971784272,1,0,0,0,0,0,0,0,0,0,0
2015-10-08,3992,3,8,10,2015,41,0,3956.0,3941.0,3430.0,3845.0,5018.285714285715,4587.714285714285,1142.531358327607,1003.2135719274636,1,0,0,0,0,0,0,0,0,0,0
2015-10-09,4748,4,9,10,2015,41,0,3992.0,5145.0,4515.0,4380.0,5025.571428571428,4592.964285714285,1134.6522017991422,999.5608473555408,1,0,0,0,0,0,0,0,0,0,0
2015-10-10,5923,5,10,10,2015,41,1,4748.0,6433.0,5421.0,5467.0,4968.857142857143,4606.107142857143,1137.6057355357482,999.0761784355832,1,0,0,0,0,0,0,0,0,0,0
2015-10-11,6025,6,11,10,2015,41,1,5923.0,6668.0,5838.0,6052.0,4896.0,4622.392857142857,1040.3843840940167,1017.1816669851964,0,0,0,0,0,0,0,0,0,0,0
2015-10-12,4880,0,12,10,2015,42,0,6025.0,4847.0,4053.0,4133.0,4804.142857142857,4621.428571428572,872.7342910973309,1015.788051258408,0,1,0,1,0,1,0,0,0,0,0
2015-10-13,3977,1,13,10,2015,42,0,4880.0,4138.0,3293.0,3928.0,4808.857142857143,4648.107142857143,873.093433062671,1012.2884356664932,0,0,0,0,0,0,0,0,0,0,0
2015-10-14,3665,2,14,10,2015,42,0,3977.0,3956.0,3377.0,3405.0,4785.857142857143,4649.857142857143,895.5433041030607,1011.039022373466,0,0,0,0,0,0,0,0,0,0,0
2015-10-15,3611,3,15,10,2015,42,0,3665.0,3992.0,3941.0,3773.0,4744.285714285715,4659.142857142857,945.8283343690094,1000.3195309605592,0,0,0,0,0,0,0,0,0,0,0
2015-10-16,4122,4,16,10,2015,42,0,3611.0,4748.0,5145.0,4675.0,4689.857142857143,4653.357142857143,1005.419718089826,1006.0865589108884,0,0,0,0,0,0,0,0,0,0,0
2015-10-17,5582,5,17,10,2015,42,1,4122.0,5923.0,6433.0,5627.0,4600.428571428572,4633.607142857143,1026.9949459698587,1011.0615008324654,0,0,0,0,0,0,0,0,0,0,0
2015-10-18,6214,6,18,10,2015,42,1,5582.0,6025.0,6668.0,6123.0,4551.714285714285,4632.0,959.6863574949464,1009.4584540090588,0,0,0,0,0,0,0,0,0,0,0
2015-10-19,4094,0,19,10,2015,43,0,6214.0,4880.0,4847.0,4425.0,4578.714285714285,4635.25,1009.4146347076202,1014.5701379474972,0,0,0,0,0,0,0,0,0,0,0
2015-10-20,3717,1,20,10,2015,43,0,4094.0,3977.0,4138.0,3912.0,4466.428571428572,4623.428571428572,1014.0205220051666,1019.029183188816,0,0,0,0,0,0,0,0,0,0,0
2015-10-21,3717,2,21,10,2015,43,0,3717.0,3665.0,3956.0,3656.0,4429.285714285715,4616.464285714285,1039.3805389566978,1024.7217682770977,0,0,0,0,0,0,0,0,0,0,0
2015-10-22,3211,3,22,10,2015,43,0,3717.0,3611.0,3992.0,3430.0,4436.714285714285,4618.642857142857,1033.1749955494386,1022.6669641563224,0,0,0,0,0,0,0,0,0,0,0
2015-10-23,4076,4,23,10,2015,43,0,3211.0,4122.0,4748.0,4515.0,4379.571428571428,4610.821428571428,1095.6290213301957,1032.8809423187556,0,0,0,0,0,0,0,0,0,0,0
2015-10-24,5164,5,24,10,2015,43,1,4076.0,5582.0,5923.0,5421.0,4373.0,4595.142857142857,1097.5676137107346,1037.7099328626928,0,0,0,0,0,0,0,0,0,0,0
2015-10-25,6013,6,25,10,2015,43,1,5164.0,6214.0,6025.0,5838.0,4313.285714285715,4585.964285714285,1030.1268068035347,1031.2511452615042,0,0,0,0,0,0,0,0,0,0,0
2015-10-26,3953,0,26,10,2015,44,0,6013.0,4094.0,4880.0,4053.0,4284.571428571428,4592.214285714285,969.3219033845054,1039.616644343364,0,0,0,0,0,0,0,0,0,0,0
2015-10-27,3658,1,27,10,2015,44,0,3953.0,3717.0,3977.0,3293.0,4264.428571428572,4588.642857142857,975.3881034649544,1041.707295715586,0,0,0,0,0,0,0,0,0,0,0
2015-10-28,3400,2,28,10,2015,44,0,3658.0,3717.0,3665.0,3377.0,4256.0,4601.678571428572,981.1449094467856,1027.0743798508563,0,0,0,0,0,0,0,0,0,0,0
2015-10-29,3380,3,29,10,2015,44,0,3400.0,3211.0,3611.0,3941.0,4210.714285714285,4602.5,1016.835895361314,1026.0673394983269,0,0,0,0,0,0,0,0,0,0,0
2015-10-30,4523,4,30,10,2015,44,0,3380.0,4076.0,4122.0,5145.0,4234.857142857143,4582.464285714285,990.8169068284768,1044.7694582535712,0,0,0,0,0,0,0,0,0,0,0
2015-10-31,5214,5,31,10,2015,44,1,4523.0,5164.0,5582.0,6433.0,4298.714285714285,4560.25,993.2736639157308,1038.9620755563865,0,1,0,1,1,0,0,0,0,0,0
2015-11-01,5260,6,1,11,2015,44,1,5214.0,6013.0,6214.0,6668.0,4305.857142857143,4516.714285714285,1000.685336585458,981.5344320347768,1,0,0,0,0,0,0,0,0,0,0
2015-11-02,4173,0,2,11,2015,45,0,5260.0,3953.0,4094.0,4847.0,4198.285714285715,4466.428571428572,808.6282034585355,899.9116593916239,1,0,0,0,0,0,0,0,0,0,0
2015-11-03,4103,1,3,11,2015,45,0,4173.0,3658.0,3717.0,4138.0,4229.714285714285,4442.357142857143,801.7519804124252,898.3678292401995,1,0,0,0,0,0,0,0,0,0,0
2015-11-04,3622,2,4,11,2015,45,0,4103.0,3400.0,3717.0,3956.0,4293.285714285715,4441.107142857143,765.6965705129197,898.831230369652,1,0,0,0,0,0,0,0,0,0,0
2015-11-05,3541,3,5,11,2015,45,0,3622.0,3380.0,3211.0,3992.0,4325.0,4429.178571428572,726.1051347199493,907.6803587154872,1,0,0,0,0,0,0,0,0,0,0
2015-11-06,4284,4,6,11,2015,45,0,3541.0,4523.0,4076.0,4748.0,4348.0,4413.071428571428,692.9766710840099,919.6482793285428,1,0,0,0,0,0,0,0,0,0,0
2015-11-07,5414,5,7,11,2015,45,1,4284.0,5214.0,5164.0,5923.0,4313.857142857143,4396.5,688.7925252622531,917.567698582221,1,0,0,0,0,0,0,0,0,0,0
2015-11-08,5599,6,8,11,2015,45,1,5414.0,5260.0,6013.0,6025.0,4342.428571428572,4378.321428571428,734.9550682735384,890.858389776351,1,0,0,0,0,0,0,0,0,0,0
2015-11-09,3828,0,9,11,2015,46,0,5599.0,4173.0,3953.0,4880.0,4390.857142857143,4363.107142857143,812.5649571103957,864.9555475319768,1,0,0,0,0,0,0,0,0,0,0
2015-11-10,3928,1,10,11,2015,46,0,3828.0,4103.0,3658.0,3977.0,4341.571428571428,4325.535714285715,838.044719797793,864.5194547065616,1,0,0,0,0,0,0,0,0,0,0
2015-11-11,3702,2,11,11,2015,46,0,3928.0,3622.0,3400.0,3665.0,4316.571428571428,4323.785714285715,848.8878718933543,865.3003485043133,0,1,0,1,0,1,0,0,0,0,0
2015-11-12,2984,3,12,11,2015,46,0,3702.0,3541.0,3380.0,3611.0,4328.0,4325.107142857143,838.4527416616925,864.2846898633968,0,0,0,0,0,0,0,0,0,0,0
2015-11-13,3652,4,13,11,2015,46,0,2984.0,4284.0,4523.0,4122.0,4248.428571428572,4302.714285714285,945.2216419342928,891.1759961335636,0,0,0,0,0,0,0,0,0,0,0
2015-11-14,4954,5,14,11,2015,46,1,3652.0,5414.0,5214.0,5582.0,4158.142857142857,4285.928571428572,971.0874366007504,899.0970338013965,0,0,0,0,0,0,0,0,0,0,0
2015-11-15,5817,6,15,11,2015,46,1,4954.0,5599.0,5260.0,6214.0,4092.428571428572,4263.5,883.5579319137059,873.0230789024366,0,0,0,0,0,0,0,0,0,0,0
2015-11-16,3592,0,16,11,2015,47,0,5817.0,3828.0,4173.0,4094.0,4123.571428571428,4249.321428571428,947.0698420466634,842.875459961485,0,0,0,0,0,0,0,0,0,0,0
2015-11-17,3503,1,17,11,2015,47,0,3592.0,3928.0,4103.0,3717.0,4089.857142857143,4231.392857142857,963.4051464417666,851.5954673124346,0,0,0,0,0,0,0,0,0,0,0
2015-11-18,3463,2,18,11,2015,47,0,3503.0,3702.0,3622.0,3717.0,4029.142857142857,4223.75,988.3738207398122,857.3240290232945,0,0,0,0,0,0,0,0,0,0,0
2015-11-19,3359,3,19,11,2015,47,0,3463.0,2984.0,3541.0,3211.0,3995.0,4214.678571428572,1005.537335623764,864.2008105789331,0,0,0,0,0,0,0,0,0,0,0
2015-11-20,4037,4,20,11,2015,47,0,3359.0,3652.0,4284.0,4076.0,4048.571428571429,4219.964285714285,951.2200686737136,858.2668790733333,0,0,0,0,0,0,0,0,0,0,0
2015-11-21,5115,5,21,11,2015,47,1,4037.0,4954.0,5414.0,5164.0,4103.571428571428,4218.571428571428,935.4684846184244,858.5407701258268,0,0,0,0,0,0,0,0,0,0,0
2015-11-22,5614,6,22,11,2015,47,1,5115.0,5817.0,5599.0,6013.0,4126.571428571428,4216.821428571428,961.4800842352164,856.5900118567181,0,0,0,0,0,0,0,0,0,0,0
2015-11-23,4607,0,23,11,2015,48,0,5614.0,3592.0,3828.0,3953.0,4097.571428571428,4202.571428571428,903.2968978770444,828.4594998291328,0,0,0,0,0,0,0,0,0,0,0
2015-11-24,3942,1,24,11,2015,48,0,4607.0,3503.0,3928.0,3658.0,4242.571428571428,4225.928571428572,889.9823700768611,830.3796511712935,0,0,0,0,0,0,0,0,0,0,0
2015-11-25,4438,2,25,11,2015,48,0,3942.0,3463.0,3702.0,3400.0,4305.285714285715,4236.071428571428,843.4312290253704,824.9020560747779,0,0,0,0,0,0,0,0,0,0,0
2015-11-26,2160,3,26,11,2015,48,0,4438.0,3359.0,2984.0,3380.0,4444.571428571428,4273.142857142857,757.2561999620492,809.1099689158051,0,1,0,1,0,1,0,0,0,0,0
2015-11-27,2696,4,27,11,2015,48,0,2160.0,4037.0,3652.0,4523.0,4273.285714285715,4229.571428571428,1101.2153459225162,887.9919681223075,0,0,0,0,0,0,0,0,0,0,0
2015-11-28,3812,5,28,11,2015,48,1,2696.0,5115.0,4954.0,5214.0,4081.714285714286,4164.321428571428,1255.0666269546189,931.6817153851754,0,0,0,0,0,0,0,0,0,0,0
2015-11-29,4585,6,29,11,2015,48,1,3812.0,5614.0,5817.0,5260.0,3895.571428571429,4114.25,1170.019637604838,910.6151207552743,0,0,0,0,0,0,0,0,0,0,0
2015-11-30,3806,0,30,11,2015,49,0,4585.0,4607.0,3592.0,4173.0,3748.571428571429,4090.142857142857,964.7735238805813,887.8089431722991,0,0,0,0,0,0,0,0,0,0,0
2015-12-01,3879,1,1,12,2015,49,0,3806.0,3942.0,3503.0,4103.0,3634.142857142857,4077.035714285714,890.6429192015225,889.2483085352479,1,0,0,0,0,0,0,0,0,0,0
2015-12-02,3673,2,2,12,2015,49,0,3879.0,4438.0,3463.0,3622.0,3625.142857142857,4069.035714285714,887.325650211809,890.013336651752,1,0,0,0,0,0,0,0,0,0,0
2015-12-03,3691,3,3,12,2015,49,0,3673.0,2160.0,3359.0,3541.0,3515.8571428571427,4070.857142857143,814.6605486482136,889.1163201110562,1,0,0,0,0,0,0,0,0,0,0
2015-12-04,4084,4,4,12,2015,49,0,3691.0,2696.0,4037.0,4284.0,3734.571428571429,4076.214285714286,553.7005379393154,886.2528423249745,1,0,0,0,0,0,0,0,0,0,0
2015-12-05,5286,5,5,12,2015,49,1,4084.0,3812.0,5115.0,5414.0,3932.857142857143,4069.071428571429,318.26478942930544,885.321616746909,1,0,0,0,0,0,0,0,0,0,0
2015-12-06,5352,6,6,12,2015,49,1,5286.0,4585.0,5614.0,5599.0,4143.428571428572,4064.5,593.543274789316,878.4233561288021,1,0,0,0,0,0,0,0,0,0,0
2015-12-07,4020,0,7,12,2015,50,0,5352.0,3806.0,4607.0,3828.0,4253.0,4055.678571428572,741.1005329913128,863.557073263293,1,0,0,0,0,0,0,0,0,0,0
2015-12-08,3560,1,8,12,2015,50,0,4020.0,3879.0,3942.0,3928.0,4283.571428571428,4062.535714285714,723.7998934196481,862.443792356082,1,0,0,0,0,0,0,0,0,0,0
2015-12-09,3417,2,9,12,2015,50,0,3560.0,3673.0,4438.0,3702.0,4238.0,4049.392857142857,762.5240979798657,867.359908179676,1,0,0,0,0,0,0,0,0,0,0
2015-12-10,3347,3,10,12,2015,50,0,3417.0,3691.0,2160.0,2984.0,4201.428571428572,4039.214285714286,799.3864015903863,873.2399168504313,1,0,0,0,0,0,0,0,0,0,0
2015-12-11,3733,4,11,12,2015,50,0,3347.0,4084.0,2696.0,3652.0,4152.285714285715,4052.178571428572,845.2531601608547,859.5815542534018,0,0,0,0,0,0,0,0,0,0,0
2015-12-12,5130,5,12,12,2015,50,1,3733.0,5286.0,3812.0,4954.0,4102.142857142857,4055.071428571429,860.2572151342192,858.3202772932107,0,0,0,0,0,0,0,0,0,0,0
2015-12-13,5080,6,13,12,2015,50,1,5130.0,5352.0,4585.0,5817.0,4079.857142857143,4061.357142857143,825.8077719363521,865.7594060744271,0,0,0,0,0,0,0,0,0,0,0
2015-12-14,3989,0,14,12,2015,51,0,5080.0,4020.0,3806.0,3592.0,4041.0,4035.035714285714,759.7280215094559,820.4225416365598,0,1,0,1,0,0,1,0,0,0,0
2015-12-15,3567,1,15,12,2015,51,0,3989.0,3560.0,3879.0,3503.0,4036.571428571429,4049.214285714286,759.9611518893304,815.9004277094746,0,0,0,0,0,0,0,0,0,0,0
2015-12-16,3545,2,16,12,2015,51,0,3567.0,3417.0,3673.0,3463.0,4037.571428571429,4051.5,759.2337929656172,814.4018254727386,0,0,0,0,0,0,0,0,0,0,0
2015-12-17,3791,3,17,12,2015,51,0,3545.0,3347.0,3691.0,3359.0,4055.857142857143,4054.428571428572,743.1680896834949,812.3520687472145,0,0,0,0,0,0,0,0,0,0,0
2015-12-18,3843,4,18,12,2015,51,0,3791.0,3733.0,4084.0,4037.0,4119.285714285715,4069.857142857143,689.6015067379454,802.7000138092111,0,0,0,0,0,0,0,0,0,0,0
2015-12-19,5317,5,19,12,2015,51,1,3843.0,5130.0,5286.0,5115.0,4135.0,4062.928571428572,680.5255322175699,803.8305943036878,0,0,0,0,0,0,0,0,0,0,0
2015-12-20,5069,6,20,12,2015,51,1,5317.0,5080.0,5352.0,5614.0,4161.714285714285,4070.142857142857,728.1018047603269,814.4587257025438,0,0,0,0,0,0,0,0,0,0,0
2015-12-21,4451,0,21,12,2015,52,0,5069.0,3989.0,4020.0,4607.0,4160.142857142857,4050.678571428572,725.7978204641312,782.0645541969106,0,0,0,0,0,0,0,0,0,0,0
2015-12-22,4224,1,22,12,2015,52,0,4451.0,3567.0,3560.0,3942.0,4226.142857142857,4045.107142857143,728.641527906888,778.5020915924069,0,0,0,0,0,0,0,0,0,0,0
2015-12-23,4300,2,23,12,2015,52,0,4224.0,3545.0,3417.0,4438.0,4320.0,4055.178571428572,669.500062235503,778.9427808382984,0,0,0,0,0,0,0,0,0,0,0
2015-12-24,3803,3,24,12,2015,52,0,4300.0,3791.0,3347.0,2160.0,4427.857142857143,4050.25,578.4641817120746,776.864668370855,0,0,0,0,0,0,0,0,0,0,0
2015-12-25,0,4,25,12,2015,52,0,3803.0,3843.0,3733.0,2696.0,4429.571428571428,4108.928571428572,576.2759342372045,685.475878418909,0,1,0,1,0,1,0,0,0,0,1
2015-12-26,4137,5,26,12,2015,52,1,0.0,5317.0,5130.0,3812.0,3880.571428571429,4012.642857142857,1786.9804006706272,1005.7984561489098,0,0,0,0,0,0,0,0,0,0,0
2015-12-27,4010,6,27,12,2015,52,1,4137.0,5069.0,5080.0,4585.0,3712.0,4024.25,1681.4333171434423,1005.2723833940782,0,0,0,0,0,0,0,0,0,0,0
2015-12-28,3867,0,28,12,2015,53,0,4010.0,4451.0,3989.0,3806.0,3560.714285714286,4003.714285714286,1583.79562173551,999.2481194542224,0,0,0,0,0,0,0,0,0,0,0
2015-12-29,3884,1,29,12,2015,53,0,3867.0,4224.0,3567.0,3879.0,3477.285714285714,4005.892857142857,1543.9630516181087,998.8675194581948,0,0,0,0,0,0,0,0,0,0,0
2015-12-30,3613,2,30,12,2015,53,0,3884.0,4300.0,3545.0,3673.0,3428.714285714286,4006.071428571429,1521.745238674519,998.8444408070824,0,0,0,0,0,0,0,0,0,0,0
2015-12-31,3994,3,31,12,2015,53,0,3613.0,3803.0,3791.0,3691.0,3330.5714285714284,4003.928571428572,1477.7037205455908,999.6494914819402,0,0,0,0,0,0,0,0,0,0,0
2016-01-01,3418,4,1,1,2016,53,0,3994.0,0.0,3843.0,4084.0,3357.8571428571427,4014.75,1489.5965257491057,997.7747695450796,1,1,0,1,0,1,0,0,0,0,0
2016-01-02,5085,5,2,1,2016,53,1,3418.0,4137.0,5317.0,5286.0,3846.142857142857,3990.964285714286,249.27857814865104,1003.9817942182464,1,0,0,0,0,0,0,0,0,0,0
2016-01-03,4986,6,3,1,2016,53,1,5085.0,4010.0,5069.0,5352.0,3981.571428571429,3983.785714285714,531.4479771162535,995.0581355487174,1,0,0,0,0,0,0,0,0,0,0
2016-01-04,4237,0,4,1,2016,1,0,4986.0,3867.0,4451.0,4020.0,4121.0,3970.714285714286,654.039754143437,978.6884215392674,1,0,0,0,0,0,0,0,0,0,0
2016-01-05,3481,1,5,1,2016,1,0,4237.0,3884.0,4224.0,3560.0,4173.857142857143,3978.464285714286,644.9794385796221,979.951528738664,1,0,0,0,0,0,0,0,0,0,0
2016-01-06,3225,2,6,1,2016,1,0,3481.0,3613.0,4300.0,3417.0,4116.285714285715,3975.642857142857,691.4746836256883,981.313753363153,1,0,0,0,0,0,0,0,0,0,0
2016-01-07,3867,3,7,1,2016,1,0,3225.0,3994.0,3803.0,3347.0,4060.857142857143,3968.785714285714,751.4886179159,986.021499169969,1,1,0,1,0,0,1,0,0,0,0
2016-01-08,4404,4,8,1,2016,1,0,3867.0,3418.0,0.0,3733.0,4042.714285714286,3987.357142857143,754.8970601536198,978.7467880571928,1,0,0,0,0,0,0,0,0,0,0
2016-01-09,6077,5,9,1,2016,1,1,4404.0,5085.0,4137.0,5130.0,4183.571428571428,4011.321428571429,709.5293879614578,980.5013099343952,1,0,0,0,0,0,0,0,0,0,0
2016-01-10,5660,6,10,1,2016,1,1,6077.0,4986.0,4010.0,5080.0,4325.285714285715,4045.142857142857,970.6105834792426,1035.3187633762548,1,0,0,0,0,0,0,0,0,0,0
2016-01-11,4001,0,11,1,2016,2,0,5660.0,4237.0,3867.0,3989.0,4421.571428571428,4065.857142857143,1074.9055550981975,1062.2427955104013,0,0,0,0,0,0,0,0,0,0,0
2016-01-12,3377,1,12,1,2016,2,0,4001.0,3481.0,3884.0,3567.0,4387.857142857143,4066.285714285714,1085.3101597502691,1062.2130586707065,0,0,0,0,0,0,0,0,0,0,0
2016-01-13,3252,2,13,1,2016,2,0,3377.0,3225.0,3613.0,3545.0,4373.0,4059.5,1100.4003816793283,1066.120467795196,0,0,0,0,0,0,0,0,0,0,0
2016-01-14,3405,3,14,1,2016,2,0,3252.0,3867.0,3994.0,3791.0,4376.857142857143,4049.035714285714,1095.743192019533,1072.7746469420729,0,0,0,0,0,0,0,0,0,0,0
2016-01-15,4026,4,15,1,2016,2,0,3405.0,4404.0,3418.0,3843.0,4310.857142857143,4035.25,1144.405148038558,1078.6772635449793,0,0,0,0,0,0,0,0,0,0,0
2016-01-16,5745,5,16,1,2016,2,1,4026.0,6077.0,5085.0,5317.0,4256.857142857143,4041.785714285714,1148.1895065089006,1078.0234779667903,0,0,0,0,0,0,0,0,0,0,0
2016-01-17,5422,6,17,1,2016,2,1,5745.0,5660.0,4986.0,5069.0,4209.428571428572,4057.071428571429,1064.2632595905466,1099.5935251877925,0,0,0,0,0,0,0,0,0,0,0
2016-01-18,4484,0,18,1,2016,3,0,5422.0,4001.0,4237.0,4451.0,4175.428571428572,4069.678571428572,1012.7534838486748,1113.5601915767938,0,1,0,1,0,1,0,0,0,0,0
2016-01-19,3026,1,19,1,2016,3,0,4484.0,3377.0,3481.0,4224.0,4244.428571428572,4070.857142857143,1015.3391645394304,1113.996100607766,0,0,0,0,0,0,0,0,0,0,0
2016-01-20,3544,2,20,1,2016,3,0,3026.0,3252.0,3225.0,4300.0,4194.285714285715,4028.071428571429,1072.3818838277314,1130.7760995447256,0,0,0,0,0,0,0,0,0,0,0
2016-01-21,3502,3,21,1,2016,3,0,3544.0,3405.0,3867.0,3803.0,4236.0,4001.071428571429,1034.6340737993685,1133.066011890562,0,0,0,0,0,0,0,0,0,0,0
2016-01-22,3612,4,22,1,2016,3,0,3502.0,4026.0,4404.0,0.0,4249.857142857143,3990.321428571429,1022.2244418540478,1136.43767825642,0,0,0,0,0,0,0,0,0,0,0
2016-01-23,5923,5,23,1,2016,3,1,3612.0,5745.0,6077.0,4137.0,4190.714285714285,4119.321428571428,1048.9615045821497,830.5455616004309,0,0,0,0,0,0,0,0,0,0,0
2016-01-24,5247,6,24,1,2016,3,1,5923.0,5422.0,5660.0,4010.0,4216.142857142857,4183.107142857143,1094.105788390906,897.8117982808368,0,0,0,0,0,0,0,0,0,0,0
2016-01-25,3741,0,25,1,2016,4,0,5247.0,4484.0,4001.0,3867.0,4191.142857142857,4227.285714285715,1063.5322324799652,919.1589495855268,0,0,0,0,0,0,0,0,0,0,0
2016-01-26,3246,1,26,1,2016,4,0,3741.0,3026.0,3377.0,3884.0,4085.0,4222.785714285715,1066.505508659007,921.2941122518018,0,0,0,0,0,0,0,0,0,0,0
2016-01-27,3031,2,27,1,2016,4,0,3246.0,3544.0,3252.0,3613.0,4116.428571428572,4200.0,1032.8060252120406,937.7264467257407,0,0,0,0,0,0,0,0,0,0,0
2016-01-28,3173,3,28,1,2016,4,0,3031.0,3502.0,3405.0,3994.0,4043.142857142857,4179.214285714285,1096.4347417229858,957.4624780248004,0,0,0,0,0,0,0,0,0,0,0
2016-01-29,3871,4,29,1,2016,4,0,3173.0,3612.0,4026.0,3418.0,3996.142857142857,4149.892857142857,1130.0342809802205,975.7412885438983,0,0,0,0,0,0,0,0,0,0,0
2016-01-30,5498,5,30,1,2016,4,1,3871.0,5923.0,5745.0,5085.0,4033.142857142857,4166.071428571428,1119.5517597936912,966.8716996571357,0,0,0,0,0,0,0,0,0,0,0
2016-01-31,6032,6,31,1,2016,4,1,5498.0,5247.0,5422.0,4986.0,3972.428571428572,4180.821428571428,1005.7186248553616,984.4008538219,0,0,0,0,0,0,0,0,0,0,0
2016-02-01,4075,0,1,2,2016,5,0,6032.0,3741.0,4484.0,4237.0,4084.571428571429,4218.178571428572,1197.0860254722552,1034.6531017714517,1,0,0,0,0,0,0,0,0,0,0
2016-02-02,3765,1,2,2,2016,5,0,4075.0,3246.0,3026.0,3481.0,4132.285714285715,4212.392857142857,1187.7291658575116,1034.996845201334,1,0,0,0,0,0,0,0,0,0,0
2016-02-03,3983,2,3,2,2016,5,0,3765.0,3031.0,3544.0,3225.0,4206.428571428572,4222.535714285715,1138.3555181551567,1028.9376571886885,1,0,0,0,0,0,0,0,0,0,0
2016-02-04,3928,3,4,2,2016,5,0,3983.0,3173.0,3502.0,3867.0,4342.428571428572,4249.607142857143,1025.8277726049484,1011.5448888553124,1,0,0,0,0,0,0,0,0,0,0
2016-02-05,4327,4,5,2,2016,5,0,3928.0,3871.0,3612.0,4404.0,4450.285714285715,4251.785714285715,916.214260655543,1010.7557259625748,1,0,0,0,0,0,0,0,0,0,0
2016-02-06,6412,5,6,2,2016,5,1,4327.0,5498.0,5923.0,6077.0,4515.428571428572,4249.035714285715,883.7999127145794,1010.4309488435844,1,0,0,0,0,0,0,0,0,0,0
2016-02-07,4986,6,7,2,2016,5,1,6412.0,6032.0,5247.0,5660.0,4646.0,4261.0,1095.3544327446466,1034.572053234248,1,1,0,1,0,0,0,1,1,0,0
2016-02-08,3933,0,8,2,2016,6,0,4986.0,4075.0,3741.0,4001.0,4496.571428571428,4236.928571428572,934.2652830152851,1008.323909178048,1,0,0,0,0,0,0,0,0,0,0
2016-02-09,3936,1,9,2,2016,6,0,3933.0,3765.0,3246.0,3377.0,4476.285714285715,4234.5,946.4071911331736,1008.9948610521384,1,0,0,0,0,0,0,0,0,0,0
2016-02-10,3995,2,10,2,2016,6,0,3936.0,3983.0,3031.0,3252.0,4500.714285714285,4254.464285714285,926.9954538338274,996.8569674191266,1,1,0,1,0,0,1,0,0,0,0
2016-02-11,4007,3,11,2,2016,6,0,3995.0,3928.0,3173.0,3405.0,4502.428571428572,4281.0,925.8889165090476,978.9112243636698,0,0,0,0,0,0,0,0,0,0,0
2016-02-12,4111,4,12,2,2016,6,0,4007.0,4327.0,3871.0,4026.0,4513.714285714285,4302.5,918.1695040106976,965.4776403801736,0,0,0,0,0,0,0,0,0,0,0
2016-02-13,5483,5,13,2,2016,6,1,4111.0,6412.0,5498.0,5745.0,4482.857142857143,4305.535714285715,929.0553317880596,964.7093779281032,0,0,0,0,0,0,0,0,0,0,0
2016-02-14,4834,6,14,2,2016,6,1,5483.0,4986.0,6032.0,5422.0,4350.142857142857,4296.178571428572,623.734032146037,951.4092103031844,0,1,0,1,1,0,0,0,0,1,0
2016-02-15,4588,0,15,2,2016,7,0,4834.0,3933.0,4075.0,4484.0,4328.428571428572,4275.178571428572,600.1066175113908,931.9290250185104,0,1,0,1,0,1,0,0,0,0,0
2016-02-16,3650,1,16,2,2016,7,0,4588.0,3936.0,3765.0,3026.0,4422.0,4278.892857142857,578.8626780161346,932.9987630211176,0,0,0,0,0,0,0,0,0,0,0
2016-02-17,3777,2,17,2,2016,7,0,3650.0,3995.0,3983.0,3544.0,4381.142857142857,4301.178571428572,626.9761900241137,909.1102713366124,0,1,0,1,0,0,1,0,0,0,0
2016-02-18,3868,3,18,2,2016,7,0,3777.0,4007.0,3928.0,3502.0,4350.0,4309.5,654.1773459850245,902.9684584951076,0,0,0,0,0,0,0,0,0,0,0
2016-02-19,4413,4,19,2,2016,7,0,3868.0,4111.0,4327.0,3612.0,4330.142857142857,4322.571428571428,668.281734143981,893.4449942061075,0,0,0,0,0,0,0,0,0,0,0
2016-02-20,5283,5,20,2,2016,7,1,4413.0,5483.0,6412.0,5923.0,4373.285714285715,4351.178571428572,661.4901647759011,882.6084679357837,0,0,0,0,0,0,0,0,0,0,0
2016-02-21,5607,6,21,2,2016,7,1,5283.0,4834.0,4986.0,5247.0,4344.714285714285,4328.321428571428,607.7026998694196,848.0037147704861,0,0,0,0,0,0,0,0,0,0,0
2016-02-22,3905,0,22,2,2016,8,0,5607.0,4588.0,3933.0,3741.0,4455.142857142857,4341.178571428572,762.0606774991656,865.0069172736196,0,0,0,0,0,0,0,0,0,0,0
2016-02-23,3613,1,23,2,2016,8,0,3905.0,3650.0,3936.0,3246.0,4357.571428571428,4347.035714285715,785.5766156446037,861.3399329873913,0,0,0,0,0,0,0,0,0,0,0
2016-02-24,3369,2,24,2,2016,8,0,3613.0,3777.0,3995.0,3031.0,4352.285714285715,4360.142857142857,791.2350502612452,846.6315265798547,0,0,0,0,0,0,0,0,0,0,0
2016-02-25,3396,3,25,2,2016,8,0,3369.0,3868.0,4007.0,3173.0,4294.0,4372.214285714285,853.2715472423438,829.2088311844483,0,0,0,0,0,0,0,0,0,0,0
2016-02-26,4087,4,26,2,2016,8,0,3396.0,4413.0,4111.0,3871.0,4226.571428571428,4380.178571428572,909.35285728238,818.2628416605029,0,0,0,0,0,0,0,0,0,0,0
2016-02-27,5329,5,27,2,2016,8,1,4087.0,5283.0,5483.0,5498.0,4180.0,4387.892857142857,906.5574076324908,814.2932559058498,0,0,0,0,0,0,0,0,0,0,0
2016-02-28,6198,6,28,2,2016,8,1,5329.0,5607.0,4834.0,6032.0,4186.571428571428,4381.857142857143,916.0028852106824,806.3477199711293,0,0,0,0,0,0,0,0,0,0,0
2016-02-29,3797,0,29,2,2016,9,0,6198.0,3905.0,4588.0,4075.0,4271.0,4387.785714285715,1081.102677824826,819.4336055242225,0,0,0,0,0,0,0,0,0,0,0
2016-03-01,3830,1,1,3,2016,9,0,3797.0,3613.0,3650.0,3765.0,4255.571428571428,4377.857142857143,1087.9454424346357,825.0288755568733,1,0,0,0,0,0,0,0,0,0,0
2016-03-02,3754,2,2,3,2016,9,0,3830.0,3369.0,3777.0,3983.0,4286.571428571428,4380.178571428572,1069.5199635261429,823.3302768081519,1,0,0,0,0,0,0,0,0,0,0
2016-03-03,3769,3,3,3,2016,9,0,3754.0,3396.0,3868.0,3928.0,4341.571428571428,4372.0,1023.3733201432224,828.5426741954552,1,0,0,0,0,0,0,0,0,0,0
2016-03-04,4163,4,4,3,2016,9,0,3769.0,4087.0,4413.0,4327.0,4394.857142857143,4366.321428571428,974.4754877319832,832.2350564314343,1,0,0,0,0,0,0,0,0,0,0
2016-03-05,5630,5,5,3,2016,9,1,4163.0,5329.0,5283.0,6412.0,4405.714285714285,4360.464285714285,970.8906073438872,833.0986995078595,1,0,0,0,0,0,0,0,0,0,0
2016-03-06,6829,6,6,3,2016,9,1,5630.0,6198.0,5607.0,4986.0,4448.714285714285,4332.535714285715,1023.82025022067,772.694299292239,1,0,0,0,0,0,0,0,0,0,0
2016-03-07,4393,0,7,3,2016,10,0,6829.0,3797.0,3905.0,3933.0,4538.857142857143,4398.357142857143,1213.6808241284666,898.651962222496,1,0,0,0,0,0,0,0,0,0,0
2016-03-08,3930,1,8,3,2016,10,0,4393.0,3830.0,3613.0,3936.0,4624.0,4414.785714285715,1173.1939311128451,894.0223030254173,1,0,0,0,0,0,0,0,0,0,0
2016-03-09,3672,2,9,3,2016,10,0,3930.0,3754.0,3369.0,3995.0,4638.285714285715,4414.571428571428,1162.4740447691368,894.1420232110503,1,0,0,0,0,0,0,0,0,0,0
2016-03-10,3877,3,10,3,2016,10,0,3672.0,3769.0,3396.0,4007.0,4626.571428571428,4403.035714285715,1173.233545540258,901.806314186628,1,0,0,0,0,0,0,0,0,0,0
2016-03-11,4049,4,11,3,2016,10,0,3877.0,4163.0,4087.0,4111.0,4642.0,4398.392857142857,1160.7198915615595,904.252109195284,0,0,0,0,0,0,0,0,0,0,0
2016-03-12,5933,5,12,3,2016,10,1,4049.0,5630.0,5329.0,5483.0,4625.714285714285,4396.178571428572,1169.3285415550456,905.0574793930406,0,0,0,0,0,0,0,0,0,0,0
2016-03-13,5446,6,13,3,2016,10,1,5933.0,6829.0,6198.0,4834.0,4669.0,4412.25,1217.3239776931523,928.756461519815,0,0,0,0,0,0,0,0,0,0,0
2016-03-14,4190,0,14,3,2016,11,0,5446.0,4393.0,3797.0,4588.0,4471.428571428572,4434.107142857143,871.4120451204261,946.0890389264172,0,0,0,0,0,0,0,0,0,0,0
2016-03-15,3457,1,15,3,2016,11,0,4190.0,3930.0,3830.0,3650.0,4442.428571428572,4419.892857142857,877.8114560547518,946.6809208350028,0,0,0,0,0,0,0,0,0,0,0
2016-03-16,3587,2,16,3,2016,11,0,3457.0,3672.0,3754.0,3777.0,4374.857142857143,4413.0,939.8442120144985,953.1745399997296,0,0,0,0,0,0,0,0,0,0,0
2016-03-17,3329,3,17,3,2016,11,0,3587.0,3877.0,3769.0,3868.0,4362.714285714285,4406.214285714285,950.922484447908,958.5312204248193,0,1,0,1,1,0,0,0,0,0,0
2016-03-18,4285,4,18,3,2016,11,0,3329.0,4049.0,4163.0,4413.0,4284.428571428572,4386.964285714285,1017.7808960581656,975.0110533900616,0,0,0,0,0,0,0,0,0,0,0
2016-03-19,5659,5,19,3,2016,11,1,4285.0,5933.0,5630.0,5283.0,4318.142857142857,4382.392857142857,1012.5779687792703,975.1845158466592,0,0,0,0,0,0,0,0,0,0,0
2016-03-20,6197,6,20,3,2016,11,1,5659.0,5446.0,6829.0,5607.0,4279.0,4395.821428571428,942.6287710440467,990.513785630368,0,0,0,0,0,0,0,0,0,0,0
2016-03-21,4242,0,21,3,2016,12,0,6197.0,4190.0,4393.0,3905.0,4386.285714285715,4416.892857142857,1123.058133592639,1022.9773662202572,0,0,0,0,0,0,0,0,0,0,0
2016-03-22,3776,1,22,3,2016,12,0,4242.0,3457.0,3930.0,3613.0,4393.714285714285,4428.928571428572,1121.7145677170204,1018.705239546434,0,0,0,0,0,0,0,0,0,0,0
2016-03-23,3770,2,23,3,2016,12,0,3776.0,3587.0,3672.0,3369.0,4439.285714285715,4434.75,1083.1329118635051,1014.3262177060782,0,0,0,0,0,0,0,0,0,0,0
2016-03-24,3970,3,24,3,2016,12,0,3770.0,3329.0,3877.0,3396.0,4465.428571428572,4449.071428571428,1061.1180985392862,1001.4708415929236,0,1,0,1,0,0,1,0,0,0,0
2016-03-25,4904,4,25,3,2016,12,0,3970.0,4285.0,4049.0,4087.0,4557.0,4469.571428571428,970.4905975845472,984.8531918635392,0,0,0,0,0,0,0,0,0,0,0
2016-03-26,6139,5,26,3,2016,12,1,4904.0,5659.0,5933.0,5329.0,4645.428571428572,4498.75,969.7765820268248,985.2015257277508,0,0,0,0,0,0,0,0,0,0,0
2016-03-27,4669,6,27,3,2016,12,1,6139.0,6197.0,5446.0,6198.0,4714.0,4527.678571428572,1065.6229789814715,1021.6991676386108,0,1,0,1,1,0,0,0,0,0,0
2016-03-28,3905,0,28,3,2016,13,0,4669.0,4242.0,4190.0,3797.0,4495.714285714285,4473.071428571428,844.8381924537873,968.5990619741146,0,0,0,0,0,0,0,0,0,0,0
2016-03-29,3788,1,29,3,2016,13,0,3905.0,3776.0,3457.0,3830.0,4447.571428571428,4476.928571428572,870.9054401680453,966.0187073018488,0,0,0,0,0,0,0,0,0,0,0
2016-03-30,3339,2,30,3,2016,13,0,3788.0,3770.0,3587.0,3754.0,4449.285714285715,4475.428571428572,869.3736661692615,967.0924513839416,0,0,0,0,0,0,0,0,0,0,0
2016-03-31,4076,3,31,3,2016,13,0,3339.0,3970.0,3329.0,3769.0,4387.714285714285,4460.607142857143,938.050409854706,981.629232988807,0,0,0,0,0,0,0,0,0,0,0
2016-04-01,4983,4,1,4,2016,13,0,4076.0,4904.0,4285.0,4163.0,4402.857142857143,4471.571428571428,931.012607965374,975.3124258627696,1,0,0,0,0,0,0,0,0,0,0
2016-04-02,5877,5,2,4,2016,13,1,4983.0,6139.0,5659.0,5630.0,4414.142857142857,4500.857142857143,938.548245709202,978.0111229499124,1,0,0,0,0,0,0,0,0,0,0
2016-04-03,6496,6,3,4,2016,13,1,5877.0,4669.0,6197.0,6829.0,4376.714285714285,4509.678571428572,860.2566892669781,989.6179978890962,1,0,0,0,0,0,0,0,0,0,0
2016-04-04,4812,0,4,4,2016,14,0,6496.0,3905.0,4242.0,4393.0,4637.714285714285,4497.785714285715,1181.0548553850424,962.3378692554744,1,0,0,0,0,0,0,0,0,0,0
2016-04-05,4063,1,5,4,2016,14,0,4812.0,3788.0,3776.0,3930.0,4767.285714285715,4512.75,1136.1724801991627,963.904545181842,1,0,0,0,0,0,0,0,0,0,0
2016-04-06,3964,2,6,4,2016,14,0,4063.0,3339.0,3770.0,3672.0,4806.571428571428,4517.5,1100.874025058104,961.2505165437088,1,0,0,0,0,0,0,0,0,0,0
2016-04-07,3655,3,7,4,2016,14,0,3964.0,4076.0,3970.0,3877.0,4895.857142857143,4527.928571428572,980.8073933536366,953.2889627814,1,0,0,0,0,0,0,0,0,0,0
2016-04-08,4719,4,8,4,2016,14,0,3655.0,4983.0,4904.0,4049.0,4835.714285714285,4520.0,1049.9316984588015,959.8042238645022,1,0,0,0,0,0,0,0,0,0,0
2016-04-09,6112,5,9,4,2016,14,1,4719.0,5877.0,6139.0,5933.0,4798.0,4543.928571428572,1048.4998807820684,955.9710955095484,1,0,0,0,0,0,0,0,0,0,0
2016-04-10,5969,6,10,4,2016,14,1,6112.0,6496.0,4669.0,5446.0,4831.571428571428,4550.321428571428,1091.6789603088284,966.1485988601112,1,0,0,0,0,0,0,0,0,0,0
2016-04-11,4484,0,11,4,2016,15,0,5969.0,4812.0,3905.0,4190.0,4756.285714285715,4569.0,969.0479372878912,988.893957540064,0,0,0,0,0,0,0,0,0,0,0
2016-04-12,3579,1,12,4,2016,15,0,4484.0,4063.0,3788.0,3457.0,4709.428571428572,4579.5,973.8231970165994,986.2780954079188,0,0,0,0,0,0,0,0,0,0,0
2016-04-13,3478,2,13,4,2016,15,0,3579.0,3964.0,3339.0,3587.0,4640.285714285715,4583.857142857143,1042.1550931100653,981.3928769030113,0,0,0,0,0,0,0,0,0,0,0
2016-04-14,3637,3,14,4,2016,15,0,3478.0,3655.0,4076.0,3329.0,4570.857142857143,4579.964285714285,1108.7776195088986,985.7002580283922,0,0,0,0,0,0,0,0,0,0,0
2016-04-15,3982,4,15,4,2016,15,0,3637.0,4719.0,4983.0,4285.0,4568.285714285715,4590.964285714285,1111.273700802484,972.8578930957594,0,0,0,0,0,0,0,0,0,0,0
2016-04-16,5437,5,16,4,2016,15,1,3982.0,6112.0,5877.0,5659.0,4463.0,4580.142857142857,1129.3800659358849,978.0585725960186,0,0,0,0,0,0,0,0,0,0,0
2016-04-17,5954,6,17,4,2016,15,1,5437.0,5969.0,6496.0,6197.0,4366.571428571428,4572.214285714285,984.6642163944152,969.8543746029596,0,0,0,0,0,0,0,0,0,0,0
2016-04-18,4345,0,18,4,2016,16,0,5954.0,4484.0,4812.0,4242.0,4364.428571428572,4563.535714285715,980.6037013226228,955.7616114578458,0,0,0,0,0,0,0,0,0,0,0
2016-04-19,3793,1,19,4,2016,16,0,4345.0,3579.0,4063.0,3776.0,4344.571428571428,4567.214285714285,979.1851811826136,954.6758362821082,0,0,0,0,0,0,0,0,0,0,0
2016-04-20,3722,2,20,4,2016,16,0,3793.0,3478.0,3964.0,3770.0,4375.142857142857,4567.821428571428,954.3244431833187,954.1592791008062,0,0,0,0,0,0,0,0,0,0,0
2016-04-21,3709,3,21,4,2016,16,0,3722.0,3637.0,3655.0,3970.0,4410.0,4566.107142857143,919.9307944985186,955.6876655169063,0,0,0,0,0,0,0,0,0,0,0
2016-04-22,4387,4,22,4,2016,16,0,3709.0,3982.0,4719.0,4904.0,4420.285714285715,4556.785714285715,910.1984608288716,962.9623798329484,0,0,0,0,0,0,0,0,0,0,0
2016-04-23,5577,5,23,4,2016,16,1,4387.0,5437.0,6112.0,6139.0,4478.142857142857,4538.321428571428,890.3509473931159,961.0127780231644,0,0,0,0,0,0,0,0,0,0,0
2016-04-24,6113,6,24,4,2016,16,1,5577.0,5954.0,5969.0,4669.0,4498.142857142857,4518.25,916.6632294307904,931.7671631348076,0,0,0,0,0,0,0,0,0,0,0
2016-04-25,4472,0,25,4,2016,17,0,6113.0,4345.0,4484.0,3905.0,4520.857142857143,4569.821428571428,959.7101000773548,979.1750894605602,0,0,0,0,0,0,0,0,0,0,0
2016-04-26,3703,1,26,4,2016,17,0,4472.0,3793.0,3579.0,3788.0,4539.0,4590.071428571428,957.0282127502878,970.7435839706054,0,0,0,0,0,0,0,0,0,0,0
2016-04-27,3715,2,27,4,2016,17,0,3703.0,3722.0,3478.0,3339.0,4526.142857142857,4587.035714285715,969.2472042039394,973.473790555997,0,0,0,0,0,0,0,0,0,0,0
2016-04-28,3618,3,28,4,2016,17,0,3715.0,3709.0,3637.0,4076.0,4525.142857142857,4600.464285714285,970.2182621402704,958.09198824356,0,0,0,0,0,0,0,0,0,0,0
2016-04-29,4573,4,29,4,2016,17,0,3618.0,4387.0,3982.0,4983.0,4512.142857142857,4584.107142857143,983.4952005596264,971.197593630156,0,0,0,0,0,0,0,0,0,0,0
2016-04-30,5898,5,30,4,2016,17,1,4573.0,5577.0,5437.0,5877.0,4538.714285714285,4569.464285714285,982.0622373837864,968.0463901549624,0,1,0,1,0,0,1,0,0,0,0
2016-05-01,6397,6,1,5,2016,17,1,5898.0,6113.0,5954.0,6496.0,4584.571428571428,4570.214285714285,1044.1565746481526,969.1044876258176,1,1,0,1,0,0,1,0,0,0,0
2016-05-02,4794,0,2,5,2016,18,0,6397.0,4472.0,4345.0,4812.0,4625.142857142857,4566.678571428572,1116.4571089793317,961.972512642308,1,0,0,0,0,0,0,0,0,0,0
2016-05-03,4594,1,3,5,2016,18,0,4794.0,3703.0,3793.0,4063.0,4671.142857142857,4566.035714285715,1115.7289737463816,961.8085003106552,1,0,0,0,0,0,0,0,0,0,0
2016-05-04,4234,2,4,5,2016,18,0,4594.0,3715.0,3722.0,3964.0,4798.428571428572,4585.0,1034.7580807678178,956.7442477253496,1,0,0,0,0,0,0,0,0,0,0
2016-05-05,3918,3,5,5,2016,18,0,4234.0,3618.0,3709.0,3655.0,4872.571428571428,4594.642857142857,960.0892071647812,951.6002979109016,1,1,0,1,1,0,0,0,0,0,0
2016-05-06,4804,4,6,5,2016,18,0,3918.0,4573.0,4387.0,4719.0,4915.428571428572,4604.035714285715,899.5394853558672,943.2432419540852,1,0,0,0,0,0,0,0,0,0,0
2016-05-07,6069,5,7,5,2016,18,1,4804.0,5898.0,5577.0,6112.0,4948.428571428572,4607.071428571428,889.05977623234,943.7635818427664,1,0,0,0,0,0,0,0,0,0,0
2016-05-08,5212,6,8,5,2016,18,1,6069.0,6397.0,6113.0,5969.0,4972.857142857143,4605.535714285715,921.2655115964972,941.2556814896244,1,1,0,1,1,0,0,0,0,0,0
2016-05-09,4859,0,9,5,2016,19,0,5212.0,4794.0,4472.0,4484.0,4803.571428571428,4578.5,697.7085965604106,911.0287022351636,1,0,0,0,0,0,0,0,0,0,0
2016-05-10,4104,1,10,5,2016,19,0,4859.0,4594.0,3703.0,3579.0,4812.857142857143,4591.892857142857,697.9924614137951,912.3434757397334,1,0,0,0,0,0,0,0,0,0,0
2016-05-11,3982,2,11,5,2016,19,0,4104.0,4234.0,3715.0,3478.0,4742.857142857143,4610.642857142857,746.4851926576672,896.0045144680242,0,0,0,0,0,0,0,0,0,0,0
2016-05-12,4049,3,12,5,2016,19,0,3982.0,3918.0,3618.0,3637.0,4706.857142857143,4628.642857142857,780.4204910541205,877.2746186991541,0,0,0,0,0,0,0,0,0,0,0
2016-05-13,4951,4,13,5,2016,19,0,4049.0,4804.0,4573.0,3982.0,4725.571428571428,4643.357142857143,759.645280628376,863.371050839997,0,0,0,0,0,0,0,0,0,0,0
2016-05-14,6245,5,14,5,2016,19,1,4951.0,6069.0,5898.0,5437.0,4746.571428571428,4677.964285714285,764.193007283477,855.2620340137786,0,0,0,0,0,0,0,0,0,0,0
2016-05-15,6707,6,15,5,2016,19,1,6245.0,5212.0,6397.0,5954.0,4771.714285714285,4706.821428571428,816.0873552681621,894.5498372788684,0,0,0,0,0,0,0,0,0,0,0
2016-05-16,4568,0,16,5,2016,20,0,6707.0,4859.0,4794.0,4345.0,4985.285714285715,4733.714285714285,1097.5868552246418,943.416441456566,0,0,0,0,0,0,0,0,0,0,0
2016-05-17,3949,1,17,5,2016,20,0,4568.0,4104.0,4594.0,3793.0,4943.714285714285,4741.678571428572,1108.6225258228872,940.951451243831,0,0,0,0,0,0,0,0,0,0,0
2016-05-18,3995,2,18,5,2016,20,0,3949.0,3982.0,4234.0,3722.0,4921.571428571428,4747.25,1129.5402984020973,935.57269547508,0,0,0,0,0,0,0,0,0,0,0
2016-05-19,4136,3,19,5,2016,20,0,3995.0,4049.0,3918.0,3709.0,4923.428571428572,4757.0,1127.7472910102535,925.8645609294986,0,0,0,0,0,0,0,0,0,0,0
2016-05-20,4433,4,20,5,2016,20,0,4136.0,4951.0,4804.0,4387.0,4935.857142857143,4772.25,1116.9318732688323,911.3666020506352,0,0,0,0,0,0,0,0,0,0,0
2016-05-21,5764,5,21,5,2016,20,1,4433.0,6245.0,6069.0,5577.0,4861.857142857143,4773.892857142857,1132.8080785628058,910.6876254008224,0,0,0,0,0,0,0,0,0,0,0
2016-05-22,6289,6,22,5,2016,20,1,5764.0,6707.0,5212.0,6113.0,4793.142857142857,4780.571428571428,1046.2035220375728,917.455919965288,0,0,0,0,0,0,0,0,0,0,0
